500,8.88295300905994e-6
502,8.916320566171878e-6
504,8.949880463975904e-6
506,8.983634194698247e-6
508,9.017583265099408e-6
510,9.051729196644466e-6
512,9.086073525675702e-6
514,9.120617803587593e-6
516,9.155363597004245e-6
518,9.19031248795921e-6
520,9.225466074077841e-6
522,9.260825968762142e-6
524,9.296393801378177e-6
526,9.332171217446096e-6
528,9.368159878832798e-6
530,9.40436146394727e-6
532,9.44077766793866e-6
534,9.477410202897146e-6
536,9.514260798057575e-6
538,9.551331200006001e-6
540,9.58862317288912e-6
542,9.626138498626656e-6
544,9.663878977126746e-6
546,9.701846426504389e-6
548,9.740042683302986e-6
550,9.77846960271903e-6
552,9.81712905883e-6
554,9.856022944825515e-6
556,9.895153173241788e-6
558,9.934521676199428e-6
560,9.974130405644707e-6
562,0.000010013981333594232
564,0.000010054076452383216
566,0.000010094417774917268
568,0.000010135007334927901
570,0.00001017584718723169
572,0.000010216939407993237
574,0.000010258286094991946
576,0.00001029988936789272
578,0.000010341751368520589
580,0.000010383874261139385
582,0.000010426260232734512
584,0.000010468911493299885
586,0.000010511830276129084
588,0.000010555018838110823
590,0.000010598479460028835
592,0.000010642214446866142
594,0.000010686226128113908
596,0.000010730516858084881
598,0.000010775089016231526
600,0.000010819945007468899
602,0.000010865087262502408
604,0.000010910518238160487
606,0.000010956240417732255
608,0.000011002256311310335
610,0.000011048568456138808
612,0.000011095179416966493
614,0.000011142091786405563
616,0.000011189308185295648
618,0.000011236831263073482
620,0.000011284663698148229
622,0.000011332808198282544
624,0.000011381267500979514
626,0.000011430044373875538
628,0.000011479141615139279
630,0.00001152856205387682
632,0.000011578308550543043
634,0.00001162838399735946
636,0.000011678791318738525
638,0.000011729533471714561
640,0.000011780613446381467
642,0.00001183203426633724
644,0.000011883798989135515
646,0.000011935910706744216
648,0.00001198837254601144
650,0.0000120411876691387
652,0.000012094359274161709
654,0.000012147890595438763
656,0.000012201784904146939
658,0.00001225604550878619
660,0.000012310675755691507
662,0.000012365679029553337
664,0.000012421058753946299
666,0.00001247681839186648
668,0.000012532961446277364
670,0.00001258949146066463
672,0.000012646412019599937
674,0.00001270372674931386
676,0.000012761439318278193
678,0.00001281955343779776
680,0.000012878072862611894
682,0.00001293700139150581
684,0.000012996342867932024
686,0.000013056101180642034
688,0.000013116280264328429
690,0.00001317688410027762
692,0.00001323791671703346
694,0.000013299382191071853
696,0.000013361284647486666
698,0.000013423628260687064
700,0.000013486417255106603
702,0.000013549655905924162
704,0.000013613348539797074
706,0.000013677499535606627
708,0.00001374211332521615
710,0.000013807194394242006
712,0.000013872747282837674
714,0.000013938776586491204
716,0.00001400528695683627
718,0.000014072283102477205
720,0.00001413976978982808
722,0.000014207751843966348
724,0.000014276234149501127
726,0.000014345221651456565
728,0.0000144147193561705
730,0.000014484732332208734
732,0.00001455526571129527
734,0.000014626324689258776
736,0.000014697914526995643
738,0.000014770040551449928
740,0.000014842708156610583
742,0.00001491592280452627
744,0.000014989690026338085
746,0.000015064015423330678
748,0.000015138904668001991
750,0.000015214363505152103
752,0.000015290397752991518
754,0.000015367013304269325
756,0.00001544421612742159
758,0.000015522012267740465
760,0.00001560040784856437
762,0.000015679409072489753
764,0.0000157590222226048
766,0.000015839253663745623
768,0.000015920109843775335
770,0.000016001597294886536
772,0.000016083722634927684
774,0.000016166492568753805
776,0.000016249913889602174
778,0.000016333993480493345
780,0.000016418738315658174
782,0.000016504155461991357
784,0.00001659025208053202
786,0.000016677035427971984
788,0.00001676451285819223
790,0.000016852691823828277
792,0.000016941579877864946
794,0.000017031184675261313
796,0.000017121513974606342
798,0.000017212575639805964
800,0.00001730437764180228
802,0.00001739692806032552
804,0.000017490235085679554
806,0.00001758430702056165
808,0.0000176791522819172
810,0.000017774779402830297
812,0.000017871197034450762
814,0.000017968413947958672
816,0.000018066439036567002
818,0.000018165281317563336
820,0.000018264949934391547
822,0.000018365454158774242
824,0.000018466803392876984
826,0.000018569007171515156
828,0.00001867207516440452
830,0.000018776017178456307
832,0.000018880843160118065
834,0.000018986563197761083
836,0.00001909318752411562
838,0.00001920072651875499
840,0.000019309190710629496
842,0.00001941859078065163
844,0.000019528937564333424
846,0.000019640242054477412
848,0.00001975251540392224
850,0.000019865768928344368
852,0.000019980014109117068
854,0.000020095262596228074
856,0.00002021152621125732
858,0.000020328816950416122
860,0.000020447146987649275
862,0.000020566528677801528
864,0.00002068697455985006
866,0.000020808497360204438
868,0.00002093110999607563
870,0.00002105482557891594
872,0.000021179657417931293
874,0.000021305619023667822
876,0.000021432724111674485
878,0.000021560986606243504
880,0.000021690420644230657
882,0.00002182104057895718
884,0.000021952860984195508
886,0.000022085896658240668
888,0.000022220162628069683
890,0.00002235567415359091
892,0.00002249244673198579
894,0.00002263049610214508
896,0.00002276983824920214
898,0.00002291048940916545
900,0.000023052466073653157
902,0.000023195784994731938
904,0.00002334046318986295
906,0.00002348651794695759
908,0.000023633966829545808
910,0.000023782827682059863
912,0.000023933118635236447
914,0.00002408485811164028
916,0.000024238064831312208
918,0.00002439275781754513
920,0.000024548956402790917
922,0.000024706680234701934
924,0.000024865949282310412
926,0.000025026783842349535
928,0.000025189204545719757
930,0.000025353232364104303
932,0.000025518888616737724
934,0.000025686194977331583
936,0.00002585517348116145
938,0.000026025846532319475
940,0.000026198236911137066
942,0.000026372367781782077
944,0.000026548262700035384
946,0.00002672594562125153
948,0.000026905440908508563
950,0.000027086773340952153
952,0.000027269968122339273
954,0.000027455050889786936
956,0.000027642047722731647
958,0.000027830985152105305
960,0.00002802189016973365
962,0.00002821479023796328
964,0.00002840971329952381
966,0.00002860668778763153
968,0.000028805742636341493
970,0.00002900690729115497
972,0.000029210211719889416
974,0.000029415686423818558
976,0.000029623362449090097
978,0.000029833271398429057
980,0.00003004544544313493
982,0.000030259917335381108
984,0.000030476720420825196
986,0.00003069588865153939
988,0.00003091745659927001
990,0.00003114145946903597
992,0.000031367933113075976
994,0.00003159691404515476
996,0.00003182843945523887
998,0.000032062547224553024
1000,0.00003229927594102826
1002,0.000032538664915153575
1004,0.00003278075419624313
1006,0.000033025584589131426
1008,0.00003327319767130955
1010,0.00003352363581051546
1012,0.00003377694218279248
1014,0.000034033160791030024
1016,0.000034292336484001316
1018,0.00003455451497591349
1020,0.0000348197428664857
1022,0.00003508806766157162
1024,0.00003535953779434337
1026,0.00003563420264705404
1028,0.00003591211257339722
1030,0.00003619331892148224
1032,0.00003647787405744423
1034,0.00003676583138970956
1036,0.00003705724539393704
1038,0.000037352171638656715
1040,0.00003765066681162843
1042,0.00003795278874694342
1044,0.00003825859645289278
1046,0.00003856815014062772
1048,0.00003888151125363739
1050,0.000039198742498070866
1052,0.00003951990787393113
1054,0.00003984507270716951
1056,0.00004017430368271066
1058,0.00004050766887843858
1060,0.000040845237800176095
1062,0.000041187081417690675
1064,0.00004153327220176126
1066,0.00004188388416234187
1068,0.000042238992887859174
1070,0.000042598675585682335
1072,0.00004296301112380555
1074,0.00004333208007378459
1076,0.00004370596475497059
1078,0.00004408474928008607
1080,0.0000444685196021896
1082,0.00004485736356307768
1084,0.000045251370943174205
1086,0.000045650633512959666
1088,0.00004605524508599468
1090,0.00004646530157359427
1092,0.000046880901041211856
1094,0.0000473021437665939
1096,0.000047729132299769206
1098,0.00004816197152493879
1100,0.0000486007687243354
1102,0.00004904563364412441
1104,0.000049496678562420664
1106,0.000049954018359499295
1108,0.00005041777059028107
1110,0.000050888055559177096
1112,0.00005136499639738026
1114,0.00005184871914269547
1116,0.000052339352822003575
1118,0.00005283702953645888
1120,0.000053341884549523664
1122,0.00005385405637794785
1124,0.000054373686885806645
1126,0.00005490092138171371
1128,0.000055435908719332584
1130,0.00005597880140131441
1132,0.00005652975568679557
1134,0.000057088931702594754
1136,0.00005765649355825518
1138,0.00005823260946508402
1140,0.00005881745185934804
1142,0.000059411197529791376
1144,0.00006001402774964887
1146,0.000060626128413336624
1148,0.00006124769017800888
1150,0.00006187890861017982
1152,0.0000625199843376174
1154,0.00006317112320672613
1156,0.00006383253644564566
1158,0.00006450444083330266
1160,0.00006518705887466476
1162,0.00006588061898245631
1164,0.00006658535566560915
1166,0.0000673015097247333
1168,0.00006802932845490704
1170,0.00006876906585609969
1172,0.00006952098285155578
1174,0.00007028534751448494
1176,0.0000710624353034189
1178,0.00007185252930661437
1180,0.00007265592049589976
1182,0.00007347290799038255
1184,0.00007430379933045577
1186,0.00007514891076256296
1188,0.00007600856753520532
1190,0.00007688310420669781
1192,0.00007777286496520767
1194,0.00007867820396163595
1196,0.00007959948565593082
1198,0.00008053708517745263
1200,0.00008149138870004213
1202,0.00008246279383247775
1204,0.00008345171002504392
1206,0.00008445855899296934
1208,0.00008548377515753654
1210,0.00008652780610570418
1212,0.00008759111306913111
1214,0.00008867417142353727
1216,0.00008977747120938854
1218,0.0000909015176749455
1220,0.00009204683184277399
1222,0.00009321395110087505
1224,0.00009440342981965713
1226,0.00009561583999604016
1228,0.00009685177192605538
1230,0.00009811183490737985
1232,0.0000993966579733279
1234,0.00010070689065990756
1236,0.00010204320380764345
1238,0.00010340629039996443
1240,0.00010479686644006082
1242,0.00010621567186822551
1244,0.00010766347152181319
1246,0.00010914105614007729
1248,0.00011064924341627951
1250,0.0001121888790996095
1252,0.00011376083814960619
1254,0.00011536602594593425
1256,0.0001170053795565446
1258,0.00011867986906743254
1260,0.00012039049897740673
1262,0.00012213830966149346
1264,0.00012392437890682795
1266,0.00012574982352512652
1268,0.0001276158010460932
1270,0.00012952351149639067
1272,0.0001314741992691042
1274,0.00013346915508894328
1276,0.00013550971807876894
1278,0.00013759727793339642
1280,0.00013973327720701877
1282,0.000141919213721013
1284,0.00014415664309934433
1286,0.00014644718143926605
1288,0.0001487925081255333
1290,0.00015119436879690713
1292,0.00015365457847432666
1294,0.00015617502486077095
1296,0.00015875767182352908
1298,0.0001614045630703433
1300,0.0001641178260316962
1302,0.00016689967596237942
1304,0.00016975242027641866
1306,0.00017267846313043483
1308,0.00017568031027161217
1310,0.00017876057416761588
1312,0.00018192197943707106
1314,0.0001851673686005825
1316,0.00018849970817375657
1318,0.00019192209512528482
1320,0.00019543776372488232
1322,0.00019905009280774352
1324,0.00020276261348421034
1326,0.00020657901732554156
1328,0.00021050316505905495
1330,0.0002145390958084928
1332,0.0002186910369182645
1334,0.0002229634144032533
1336,0.00022736086406917734
1338,0.00023188824335207262
1340,0.00023655064392935927
1342,0.000241353405159183
1344,0.00024630212840932213
1346,0.0002514026923419544
1348,0.00025666126922602417
1350,0.0002620843423548763
1352,0.00026767872465328137
1354,0.0002734515785650038
1356,0.00027941043731973425
1358,0.00028556322768655273
1360,0.0002919182943302015
1362,0.0002984844258963725
1364,0.0003052708829630492
1366,0.0003122874280067564
1368,0.00031954435754546275
1370,0.0003270525366339471
1372,0.00033482343590278207
1374,0.00034286917134883105
1376,0.0003512025471034143
1378,0.000359837101424214
1380,0.000368787156178698
1382,0.0003780678701104974
1384,0.0003876952962059362
1386,0.0003976864435059501
1388,0.00040805934373911124
1390,0.0004188331231845903
1392,0.0004300280802097859
1394,0.0004416657689662495
1396,0.0004537690897695424
1398,0.00046636238673398203
1400,0.0004794715532819343
1402,0.0004931241461995073
1404,0.0005073495089661697
1406,0.0005221789051449272
1408,0.0005376456626820227
1410,0.0005537853300303601
1412,0.0005706358450784439
1414,0.0005882377179357517
1416,0.0006066342286949771
1418,0.0006258716413598513
1420,0.0006459994351921082
1422,0.0006670705547896286
1424,0.0006891416802559813
1426,0.0007122735188543626
1428,0.0007365311195496218
1430,0.0007619842118220081
1432,0.0007887075700743651
1434,0.0008167814048364523
1436,0.0008462917817776992
1438,0.000877331069249853
1440,0.000909998414664356
1442,0.0009444002494288991
1444,0.0009806508213768864
1446,0.0010188727525642176
1448,0.0010591976189070148
1450,0.001101766546301186
1452,0.0011467308154880541
1454,0.001194252464871907
1456,0.0012445048765868767
1458,0.0012976733261478605
1460,0.0013539554697580426
1462,0.0014135617354930712
1464,0.001476715574799225
1466,0.001543653518641026
1468,0.0016146249677797975
1470,0.0016898916285959216
1472,0.0017697264841196071
1474,0.0018544121640914622
1476,0.001944238547647546
1478,0.0020394993975813326
1480,0.0021404877864871293
1482,0.002247490033558562
1484,0.0023607778286111316
1486,0.002480598180813901
1488,0.0026071607996630106
1490,0.0027406225038862603
1492,0.002881068272982003
1494,0.0030284886232023692
1496,0.003182753127066201
1498,0.003343580129389383
1500,0.003510503072252755
1502,0.003682834353340057
1504,0.00385962832422812
1506,0.004039645883814589
1508,0.004221324096366936
1510,0.004402755267667624
1512,0.004581680779218404
1514,0.004755505465533415
1516,0.004921338118907784
1518,0.005076062505184509
1520,0.005216440838323724
1522,0.005339247957729493
1524,0.005441429769846668
1526,0.005520274533811657
1528,0.005573581309124452
1530,0.005599807495626705
1532,0.005598177835219994
1534,0.005568740896040654
1536,0.005512365500741828
1538,0.005430677581291853
1540,0.0053259458608900965
1542,0.00520093092803275
1544,0.005058715549479194
1546,0.004902534144432165
1548,0.00473561667942575
1550,0.004561057838025465
1552,0.004381717325396192
1554,0.004200152572120664
1556,0.004018581537994812
1558,0.0038388710316743105
1560,0.003662544892548206
1562,0.0034908062772697613
1564,0.003324568837782672
1566,0.0031644924713559565
1568,0.003011020330809625
1570,0.0028644147464666737
1572,0.0027247905417735765
1574,0.0025921448864796946
1576,0.002466383324295727
1578,0.0023473419552502615
1580,0.002234805974118636
1582,0.002128524894095042
1584,0.00202822484532821
1586,0.0019336183525569637
1588,0.0018444119815476236
1590,0.001760312212618682
1592,0.001681029859829151
1594,0.0016062833121210341
1596,0.0015358008314228654
1598,0.001469322104499592
1600,0.0014065992111965584
1602,0.0013473971420182639
1604,0.001291493972635194
1606,0.0012386807816164537
1608,0.0011887613800165696
1610,0.0011415519069355353
1612,0.0010968803333614755
1614,0.0010545859070669754
1616,0.00101451856367977
1618,0.0009765383229520614
1620,0.0009405146844248723
1622,0.000906326032884382
1624,0.0008738590610364344
1626,0.0008430082145187653
1628,0.0008136751625935091
1630,0.0007857682965058967
1632,0.0007592022564705292
1634,0.0007338974874831969
1636,0.0007097798235971388
1638,0.0006867800999025438
1640,0.0006648337911710114
1642,0.0006438806759440721
1644,0.0006238645247342355
1646,0.0006047328109506631
1648,0.0005864364431456346
1650,0.0005689295171916345
1652,0.0005521690870337811
1654,0.00053611495271194
1656,0.0005207294644062643
1658,0.0005059773413252875
1660,0.000491825504324222
1662,0.00047824292121065385
1664,0.0004652004637638297
1666,0.0004526707755610841
1668,0.00044062814976986815
1670,0.00042904841612582446
1672,0.00041790883637604913
1674,0.0004071880075219681
1676,0.000396865772248024
1678,0.000386923135970686
1680,0.00037734218998720676
1682,0.00036810604024520635
1684,0.0003591987412926836
1686,0.0003506052350036349
1688,0.0003423112937072489
1690,0.0003343034673788382
1692,0.0003265690345784268
1694,0.00031909595684842686
1696,0.0003118728363052543
1698,0.0003048888761812282
1700,0.0002981338440928114
1702,0.0002915980378293252
1704,0.00028527225347284605
1706,0.0002791477556751776
1708,0.0002732162499317165
1710,0.0002674698567047911
1712,0.00026190108726074614
1714,0.00025650282109577203
1716,0.0002512682848353047
1718,0.00024619103250083957
1720,0.00024126492704627033
1722,0.00023648412307344938
1724,0.0002318430506436299
1726,0.00022733640010784005
1728,0.00022295910788510857
1730,0.0002187063431228544
1732,0.00021457349517870408
1734,0.00021055616186756079
1736,0.00020665013842193264
1738,0.00020285140711738493
1740,0.0001991561275185285
1742,0.00019556062730422116
1744,0.00019206139363366962
1746,0.00018865506501789211
1748,0.00018533842366355861
1750,0.00018210838825858438
1752,0.0001789620071710288
1754,0.00017589645203486143
1756,0.00017290901169801198
1758,0.0001699970865098382
1760,0.00016715818292672887
1762,0.0001643899084160274
1764,0.00016168996663981777
1766,0.0001590561529013714
1768,0.0001564863498382161
1770,0.00015397852334686832
1772,0.00015153071872526646
1774,0.00014914105701987346
1776,0.00014680773156527376
1778,0.00014452900470488995
1780,0.00014230320468218557
1782,0.00014012872269240838
1784,0.00013800401008557024
1786,0.00013592757571195347
1788,0.00013389798340198886
1790,0.0001319138495728649
1792,0.00012997384095470873
1794,0.0001280766724296251
1796,0.0001262211049772986
1798,0.00012440594372124916
1800,0.00012263003607019784
1802,0.00012089226994933294
1804,0.00011919157211658661
1806,0.00011752690655932308
1808,0.00011589727296711726
1810,0.00011430170527655884
1812,0.00011273927028425714
1814,0.0001112090663244479
1816,0.000109710222007813
1818,0.00010824189501832093
1820,0.00010680327096508105
1822,0.00010539356228637726
1824,0.00010401200720320767
1826,0.00010265786871981055
1828,0.0001013304336687975
1830,0.00010002901179864897
1832,0.0000987529349014535
1834,0.00009750155597888758
1836,0.00009627424844454613
1838,0.00009507040536083558
1840,0.0000938894387087395
1842,0.00009273077868885946
1844,0.00009159387305221847
1846,0.00009047818645939709
1848,0.00008938319986664746
1850,0.00008830840993770349
1852,0.00008725332848007182
1854,0.00008621748190465391
1856,0.00008520041070760757
1858,0.00008420166897341445
1860,0.00008322082389817335
1862,0.00008225745533218821
1864,0.00008131115534096933
1866,0.00008038152778380965
1868,0.00007946818790914062
1870,0.0000785707619659132
1872,0.00007768888683028566
1874,0.00007682220964693724
1876,0.00007597038748435946
1878,0.00007513308700350907
1880,0.0000743099841392371
1882,0.00007350076379393688
1884,0.00007270511954288047
1886,0.00007192275335073987
1888,0.00007115337529881167
1890,0.00007039670332248892
1892,0.00006965246295854383
1894,0.0000689203871018069
1896,0.00006820021577084697
1898,0.0000674916958822752
1900,0.00006679458103331402
1902,0.00006610863129228815
1904,0.0000654336129967112
1906,0.00006476929855865584
1908,0.00006411546627711034
1910,0.00006347190015703732
1912,0.00006283838973486363
1914,0.00006221472991014269
1916,0.00006160072078314185
1918,0.00006099616749811866
1920,0.00006040088009206038
1922,0.00005981467334867083
1924,0.000059237366657398605
1926,0.00005866878387730927
1928,0.000058108753205613135
1930,0.00005755710705066799
1932,0.000057013681909284435
1934,0.00005647831824816842
1936,0.00005595086038934311
1938,0.00005543115639939853
1940,0.00005491905798242418
1942,0.000054414420376485735
1944,0.000053917102253512846
1946,0.00005342696562247079
1948,0.00005294387573569359
1950,0.00005246770099826187
1952,0.00005199831288031311
1954,0.00005153558583217656
1956,0.00005107939720223007
1958,0.00005062962715737935
1960,0.000050186158606065195
1962,0.000049748877123707134
1964,0.00004931767088049637
1966,0.000048892430571453903
1968,0.00004847304934867332
1970,0.00004805942275567079
1972,0.000047651448663768066
1974,0.00004724902721043686
1976,0.000046852060739536276
1978,0.00004646045374337716
1980,0.0000460741128065501
1982,0.000045692946551456155
1984,0.00004531686558548184
1986,0.000044945782449761806
1988,0.00004457961156947546
1990,0.000044218269205625113
1992,0.00004386167340824561
1994,0.00004350974397099743
1996,0.00004316240238709654
1998,0.00004281957180653658
2000,0.00004248117699456026
2002,0.00004214714429133867
2004,0.00004181740157281849
2006,0.0000414918782126989
2008,0.000041170505045501006
2010,0.000040853214330694363
2012,0.00004053993971784604
2014,0.00004023061621275933
2016,0.000039925180144570174
2018,0.00003962356913377039
2020,0.00003932572206112836
2022,0.000039031579037478406
2024,0.00003874108137435132
2026,0.000038454171555419476
2028,0.000038170793208730946
2030,0.000037890891079707815
2032,0.00003761441100488476
2034,0.00003734129988636507
2036,0.000037071505666971625
2038,0.00003680497730607153
2040,0.000036541664756053556
2042,0.00003628151893943864
2044,0.00003602449172660364
2046,0.00003577053591410025
2048,0.00003551960520355058
2050,0.00003527165418110229
2052,0.0000350266382974262
2054,0.000034784513848240485
2056,0.00003454523795534513
2058,0.00003430876854815218
2060,0.000034075064345696524
2062,0.00003384408483911331
2064,0.00003361579027456814
2066,0.00003339014163662687
2068,0.00003316710063205202
2070,0.00003294662967401357
2072,0.00003272869186670194
2074,0.000032513250990331646
2076,0.000032300271486524334
2078,0.00003208971844406031
2080,0.00003188155758498805
2082,0.00003167575525108146
2084,0.000031472278390635034
2086,0.0000312710945455873
2088,0.00003107217183896345
2090,0.000030875478962627905
2092,0.000030680985165338465
2094,0.00003048866024109339
2096,0.000030298474517763346
2098,0.000030110398846000353
2100,0.000029924404588416047
2102,0.000029740463609021825
2104,0.00002955854826292379
2106,0.000029378631386265372
2108,0.00002920068628641104
2110,0.00002902468673236445
2112,0.00002885060694541474
2114,0.0000286784215900048
2116,0.00002850810576481555
2118,0.00002833963499406047
2120,0.000028172985218984734
2122,0.00002800813278956349
2124,0.00002784505445639411
2126,0.000027683727362777104
2128,0.000027524129036980936
2130,0.000027366237384685753
2132,0.000027210030681601396
2134,0.00002705548756625522
2136,0.000026902587032945147
2138,0.000026751308424853882
2140,0.00002660163142731994
2142,0.000026453536061261528
2144,0.000026307002676749424
2146,0.00002616201194672489
2148,0.00002601854486085911
2150,0.000025876582719550348
2152,0.00002573610712805556
2154,0.000025597099990752863
2156,0.000025459543505531743
2158,0.00002532342015830763
2160,0.000025188712717657922
2162,0.000025055404229576237
2164,0.000024923478012342106
2166,0.00002479291765150316
2168,0.00002466370699496711
2170,0.000024535830148200722
2172,0.00002440927146953327
2174,0.00002428401556556183
2176,0.000024160047286655974
2178,0.000024037351722559467
2180,0.000023915914198086567
2182,0.00002379572026891068
2184,0.00002367675571744316
2186,0.00002355900654880004
2188,0.000023442458986854678
2190,0.0000233270994703742
2192,0.000023212914649237734
2194,0.000023099891380734612
2196,0.000022988016725940532
2198,0.00002287727794616988
2200,0.000022767662499502497
2202,0.00002265915803738303
2204,0.000022551752401291317
2206,0.000022445433619481985
2208,0.000022340189903791856
2210,0.000022236009646513404
2212,0.000022132881417332944
2214,0.000022030793960331837
2216,0.000021929736191049514
2218,0.000021829697193606708
2220,0.000021730666217887674
2222,0.000021632632676779956
2224,0.000021535586143470508
2226,0.000021439516348796767
2228,0.000021344413178651582
2230,0.000021250266671440757
2232,0.00002115706701559195
2234,0.0000210648045471139
2236,0.000020973469747204873
2238,0.00002088305323990909
2240,0.000020793545789820317
2242,0.000020704938299831347
2244,0.000020617221808928568
2246,0.00002053038749003055
2248,0.000020444426647869617
2250,0.00002035933071691571
2252,0.000020275091259341326
2254,0.000020191699963026946
2256,0.000020109148639605886
2258,0.00002002742922254778
2260,0.000019946533765279973
2262,0.000019866454439345854
2264,0.00001978718353259952
2266,0.000019708713447435876
2268,0.00001963103669905555
2270,0.000019554145913763734
2272,0.000019478033827302462
2274,0.000019402693283215455
2276,0.00001932811723124493
2278,0.00001925429872575975
2280,0.000019181230924214204
2282,0.00001910890708563685
2284,0.000019037320569148793
2286,0.00001896646483251083
2288,0.00001889633343069877
2290,0.000018826920014506577
2292,0.000018758218329176545
2294,0.000018690222213056155
2296,0.000018622925596280965
2298,0.000018556322499483105
2300,0.000018490407032524806
2302,0.000018425173393256517
2304,0.000018360615866299158
2306,0.000018296728821849947
2308,0.00001823350671451146
2310,0.000018170944082143408
2312,0.000018109035544736722
2314,0.000018047775803309515
2316,0.00001798715963882453
2318,0.00001792718191112763
2320,0.000017867837557907
2322,0.000017809121593672602
2324,0.00001775102910875557
2326,0.00001769355526832714
2328,0.000017636695311436782
2330,0.00001758044455006921
2332,0.000017524798368219815
2334,0.000017469752220988364
2336,0.00001741530163369049
2338,0.00001736144220098674
2340,0.000017308169586028838
2342,0.000017255479519622882
2344,0.000017203367799409162
2346,0.000017151830289058327
2348,0.000017100862917483615
2350,0.000017050461678068867
2352,0.00001700062262791207
2354,0.000016951341887084165
2356,0.000016902615637902868
2358,0.000016854440124221233
2360,0.000016806811650730758
2362,0.000016759726582278765
2364,0.000016713181343199853
2366,0.000016667172416661133
2368,0.00001662169634402113
2370,0.000016576749724202075
2372,0.00001653232921307534
2374,0.00001648843152285993
2376,0.00001644505342153371
2378,0.000016402191732257265
2380,0.000016359843332810158
2382,0.00001631800515503941
2384,0.00001627667418432004
2386,0.00001623584745902749
2388,0.000016195522070021725
2390,0.000016155695160142917
2392,0.000016116363923718478
2394,0.00001607752560608134
2396,0.000016039177503099306
2398,0.000016001316960715332
2400,0.00001596394137449858
2402,0.000015927048189206144
2404,0.000015890634898355256
2406,0.000015854699043805884
2408,0.000015819238215353593
2410,0.000015784250050332504
2412,0.00001574973223322829
2414,0.00001571568249530105
2416,0.00001568209861421793
2418,0.000015648978413695478
2420,0.00001561631976315148
2422,0.000015584120577366334
2424,0.000015552378816153687
2426,0.000015521092484040445
2428,0.000015490259629955856
2430,0.00001545987834692972
2432,0.00001542994677179959
2434,0.000015400463084926865
2436,0.000015371425509921737
2438,0.000015342832313376846
2440,0.000015314681804609677
2442,0.0000152869723354135
2444,0.00001525970229981689
2446,0.000015232870133851696
2448,0.000015206474315329437
2450,0.000015180513363626054
2452,0.000015154985839474908
2454,0.00001512989034476809
2456,0.000015105225522365877
2458,0.000015080990055914325
2460,0.000015057182669670983
2462,0.000015033802128338645
2464,0.00001501084723690711
2466,0.000014988316840502937
2468,0.000014966209824247111
2470,0.000014944525113120661
2472,0.00001492326167183812
2474,0.000014902418504728852
2476,0.000014881994655626203
2478,0.00001486198920776448
2480,0.000014842401283683712
2482,0.000014823230045142148
2484,0.000014804474693036593
2486,0.000014786134467330402
2488,0.000014768208646989302
2490,0.000014750696549924892
2492,0.0000147335975329459
2494,0.000014716910991717168
2496,0.000014700636360726397
2498,0.000014684773113258581
2500,0.000014669320761378255
2502,0.00001465427885591945
2504,0.00001463964698648347
2506,0.000014625424781444404
2508,0.000014611611907962498
2510,0.000014598208072005323
2512,0.000014585213018376816
2514,0.000014572626530754204
2516,0.000014560448431732817
2518,0.000014548678582878853
2520,0.00001453731688479016
2522,0.000014526363277164968
2524,0.000014515817738878743
2526,0.000014505680288069086
2528,0.000014495950982228853
2530,0.000014486629918307384
2532,0.00001447771723282008
2534,0.00001446921310196621
2536,0.000014461117741755137
2538,0.000014453431408140953
2540,0.000014446154397165599
2542,0.00001443928704511058
2544,0.000014432829728657289
2546,0.000014426782865056058
2548,0.000014421146912303979
2550,0.000014415922369331626
2552,0.000014411109776198705
2554,0.000014406709714298761
2556,0.000014402722806573045
2558,0.00001439914971773355
2560,0.00001439599115449547
2562,0.000014393247865819011
2564,0.000014390920643160807
2566,0.00001438901032073496
2568,0.000014387517775783843
2570,0.000014386443928858833
2572,0.000014385789744110994
2574,0.000014385556229591958
2576,0.000014385744437565027
2578,0.000014386355464826723
2580,0.000014387390453038855
2582,0.00001438885058907126
2584,0.000014390737105355463
2586,0.000014393051280249213
2588,0.000014395794438412274
2590,0.000014398967951193468
2592,0.000014402573237029227
2594,0.000014406611761853817
2596,0.000014411085039521335
2598,0.000014415994632239818
2600,0.000014421342151017476
2602,0.000014427129256121395
2604,0.000014433357657548796
2606,0.000014440029115511142
2608,0.00001444714544093124
2610,0.000014454708495953614
2612,0.000014462720194468325
2614,0.000014471182502648503
2616,0.0000144800974395018
2618,0.000014489467077436054
2620,0.00001449929354283935
2622,0.000014509579016674797
2624,0.000014520325735090258
2626,0.00001453153599004329
2628,0.000014543212129941643
2630,0.00001455535656029949
2632,0.000014567971744409812
2634,0.000014581060204033146
2636,0.000014594624520103063
2638,0.000014608667333448676
2640,0.000014623191345534509
2642,0.000014638199319218063
2644,0.000014653694079525454
2646,0.000014669678514445441
2648,0.000014686155575742242
2650,0.000014703128279787496
2652,0.00001472059970841179
2654,0.000014738573009776105
2656,0.000014757051399263617
2658,0.000014776038160392295
2660,0.000014795536645748672
2662,0.000014815550277943295
2664,0.000014836082550588256
2666,0.000014857137029297316
2668,0.000014878717352709087
2670,0.000014900827233533728
2672,0.000014923470459623762
2674,0.00001494665089506943
2676,0.000014970372481319167
2678,0.000014994639238325768
2680,0.000015019455265718753
2682,0.00001504482474400362
2684,0.000015070751935788406
2686,0.000015097241187038394
2688,0.000015124296928359389
2690,0.000015151923676310353
2692,0.000015180126034746018
2694,0.000015208908696190135
2696,0.000015238276443240104
2698,0.00001526823415000371
2700,0.00001529878678356867
2702,0.000015329939405505792
2704,0.000015361697173406534
2706,0.000015394065342455715
2708,0.000015427049267040327
2710,0.00001546065440239515
2712,0.00001549488630628619
2714,0.000015529750640732725
2716,0.00001556525317376902
2718,0.000015601399781246507
2720,0.00001563819644867757
2722,0.000015675649273121827
2724,0.000015713764465116024
2726,0.000015752548350648574
2728,0.000015792007373179846
2730,0.000015832148095709355
2732,0.000015872977202891
2734,0.00001591450150319756
2736,0.00001595672793113564
2738,0.00001599966354951247
2740,0.000016043315551755636
2742,0.000016087691264287324
2744,0.000016132798148954325
2746,0.000016178643805515253
2748,0.000016225235974186458
2750,0.000016272582538248128
2752,0.00001632069152671219
2754,0.000016369571117053516
2756,0.000016419229638006154
2758,0.00001646967557242631
2760,0.000016520917560223742
2762,0.000016572964401363428
2764,0.000016625825058939393
2766,0.000016679508662322536
2768,0.000016734024510384505
2770,0.000016789382074799585
2772,0.000016845591003426752
2774,0.00001690266112377405
2776,0.000016960602446547442
2778,0.000017019425169286545
2780,0.000017079139680089523
2782,0.000017139756561429664
2784,0.000017201286594066025
2786,0.000017263740761050905
2788,0.00001732713025183673
2790,0.000017391466466485064
2792,0.000017456761019980754
2794,0.00001752302574665395
2796,0.000017590272704713228
2798,0.00001765851418089277
2800,0.000017727762695216978
2802,0.000017798031005885743
2804,0.0000178693321142839
2806,0.00001794167927011834
2808,0.000018015085976686544
2810,0.00001808956599628019
2812,0.000018165133355727932
2814,0.00001824180235208119
2816,0.000018319587558447265
2818,0.000018398503829974085
2820,0.00001847856630999091
2822,0.000018559790436309762
2824,0.000018642191947692237
2826,0.000018725786890486626
2828,0.000018810591625440476
2830,0.000018896622834693766
2832,0.000018983897528958233
2834,0.000019072433054888312
2836,0.000019162247102649707
2838,0.00001925335771369137
2840,0.000019345783288727288
2842,0.00001943954259593442
2844,0.000019534654779373394
2846,0.000019631139367638987
2848,0.000019729016282747347
2850,0.00001982830584926743
2852,0.000019929028803704266
2854,0.000020031206304141934
2856,0.000020134859940154435
2858,0.00002024001174299294
2860,0.000020346684196058185
2862,0.000020454900245667107
2864,0.000020564683312123103
2866,0.000020676057301099754
2868,0.00002078904661534798
2870,0.000020903676166737245
2872,0.000021019971388641653
2874,0.000021137958248682028
2876,0.000021257663261835946
2878,0.000021379113503927526
2880,0.00002150233662550976
2882,0.000021627360866152276
2884,0.000021754215069148097
2886,0.000021882928696653408
2888,0.000022013531845274893
2890,0.000022146055262119694
2892,0.00002228053036132376
2894,0.00002241698924107474
2896,0.000022555464701146412
2898,0.00002269599026096219
2900,0.000022838600178205875
2902,0.000022983329467998622
2904,0.000023130213922661883
2906,0.000023279290132086594
2908,0.000023430595504730032
2910,0.0000235841682892623
2912,0.00002374004759688558
2914,0.00002389827342434974
2916,0.000024058886677689542
2918,0.00002422192919670887
2920,0.00002438744378023919
2922,0.000024555474212200057
2924,0.000024726065288490722
2926,0.000024899262844743346
2928,0.000025075113784969124
2930,0.000025253666111130417
2932,0.00002543496895367282
2934,0.000025619072603053093
2936,0.00002580602854229986
2938,0.000025995889480645854
2940,0.000026188709388272036
2942,0.000026384543532205575
2944,0.00002658344851341549
2946,0.000026785482305151748
2948,0.000026990704292575365
2950,0.00002719917531372923
2952,0.00002741095770190162
2954,0.000027626115329436403
2956,0.000027844713653046553
2958,0.000028066819760689897
2960,0.000028292502420068622
2962,0.000028521832128817116
2964,0.000028754881166444965
2966,0.000028991723648105693
2968,0.000029232435580264427
2970,0.000029477094918341114
2972,0.000029725781626409732
2974,0.000029978577739037048
2976,0.00003023556742534892
2978,0.0000304968370554156
2980,0.00003076247526905235
2982,0.000031032573047135545
2984,0.000031307223785539724
2986,0.0000315865233718056
2988,0.000031870570264654364
2990,0.000032159465576469245
2992,0.00003245331315887077
2994,0.000032752219691518626
2996,0.000033056294774279106
2998,0.00003336565102290396
3000,0.00003368040416837382
3002,0.00003400067316006649
3004,0.00003432658027291855
3006,0.00003465825121875709
3008,0.000034995815261986974
3010,0.00003533940533982858
3012,0.000035689158187310585
3014,0.00003604521446723287
3016,0.00003640771890532534
3018,0.00003677682043084028
3020,0.00003715267232282793
3022,0.000037535432362357775
3024,0.00003792526299096203
3026,0.00003832233147559177
3028,0.000038726810080391935
3030,0.000039138876245617254
3032,0.00003955871277402834
3034,0.000039986508025125385
3036,0.00004042245611759617
3038,0.000040866757140375195
3040,0.00004131961737273265
3042,0.000041781249513834465
3044,0.00004225187292223921
3046,0.00004273171386582333
3048,0.00004322100578265327
3050,0.000043719989553352494
3052,0.000044228913785541637
3054,0.00004474803511096334
3056,0.0000452776184959378
3058,0.00004581793756583187
3060,0.000046369274944264265
3062,0.00004693192260781105
3064,0.00004750618225702013
3066,0.00004809236570459073
3068,0.000048690795281624656
3070,0.00004930180426290966
3072,0.000049925737312252404
3074,0.000050562950948940044
3076,0.000051213814036474356
3078,0.00005187870829479158
3080,0.00005255802883725617
3082,0.00005325218473379482
3084,0.00005396159960162269
3086,0.00005468671222510352
3088,0.000055427977206382595
3090,0.0000561858656485341
3092,0.000056960865873075886
3094,0.0000577534841738222
3096,0.000058564245609172415
3098,0.00005939369483506873
3100,0.00006024239698100191
3102,0.00006111093857159954
3104,0.00006199992849649899
3106,0.00006290999903138583
3108,0.00006384180691327195
3110,0.00006479603447329333
3112,0.00006577339083053064
3114,0.00006677461315059301
3116,0.00006780046797296358
3118,0.00006885175261137968
3120,0.00006992929663181922
3122,0.00007103396341298297
3124,0.00007216665179450815
3126,0.00007332829781851871
3128,0.00007451987657051845
3130,0.00007574240412606411
3132,0.00007699693961012131
3134,0.00007828458737650842
3136,0.00007960649931537607
3138,0.00008096387729725698
3140,0.0000823579757628533
3142,0.00008379010446841529
3144,0.00008526163139730577
3146,0.00008677398584914776
3148,0.00008832866171882206
3150,0.00008992722097852254
3152,0.00009157129737709815
3154,0.000093262600372017
3156,0.00009500291931048865
3158,0.00009679412787758342
3160,0.00009863818883060277
3162,0.00010053715904049103
3164,0.00010249319486274951
3166,0.00010450855786212831
3168,0.00010658562091734713
3170,0.00010872687473424301
3172,0.00011093493479808236
3174,0.0001132125487983192
3176,0.00011556260456185415
3178,0.00011798813853387077
3180,0.00012049234484861463
3182,0.000123078585036073
3184,0.00012575039841442208
3186,0.0001285115132223792
3188,0.00013136585855024878
3190,0.0001343175771335324
3192,0.0001373710390785101
3194,0.00014053085659524635
3196,0.00014380189982006786
3198,0.00014718931381675455
3200,0.00015069853685353081
3202,0.00015433532006149976
3204,0.00015810574858948867
3206,0.00016201626438043236
3208,0.00016607369070548134
3210,0.00017028525860405657
3212,0.00017465863539114476
3214,0.00017920195540732775
3216,0.0001839238532024211
3218,0.00018883349936024715
3220,0.00019394063919003966
3222,0.00019925563452933542
3224,0.00020478950892398938
3226,0.00021055399647317835
3228,0.0002165615946509254
3230,0.000222825621440737
3232,0.00022936027714629193
3234,0.00023618071126859015
3236,0.00024330309486828307
3238,0.00025074469886067995
3240,0.00025852397871959704
3242,0.00026666066609403274
3244,0.000275175867867571
3246,0.00028409217321306884
3248,0.00029343376921275226
3250,0.00030322656562395254
3252,0.00031349832937027785
3254,0.0003242788293230448
3256,0.00033559999190317403
3258,0.0003474960679729297
3260,0.0003600038113915176
3262,0.000373162669468049
3264,0.00038701498534634556
3266,0.00040160621208160135
3268,0.00041698513779785644
3270,0.00043320412082099575
3272,0.0004503193330315439
3274,0.00046839100883381413
3276,0.0004874836960423747
3278,0.0005076665035811506
3280,0.0005290133390990963
3282,0.0005516031273377826
3284,0.0005755199972311381
3286,0.0006008534221470823
3288,0.0006276982932454623
3290,0.0006561549004574322
3292,0.0006863287889026974
3294,0.000718330450459215
3296,0.000752274800497907
3298,0.0007882803783379157
3300,0.0008264681966837523
3302,0.0008669601502271578
3304,0.0009098768770120994
3306,0.0009553349487043553
3308,0.001003443248741388
3310,0.0010542983823874895
3312,0.0011079789529513065
3314,0.0011645385381743086
3316,0.0012239972161022994
3318,0.0012863315285871822
3320,0.0013514628428910646
3322,0.0014192441892072354
3324,0.00148944582620293
3326,0.0015617400279445525
3328,0.0016356858980364176
3330,0.0017107153933584058
3332,0.00178612215480625
3334,0.0018610551443638725
3336,0.0019345193938929655
3338,0.0020053862681220815
3340,0.002072415401201691
3342,0.0021342897611483177
3344,0.0021896640610741757
3346,0.002237225007578916
3348,0.002275759842019773
3350,0.0023042276364003025
3352,0.002321826312020985
3354,0.002328047817444332
3356,0.0023227146449114142
3358,0.0023059929061114886
3360,0.0022783802080357787
3362,0.0022406699619030033
3364,0.002193896804476971
3366,0.0021392698979191614
3368,0.0020781016678051356
3370,0.002011739051360741
3372,0.0019415028628352344
3374,0.0018686388990578127
3376,0.001794282367781474
3378,0.0017194354767750182
3380,0.0016449567659021535
3382,0.0015715600399139069
3384,0.0014998205009562103
3386,0.001430185766272905
3388,0.0013629897567585612
3390,0.0012984678417987756
3392,0.0012367720412324165
3394,0.0011779854636184324
3396,0.0011221354748307427
3398,0.001069205334665895
3400,0.0010191442155966935
3402,0.0009718756369748561
3404,0.0009273044218634221
3406,0.0008853223239418578
3408,0.0008458124887408727
3410,0.0008086529150547327
3412,0.0007737190750388787
3414,0.0007408858398114942
3416,0.0007100288444917072
3418,0.0006810254145026784
3420,0.0006537551646361253
3422,0.0006281003739330004
3424,0.000603946232189964
3426,0.0005811810464194213
3428,0.0005596964858541277
3430,0.0005393879298256764
3432,0.0005201549621099408
3434,0.0005019020272853305
3436,0.0004845392304189231
3438,0.0004679832246573263
3440,0.00045215809818312664
3442,0.00043699614999456515
3444,0.00042243843987026735
3446,0.0004084350153197735
3448,0.00039494475584365995
3450,0.0003819348255430054
3452,0.00036937977831614317
3454,0.0003572604041660229
3456,0.00034556243185273423
3458,0.00033427520865771115
3460,0.0003233904642405466
3462,0.00031290123839283805
3464,0.0003028010195380644
3466,0.00029308310907611324
3468,0.00028374020097959293
3470,0.00027476414867538666
3472,0.0002661458822138324
3474,0.00025787543661085285
3476,0.0002499420549856281
3478,0.00024233433565036978
3480,0.00023504039895222678
3482,0.0002280480562385118
3484,0.00022134496911719264
3486,0.00021491879190032372
3488,0.00020875729369666864
3490,0.0002028484591632282
3492,0.0001971805686079676
3494,0.00019174225914988824
3496,0.00018652256916655495
3498,0.0001815109684441553
3500,0.00017669737640990874
3502,0.00017207217065968896
3504,0.00016762618775783373
3506,0.0001633507180236681
3508,0.0001592374957572679
3510,0.00015527868611141463
3512,0.00015146686959589445
3514,0.00014779502500760012
3516,0.00014425651141548052
3518,0.00014084504969158533
3520,0.00013755470396565746
3522,0.0001343798632879295
3524,0.00013131522370996303
3526,0.00012835577093367204
3528,0.00012549676363152767
3530,0.00012273371750409418
3532,0.00012006239011256738
3534,0.00011747876650225367
3536,0.0001149790456165825
3538,0.0001125596274891818
3540,0.00011021710119285079
3542,0.00010794823351820749
3544,0.00010574995835077392
3546,0.00010361936671282201
3548,0.00010155369743505534
3550,0.00009955032842285684
3552,0.00009760676848214694
3554,0.00009572064967069559
3556,0.00009388972014186703
3558,0.00009211183744913936
3560,0.00009038496228125008
3562,0.00008870715259940448
3564,0.00008707655814960418
3566,0.00008549141532476522
3568,0.00008395004235288154
3570,0.00008245083478902329
3572,0.00008099226129043413
3574,0.00007957285965539752
3576,0.00007819123310787141
3578,0.00007684604681114711
3580,0.00007553602459496638
3582,0.00007425994588163386
3584,0.00007301664279769348
3586,0.0000718049974586971
3588,0.00007062393941548758
3590,0.00006947244325124861
3592,0.00006834952631934343
3594,0.00006725424661267969
3596,0.00006618570075599855
3598,0.00006514302211309964
3600,0.00006412537900158081
3602,0.00006313197300819596
3604,0.00006216203739842144
3606,0.00006121483561426933
3608,0.00006028965985480376
3610,0.00005938582973419961
3612,0.00005850269101254068
3614,0.00005763961439488309
3616,0.00005679599439441549
3618,0.00005597124825583067
3620,0.00005516481493528424
3622,0.00005437615413356018
3624,0.000053604745379286576
3626,0.000052850087159254834
3628,0.00005211169609308863
3630,0.00005138910614968869
3632,0.000050681867903046494
3634,0.000049989547825174796
3636,0.00004931172761404711
3638,0.000048648003554571946
3640,0.00004799798591075263
3642,0.000047361298347298726
3644,0.00004673757737906376
3646,0.00004612647184678381
3648,0.00004552764241768574
3650,0.0000449407611096206
3652,0.000044365510837459606
3654,0.0000438015849805659
3656,0.00004324868697022614
3658,0.000042706529895992415
3660,0.0000421748361299468
3662,0.00004165333696795841
3664,0.000041141772287057836
3666,0.00004063989021810302
3668,0.00004014744683295959
3670,0.00003966420584546192
3672,0.00003918993832546301
3674,0.00003872442242532095
3676,0.00003826744311820494
3678,0.000037818791947639394
3680,0.000037378266787736
3682,0.00003694567161359426
3684,0.000036520816281378926
3686,0.00003610351631760986
3688,0.00003569359271722461
3690,0.00003529087174999763
3692,0.000034895184774922065
3694,0.00003450636806218111
3696,0.00003412426262235547
3698,0.000033748714042531716
3700,0.00003337957232899408
3702,0.00003301669175619847
3704,0.000032659930721742745
3706,0.0000323091516070624
3708,0.00003196422064359392
3710,0.00003162500778416162
3712,0.00003129138657935564
3714,0.000030963234058680594
3716,0.00003064043061626516
3718,0.000030322859900933305
3720,0.00003001040871044763
3722,0.00002970296688974444
3724,0.000029400427232989024
3726,0.000029102685389287937
3728,0.000028809639771902578
3730,0.000028521191470816253
3732,0.00002823724416851354
3734,0.00002795770405883767
3736,0.00002768247976879773
3738,0.00002741148228320371
3740,0.00002714462487201292
3742,0.000026881823020276624
3744,0.000026622994360581163
3746,0.00002636805860788215
3748,0.000026116937496635544
3750,0.000025869554720133156
3752,0.000025625835871954788
3754,0.000025385708389452876
3756,0.00002514910149918923
3758,0.000024915946164247277
3760,0.00002468617503334622
3762,0.000024459722391687177
3764,0.00002423652411346401
3766,0.00002401651761597477
3768,0.000023799641815272343
3770,0.00002358583708329544
3772,0.000023375045206423832
3774,0.000023167209345403816
3776,0.000022962273996592455
3778,0.000022760184954471147
3780,0.00002256088927538121
3782,0.0000223643352424361
3784,0.0000221704723315669
3786,0.00002197925117865934
3788,0.000021790623547742384
3790,0.00002160454230019021
3792,0.00002142096136490066
3794,0.000021239835709415103
3796,0.00002106112131194574
3798,0.000020884775134277953
3800,0.00002071075509551659
3802,0.000020539020046646158
3804,0.000020369529745876296
3806,0.000020202244834744923
3808,0.000020037126814952512
3810,0.000019874138025902038
3812,0.000019713241622920242
3814,0.000019554401556136486
3816,0.000019397582549996775
3818,0.000019242750083391144
3820,0.00001908987037037346
3822,0.00001893891034145362
3824,0.000018789837625442727
3826,0.00001864262053183271
3828,0.00001849722803369242
3830,0.000018353629751062985
3832,0.000018211795934835885
3834,0.000018071697451097683
3836,0.00001793330576592613
3838,0.000017796592930622753
3840,0.000017661531567367725
3842,0.000017528094855283234
3844,0.0000173962565168921
3846,0.00001726599080495893
3848,0.00001713727248970147
3850,0.000017010076846360304
3852,0.00001688437964311547
3854,0.00001676015712933899
3856,0.000016637386024172656
3858,0.00001651604350542085
3860,0.000016396107198748498
3862,0.000016277555167174548
3864,0.000016160365900851957
3866,0.00001604451830712501
3868,0.0000159299917008557
3870,0.00001581676579501065
3872,0.000015704820691500704
3874,0.000015594136872265475
3876,0.000015484695190595312
3878,0.00001537647686268355
3880,0.000015269463459402107
3882,0.000015163636898293608
3884,0.000015058979435773666
3886,0.000014955473659536947
3888,0.000014853102481161025
3890,0.0000147518491289021
3892,0.000014651697140676956
3894,0.000014552630357225672
3896,0.000014454632915449767
3898,0.00001435768924192067
3900,0.000014261784046553553
3902,0.000014166902316441745
3904,0.000014073029309847032
3906,0.000013980150550341452
3908,0.000013888251821096115
3910,0.000013797319159312995
3912,0.000013707338850795451
3914,0.00001361829742465369
3916,0.000013530181648141247
3918,0.00001344297852161888
3920,0.000013356675273642208
3922,0.000013271259356169705
3924,0.00001318671843988765
3926,0.000013103040409648812
3928,0.000013020213360021683
3930,0.00001293822559094725
3932,0.0000128570656035003
3934,0.000012776722095752454
3936,0.000012697183958734087
3938,0.000012618440272492475
3940,0.000012540480302243578
3942,0.000012463293494614858
3944,0.00001238686947397677
3946,0.000012311198038860468
3948,0.000012236269158459451
3950,0.000012162072969212913
3952,0.000012088599771468603
3954,0.00001201584002622312
3956,0.00001194378435193757
3958,0.000011872423521426584
3960,0.000011801748458818849
3962,0.000011731750236587175
3964,0.00001166242007264637
3966,0.000011593749327517128
3968,0.0000115257295015542
3970,0.000011458352232237236
3972,0.000011391609291522634
3974,0.000011325492583254875
3976,0.000011259994140635792
3978,0.000011195106123750298
3980,0.000011130820817147172
3982,0.000011067130627473459
3984,0.000011004028081161166
3986,0.000010941505822164904
3988,0.000010879556609749269
3990,0.000010818173316324617
3992,0.00001075734892533009
3994,0.000010697076529162723
3996,0.000010637349327151458
3998,0.000010578160623574967
4000,0.00001051950382572222
