500,8.846911206502362e-6
502,8.895173217546222e-6
504,8.943906234643452e-6
506,8.993116811031849e-6
508,9.042811616506413e-6
510,9.092997439926962e-6
512,9.143681191788906e-6
514,9.194869906859e-6
516,9.246570746877968e-6
518,9.298791003331962e-6
520,9.351538100294807e-6
522,9.404819597343158e-6
524,9.458643192546688e-6
526,9.51301672553552e-6
528,9.56794818064719e-6
530,9.623445690155493e-6
532,9.67951753758369e-6
534,9.736172161104538e-6
536,9.793418157029806e-6
538,9.851264283391935e-6
540,9.909719463620675e-6
542,9.968792790317507e-6
544,0.000010028493529130923
546,0.000010088831122735578
548,0.000010149815194918514
550,0.000010211455554775812
552,0.000010273762201022995
554,0.000010336745326422813
556,0.00001040041532233398
558,0.000010464782783384717
560,0.000010529858512274987
562,0.00001059565352471148
564,0.000010662179054479564
566,0.000010729446558656559
568,0.000010797467722970806
570,0.000010866254467311264
572,0.000010935818951392394
574,0.000011006173580579446
576,0.000011077331011879225
578,0.000011149304160101844
580,0.000011222106204198958
582,0.00001129575059378431
584,0.000011370251055842593
586,0.000011445621601632837
588,0.0000115218765337928
590,0.000011599030453651047
592,0.00001167709826875368
594,0.000011756095200612922
596,0.000011836036792685065
598,0.000011916938918585529
600,0.000011998817790549096
602,0.00001208168996814376
604,0.000012165572367246778
606,0.00001225048226929211
608,0.000012336437330798472
610,0.000012423455593187912
612,0.000012511555492904912
614,0.000012600755871846659
616,0.000012691075988115364
618,0.000012782535527104042
620,0.000012875154612927583
622,0.000012968953820211443
624,0.00001306395418625075
626,0.000013160177223553123
628,0.00001325764493277913
630,0.000013356379816094737
632,0.000013456404890950836
634,0.000013557743704305422
636,0.000013660420347304745
638,0.000013764459470440369
640,0.000013869886299199802
642,0.000013976726650229071
644,0.000014085006948026459
646,0.000014194754242187332
648,0.000014305996225220893
650,0.000014418761250960604
652,0.000014533078353590847
654,0.000014648977267313527
656,0.000014766488446679124
658,0.000014885643087608021
660,0.000015006473149128833
662,0.000015129011375861743
664,0.000015253291321276084
666,0.00001537934737175268
668,0.000015507214771482763
670,0.00001563692964823681
672,0.000015768529040038037
674,0.000015902050922776884
676,0.000016037534238804527
678,0.000016175018926545054
680,0.000016314545951167894
682,0.00001645615733636391
684,0.00001659989619727053
686,0.00001674580677459358
688,0.000016893934469975452
690,0.000017044325882661766
692,0.000017197028847520996
694,0.00001735209247447424
696,0.000017509567189394923
698,0.00001766950477654107
700,0.00001783195842258597
702,0.000017996982762315922
704,0.00001816463392606739
706,0.00001833496958897925
708,0.00001850804902213952
710,0.000018683933145709968
712,0.000018862684584116022
714,0.000019044367723393835
716,0.00001922904877079088
718,0.000019416795816721355
720,0.000019607678899182813
722,0.00001980177007074573
724,0.00001999914346823356
726,0.00002019987538521685
728,0.00002040404434745123
730,0.00002061173119139606
732,0.00002082301914595743
734,0.000021037993917607012
736,0.00002125674377903589
738,0.00002147935966151143
740,0.00002170593525111374
742,0.00002193656708903807
744,0.000022171354676159483
746,0.000022410400582066677
748,0.00002265381055878325
750,0.000022901693659406705
752,0.00002315416236190811
754,0.00002341133269834881
756,0.00002367332438978509
758,0.00002394026098714668
760,0.000024212270018391257
762,0.000024489483142254352
764,0.000024772036308932077
766,0.000025060069928053837
768,0.00002535372904432255
770,0.000025653163521222028
772,0.000025958528233214478
774,0.00002626998326687615
776,0.000026587694131445507
778,0.000026911831979286585
780,0.000027242573836800608
782,0.0000275801028463507
784,0.000027924608519799138
786,0.000028276287004293024
788,0.000028635341360973396
790,0.000029001981857324586
792,0.000029376426273925007
794,0.00002975890022640864
796,0.000030149637503496897
798,0.00003054888042201567
800,0.00003095688019987008
802,0.0000313738973480127
804,0.000031800202082506836
806,0.000032236074757859375
808,0.00003268180632287351
810,0.000033137698800354575
812,0.00003360406579209045
814,0.00003408123301062286
816,0.00003456953883942767
818,0.00003506933492323183
820,0.00003558098679031185
822,0.000036104874508745555
824,0.00003664139337872406
826,0.00003719095466317797
828,0.00003775398635912844
830,0.00003833093401234395
832,0.000038922261578065677
834,0.000039528452330761746
836,0.000040150009826082636
838,0.00004078745891841915
840,0.00004144134683771174
842,0.00004211224432942669
844,0.00004280074686190336
846,0.00004350747590558823
848,0.000044233080289008706
850,0.000044978237636704174
852,0.00004574365589472667
854,0.000046530074949750674
856,0.000047338268348294615
858,0.000048169045123058385
860,0.00004902325173392496
862,0.00004990177413176484
864,0.00005080553995382136
866,0.00005173552086015154
868,0.00005269273502135066
870,0.00005367824976861067
872,0.00005469318441805336
874,0.000055738713282249475
876,0.00005681606888289032
878,0.00005792654537972621
880,0.000059071502232136525
882,0.00006025236811105738
884,0.00006147064508047641
886,0.00006272791306932014
888,0.00006402583465632107
890,0.00006536616019237324
892,0.00006675073328697899
894,0.0000681814966876753
896,0.00006966049858382026
898,0.00007118989936884029
900,0.00007277197889800505
902,0.00007440914428203521
904,0.00007610393826037848
906,0.00007785904820184314
908,0.00007967731578447691
910,0.00008156174741115991
912,0.00008351552542236843
914,0.00008554202017300047
916,0.0000876448030460642
918,0.00008982766048245915
920,0.00009209460911305634
922,0.00009444991208685185
924,0.00009689809669715933
926,0.0000994439734166562
928,0.00010209265646163562
930,0.0001048495860160644
932,0.0001077205522570187
934,0.00011071172133476737
936,0.00011382966347317708
938,0.00011708138336918137
940,0.0001204743530837112
942,0.00012401654763060489
944,0.00012771648348442428
946,0.0001315832602425403
948,0.0001356266056909686
950,0.00013985692453674759
952,0.00014428535108151872
954,0.0001489238061205411
956,0.00015378505835753309
958,0.00015888279062703628
960,0.0001642316712105637
962,0.000169847430518213
964,0.0001757469433806079
966,0.00018194831715303983
968,0.00018847098576950768
970,0.00019533580979266685
972,0.00020256518237850196
974,0.00021018314090178678
976,0.00021821548375750455
978,0.00022668989154866898
980,0.00023563605147291255
982,0.00024508578320468245
984,0.00025507316390727927
986,0.000265634649163122
988,0.00027680918553772796
990,0.0002886383091404612
992,0.00030116622285098805
994,0.00031443984277220675
996,0.0003285088018656673
998,0.0003434253955328862
1000,0.0003592444500286747
1002,0.00037602308993488865
1004,0.0003938203754013307
1006,0.0004126967734217752
1008,0.0004327134200626016
1010,0.000453931122404672
1012,0.00047640904026067496
1014,0.0005002029789962379
1016,0.0005253632168691089
1018,0.0005519317845473219
1020,0.0005799391128593988
1022,0.0006093999701635318
1024,0.0006403086267468369
1026,0.0006726332151343276
1028,0.0007063093077246717
1030,0.0007412328128004193
1032,0.0007772524021136285
1034,0.0008141618310369179
1036,0.000851692693901025
1038,0.0008895083625012528
1040,0.000927200062630997
1042,0.0009642862144740339
1044,0.0010002162445657227
1046,0.001034380005252221
1048,0.0010661236479706448
1050,0.001094772245524608
1052,0.0011196586484224032
1054,0.0011401570644300626
1056,0.001155718823249273
1058,0.001165906950061813
1060,0.0011704257610102035
1062,0.001169141894073581
1064,0.001162094054854588
1066,0.0011494901715846197
1068,0.001131692343361305
1070,0.0011091915737540346
1072,0.0010825754767435465
1074,0.0010524927139657866
1076,0.0010196178332235765
1078,0.000984619548436629
1080,0.0009481345485402444
1082,0.0009107478855678251
1084,0.0008729800651344594
1086,0.0008352802639493068
1088,0.000798024667946982
1090,0.0007615187396784847
1092,0.0007260022289119933
1094,0.0006916558696248682
1096,0.0006586088992755333
1098,0.0006269467461081779
1100,0.0005967184269231384
1102,0.0005679433648996722
1104,0.0005406174687583237
1106,0.0005147184115766994
1108,0.0004902101143415206
1110,0.00046704648169194386
1112,0.00044517446121665797
1114,0.00042453650837938876
1116,0.0004050725409709178
1118,0.00038672146322923153
1120,0.0003694223328460921
1122,0.000353115235664071
1124,0.0003377419240679799
1126,0.00032324626657258943
1128,0.0003095745482909197
1130,0.00029667565501898836
1132,0.0002845011676481524
1134,0.0002730053884900283
1136,0.0002621453168018925
1138,0.0002518805872416676
1140,0.00024217338206379815
1142,0.00023298832549560445
1144,0.00022429236682043163
1146,0.00021605465716102203
1148,0.00020824642373629243
1150,0.00020084084439934776
1152,0.00019381292450564795
1154,0.00018713937756751416
1156,0.00018079851069150568
1158,0.00017477011544157932
1160,0.00016903536450142337
1162,0.00016357671430622462
1164,0.00015837781366315434
1166,0.00015342341826966106
1168,0.00014869931096016676
1170,0.00014419222745776214
1172,0.0001398897873722952
1174,0.0001357804301653357
1176,0.00013185335579234993
1178,0.00012809846973026295
1180,0.00012450633210226743
1182,0.00012106811061958202
1184,0.00011777553707058293
1186,0.00011462086710033667
1188,0.00011159684303730402
1190,0.00010869665953829604
1192,0.00010591393183722388
1194,0.00010324266639749198
1196,0.00010067723378181275
1198,0.00009821234356662724
1200,0.00009584302114109405
1202,0.0000935645862426999
1204,0.00009137263309292018
1206,0.00008926301200700416
1208,0.00008723181236188778
1210,0.00008527534681546209
1212,0.00008339013667897733
1214,0.0000815728983522696
1216,0.0000798205307387967
1218,0.00007813010356419612
1220,0.00007649884652827032
1222,0.00007492413922599707
1224,0.00007340350177839343
1226,0.00007193458611886298
1228,0.00007051516788506255
1230,0.0000691431388703652
1232,0.00006781649999270149
1234,0.00006653335474195862
1236,0.00006529190307022909
1238,0.00006409043569205552
1240,0.00006292732876443273
1242,0.00006180103891872659
1244,0.00006071009861886593
1246,0.00005965311182217987
1248,0.000058628749921100155
1250,0.00005763574794564369
1252,0.0000566729010081452
1254,0.00005573906097313788
1256,0.000054833133336589655
1258,0.00005395407429990672
1260,0.00005310088802522088
1262,0.00005227262405949407
1264,0.00005146837491590674
1266,0.0000506872738018565
1268,0.00004992849248368361
1270,0.00004919123927896774
1272,0.000048474757167910276
1274,0.000047778322015933906
1276,0.000047101240900200214
1278,0.00004644285053327047
1280,0.00004580251577761889
1282,0.00004517962824515427
1284,0.00004457360497631814
1286,0.000043983887193708854
1288,0.000043409939125532505
1290,0.000042851246894507775
1292,0.000042307317468152176
1294,0.000041777677666656226
1296,0.000041261873224809895
1298,0.000040759467904684434
1300,0.00004027004265599448
1302,0.00003979319482126997
1304,0.00003932853738315859
1306,0.00003887569825135514
1308,0.000038434319586819314
1310,0.00003800405716109451
1312,0.00003758457974868288
1314,0.00003717556855056257
1316,0.00003677671664705588
1318,0.00003638772847837074
1320,0.00003600831935124373
1322,0.000035638214970211845
1324,0.000035277150992131654
1326,0.00003492487260265049
1328,0.00003458113411341399
1330,0.00003424569857886878
1332,0.00003391833743158872
1334,0.00003359883013511782
1336,0.000033286963853383594
1338,0.000032982533135791364
1340,0.000032685339617162554
1342,0.00003239519173173001
1344,0.000032111904440449066
1346,0.000031835298970926855
1348,0.000031565202569312615
1350,0.00003130144826352971
1352,0.00003104387463726585
1354,0.00003079232561417092
1356,0.00003054665025174355
1358,0.00003030670254441641
1360,0.000030072341235377973
1362,0.000029843429636694208
1364,0.00002961983545731783
1366,0.000029401430638595637
1368,0.00002918809119690551
1370,0.000028979697073075238
1372,0.000028776131988253738
1374,0.000028577283305923234
1376,0.00002838304189975768
1378,0.000028193302027048414
1380,0.000028007961207432677
1382,0.000027826920106674954
1384,0.000027650082425263766
1386,0.00002747735479159932
1388,0.00002730864665955885
1390,0.000027143870210237617
1392,0.00002698294025767381
1394,0.000026825774158375563
1396,0.000026672291724477303
1398,0.00002652241514036167
1400,0.000026376068882591155
1402,0.000026233179643001752
1404,0.000026093676254817992
1406,0.000025957489621655874
1408,0.000025824552649286674
1410,0.00002569480018004089
1412,0.00002556816892973752
1414,0.0000254445974270293
1416,0.00002532402595505998
1418,0.000025206396495334573
1420,0.000025091652673708347
1422,0.000024979739708404724
1424,0.000024870604359976605
1426,0.000024764194883129527
1428,0.000024660460980329102
1430,0.000024559353757118457
1432,0.00002446082567907535
1434,0.000024364830530341263
1436,0.000024271323373658494
1438,0.000024180260511853743
1440,0.000024091599450709723
1442,0.00002400529886316897
1444,0.000023921318554816345
1446,0.000023839619430589483
1448,0.00002376016346266826
1450,0.000023682913659497005
1452,0.000023607834035894818
1454,0.00002353488958421156
1456,0.000023464046246488946
1458,0.000023395270887587795
1460,0.000023328531269244273
1462,0.0000232637960250197
1464,0.000023201034636109726
1466,0.00002314021740798041
1468,0.000023081315447800088
1470,0.000023024300642637008
1472,0.00002296914563839437
1474,0.000022915823819455213
1476,0.000022864309289011062
1478,0.00002281457685004914
1480,0.000022766601986974055
1482,0.00002272036084784097
1484,0.00002267583022717801
1486,0.00002263298754937683
1488,0.00002259181085263086
1490,0.00002255227877340182
1492,0.000022514370531395762
1494,0.00002247806591503062
1496,0.00002244334526737813
1498,0.00002241018947256351
1500,0.00002237857994260704
1502,0.000022348498604692273
1504,0.000022319927888846346
1506,0.000022292850716018148
1508,0.000022267250486541023
1510,0.000022243111068966958
1512,0.00002222041678925974
1514,0.000022199152420335236
1516,0.000022179303171937193
1518,0.00002216085468083752
1520,0.00002214379300135044
1522,0.000022128104596150245
1524,0.000022113776327382933
1526,0.000022100795448062103
1528,0.000022089149593740222
1530,0.00002207882677444634
1532,0.000022069815366882
1534,0.00002206210410686711
1536,0.000022055682082028138
1538,0.00002205053872472105
1540,0.000022046663805181794
1542,0.00002204404742489743
1544,0.000022042680010191243
1546,0.000022042552306015345
1548,0.000022043655369944693
1550,0.000022045980566366477
1552,0.000022049519560859188
1554,0.000022054264314755906
1556,0.00002206020707988639
1558,0.00002206734039349295
1560,0.00002207565707331518
1562,0.000022085150212838746
1564,0.000022095813176703743
1566,0.00002210763959626821
1568,0.000022120623365322575
1570,0.00002213475863595092
1572,0.000022150039814535257
1574,0.000022166461557898927
1576,0.000022184018769585586
1578,0.000022202706596270225
1580,0.000022222520424298896
1582,0.00002224345587635389
1584,0.00002226550880824128
1586,0.000022288675305797848
1588,0.000022312951681914412
1590,0.00002233833447367297
1592,0.0000223648204395948
1594,0.00002239240655699709
1596,0.00002242109001945564
1598,0.000022450868234371114
1600,0.000022481738820636815
1602,0.0000225136996064056
1604,0.00002254674862695391
1606,0.000022580884122640974
1608,0.000022616104536961158
1610,0.000022652408514687623
1612,0.000022689794900105637
1614,0.0000227282627353337
1616,0.000022767811258730922
1618,0.000022808439903389132
1620,0.000022850148295708202
1622,0.000022892936254053154
1624,0.000022936803787491724
1626,0.000022981751094611097
1628,0.000023027778562412567
1630,0.000023074886765282975
1632,0.000023123076464041806
1634,0.000023172348605062844
1636,0.000023222704319469543
1638,0.000023274144922402967
1640,0.00002332667191236153
1642,0.000023380286970611736
1644,0.000023434991960668994
1646,0.000023490788927847903
1648,0.000023547680098881254
1650,0.000023605667881607128
1652,0.00002366475486472346
1654,0.000023724943817609596
1656,0.00002378623769021427
1658,0.000023848639613009586
1660,0.00002391215289701053
1662,0.000023976781033859768
1664,0.000024042527695977238
1666,0.000024109396736774393
1668,0.000024177392190932734
1670,0.000024246518274746536
1672,0.000024316779386529533
1674,0.000024388180107085425
1676,0.000024460725200242258
1678,0.000024534419613450387
1680,0.000024609268478444294
1682,0.000024685277111968123
1684,0.000024762451016565018
1686,0.000024840795881430465
1688,0.000024920317583329716
1690,0.000025001022187579468
1692,0.00002508291594909414
1694,0.00002516600531349684
1696,0.000025250296918295544
1698,0.000025335797594124587
1700,0.000025422514366052072
1702,0.00002551045445495348
1704,0.000025599625278952012
1706,0.000025690034454926108
1708,0.00002578168980008473
1710,0.000025874599333610982
1712,0.000025968771278374656
1714,0.000026064214062714416
1716,0.000026160936322290257
1718,0.000026258946902007045
1720,0.00002635825485800989
1722,0.000026458869459752167
1724,0.00002656080019213711
1726,0.00002666405675773381
1728,0.00002676864907906863
1730,0.000026874587300993073
1732,0.00002698188179312903
1734,0.00002709054315239263
1736,0.000027200582205597755
1738,0.000027312010012140475
1740,0.000027424837866765495
1742,0.000027539077302416118
1744,0.000027654740093168865
1746,0.000027771838257254258
1748,0.00002789038406016515
1750,0.000028010390017854104
1752,0.00002813186890002141
1754,0.00002825483373349527
1756,0.000028379297805705925
1758,0.000028505274668255258
1760,0.000028632778140583913
1762,0.00002876182231373753
1764,0.000028892421554234114
1766,0.000029024590508034542
1768,0.000029158344104618126
1770,0.00002929369756116547
1772,0.00002943066638685065
1774,0.000029569266387245095
1776,0.00002970951366883539
1778,0.000029851424643657415
1780,0.000029995016034049346
1782,0.000030140304877525955
1784,0.000030287308531776916
1786,0.00003043604467979184
1788,0.00003058653133511474
1790,0.00003073878684723096
1792,0.000030892829907089334
1794,0.000031048679552762916
1796,0.000031206355175251175
1798,0.000031365876524427125
1800,0.00003152726371513262
1802,0.000031690537233425345
1804,0.00003185571794298113
1806,0.00003202282709165512
1808,0.000032191886318205824
1810,0.00003236291765918574
1812,0.00003253594355600278
1814,0.0000327109868621566
1816,0.00003288807085065403
1818,0.0000330672192216083
1820,0.0000332484561100263
1822,0.000033431806093788865
1824,0.000033617294201828806
1826,0.00003380494592251173
1828,0.000033994787212224775
1830,0.00003418684450417872
1832,0.00003438114471742874
1834,0.000034577715266119775
1836,0.000034776584068961985
1838,0.00003497777955894272
1840,0.000035181330693280926
1842,0.00003538726696363049
1844,0.00003559561840653916
1846,0.000035806415614169974
1848,0.00003601968974529191
1850,0.00003623547253654745
1852,0.00003645379631400424
1854,0.00003667469400499863
1856,0.000036898199150279314
1858,0.00003712434591645898
1860,0.000037353169108782695
1862,0.000037584704184221715
1864,0.00003781898726490182
1866,0.00003805605515187561
1868,0.00003829594533924816
1870,0.00003853869602866634
1872,0.000038784346144181914
1874,0.00003903293534749908
1876,0.000039284504053617495
1878,0.00003953909344688209
1880,0.000039796745497451385
1882,0.00004005750297819662
1884,0.000040321409482043856
1886,0.00004058850943977236
1888,0.000040858848138282425
1890,0.00004113247173934657
1892,0.000041409427298858266
1894,0.000041689762786593173
1896,0.00004197352710649794
1898,0.00004226077011752261
1900,0.000042551542655012674
1902,0.000042845896552677965
1904,0.00004314388466515569
1906,0.00004344556089118571
1908,0.000043750980197416845
1910,0.000044060198642863506
1912,0.000044373273404032714
1914,0.00004469026280074225
1916,0.000045011226322651334
1918,0.00004533622465652631
1920,0.00004566531971426384
1922,0.00004599857466169615
1924,0.0000463360539482023
1926,0.00004667782333715155
1928,0.00004702394993720511
1930,0.00004737450223450369
1932,0.000047729550125769317
1934,0.00004808916495235098
1936,0.00004845341953524457
1938,0.00004882238821111866
1940,0.00004919614686937926
1942,0.00004957477299030725
1944,0.000049958345684304124
1946,0.00005034694573228234
1948,0.00005074065562723848
1950,0.0000511395596170487
1952,0.000051543743748527
1954,0.00005195329591278926
1956,0.000052368305891966695
1958,0.00005278886540731464
1960,0.00005321506816876417
1962,0.00005364700992596583
1964,0.00005408478852087665
1966,0.000054528503941943714
1968,0.000054978258379939576
1970,0.0000554341562855069
1972,0.000055896304428471955
1974,0.0000563648119589892
1976,0.00005683979047058129
1978,0.000057321354065141595
1980,0.00005780961941996902
1982,0.000058304705856907676
1984,0.00005880673541366666
1986,0.00005931583291739882
1988,0.00005983212606061984
1990,0.00006035574547955285
1992,0.00006088682483498709
1994,0.00006142550089574268
1996,0.00006197191362483757
1998,0.00006252620626845658
2000,0.00006308852544782654
2002,0.00006365902125410624
2004,0.00006423784734640401
2006,0.0000648251610530409
2008,0.00006542112347618222
2010,0.00006602589959996548
2012,0.00006663965840225841
2014,0.00006726257297018626
2016,0.00006789482061957362
2018,0.00006853658301845268
2020,0.000069188046314796
2022,0.00006984940126863884
2024,0.0000705208433887641
2026,0.00007120257307412926
2028,0.00007189479576022392
2030,0.00007259772207055462
2032,0.00007331156797346164
2034,0.0000740365549444833
2036,0.00007477291013449145
2038,0.00007552086654383283
2040,0.00007628066320272242
2042,0.00007705254535814393
2044,0.00007783676466752757
2046,0.00007863357939948476
2048,0.00007944325464189465
2050,0.00008026606251765007
2052,0.00008110228240838529
2054,0.00008195220118652336
2056,0.00008281611345599696
2058,0.00008369432180201303
2060,0.00008458713705025054
2062,0.00008549487853589784
2064,0.00008641787438295758
2066,0.00008735646179426676
2068,0.00008831098735270217
2070,0.00008928180733406459
2072,0.00009026928803215936
2074,0.00009127380609661695
2076,0.00009229574888402467
2078,0.00009333551482296892
2080,0.00009439351379361825
2082,0.00009547016752250938
2084,0.00009656590999323239
2086,0.00009768118787374715
2088,0.00009881646096110082
2090,0.00009997220264435667
2092,0.00010114890038658655
2094,0.00010234705622682474
2096,0.0001035671873029276
2098,0.00010480982639633479
2100,0.00010607552249978038
2102,0.00010736484140905889
2104,0.00010867836634001104
2106,0.00011001669857195778
2108,0.00011138045811887806
2110,0.00011277028442969715
2112,0.00011418683711912842
2114,0.00011563079673059154
2116,0.00011710286553281567
2118,0.00011860376835182666
2120,0.00012013425344011366
2122,0.00012169509338487306
2124,0.0001232870860573367
2126,0.00012491105560530656
2128,0.00012656785349114178
2130,0.0001282583595775753
2132,0.00012998348326387598
2134,0.00013174416467502247
2136,0.0001335413759067117
2138,0.00013537612232919518
2140,0.00013724944395311628
2142,0.0001391624168607131
2144,0.0001411161547059569
2146,0.00014311181028741558
2148,0.00014515057719786465
2150,0.0001472336915549181
2152,0.00014936243381721828
2154,0.00015153813069101034
2156,0.00015376215713222997
2158,0.0001560359384495613
2160,0.00015836095251427177
2162,0.00016073873208300216
2164,0.00016317086724009595
2166,0.00016565900796647583
2168,0.00016820486684254276
2170,0.0001708102218930601
2172,0.00017347691958252256
2174,0.00017620687797007345
2176,0.00017900209003364928
2178,0.0001818646271736853
2180,0.00018479664290742303
2182,0.00018780037676562007
2184,0.00019087815840427994
2186,0.00019403241194489805
2188,0.00019726566055766877
2190,0.00020058053130311734
2192,0.00020397976024872071
2194,0.00020746619787826684
2196,0.00021104281481298094
2198,0.00021471270786482824
2200,0.00021847910644389167
2202,0.00022234537934333462
2204,0.0002263150419271975
2206,0.00023039176374815902
2208,0.00023457937662442634
2210,0.00023888188320712178
2212,0.00024330346607191766
2214,0.00024784849737125123
2216,0.0002525215490862528
2218,0.00025732740392054985
2220,0.00026227106688140575
2222,0.0002673577775972147
2224,0.000272593023424256
2226,0.000277982553399816
2228,0.0002835323931033614
2230,0.00028924886049241206
2232,0.00029513858278517376
2234,0.00030120851446786205
2236,0.00030746595651104575
2238,0.00031391857688630717
2240,0.00032057443248208797
2242,0.00032744199252585646
2244,0.0003345301636287248
2246,0.0003418483165784529
2248,0.0003494063150174678
2250,0.0003572145461541807
2252,0.00036528395366859873
2254,0.00037362607298709304
2256,0.00038225306911630696
2258,0.0003911777772426864
2260,0.00040041374632210884
2262,0.0004099752859037129
2264,0.0004198775164534293
2266,0.0004301364234660471
2268,0.0004407689156800688
2270,0.00045179288773730084
2272,0.00046322728765926173
2274,0.00047509218954527464
2276,0.00048740887193272144
2278,0.0005001999022985881
2280,0.000513489228223308
2282,0.0005273022757832096
2284,0.0005416660557867649
2286,0.0005566092785224703
2288,0.0005721624777426729
2290,0.0005883581446680345
2292,0.0006052308728615913
2294,0.0006228175148893446
2296,0.0006411573517557594
2298,0.0006602922761769264
2300,0.0006802669908307409
2302,0.000701129222801157
2304,0.0007229299555108425
2306,0.0007457236795113044
2308,0.0007695686635688828
2310,0.0007945272475451435
2312,0.0008206661586161245
2314,0.0008480568524000372
2316,0.0008767758805589139
2318,0.0009069052863953464
2320,0.0009385330298667946
2322,0.0009717534432690059
2324,0.0010066677185739416
2326,0.0010433844270173035
2328,0.0010820200709796266
2330,0.0011226996674468899
2332,0.001165557361313949
2334,0.0012107370654347326
2336,0.0012583931225375337
2338,0.0013086909818011763
2340,0.0013618078798923394
2342,0.0014179335124298916
2344,0.0014772706769678589
2346,0.0015400358624340046
2348,0.0016064597522413896
2350,0.0016767875986747006
2352,0.001751279414264766
2354,0.0018302099112873867
2356,0.001913868102816254
2358,0.0020025564574901204
2360,0.002096589474944426
2362,0.002196291519469341
2364,0.002301993715916462
2366,0.0024140296746608912
2368,0.0025327297727185762
2370,0.002658413678166384
2372,0.002791380768578642
2374,0.0029318980671193618
2376,0.0030801853107596286
2378,0.003236396785688518
2380,0.0034005996309707932
2382,0.00357274844221856
2384,0.0037526562246366435
2386,0.003939962071837818
2388,0.0041340964017537035
2390,0.004334245170880238
2392,0.0045393151986482215
2394,0.004747903517116906
2396,0.004958274424908685
2398,0.005168348525225117
2400,0.005375708278794639
2402,0.005577624298699499
2404,0.005771105581813731
2406,0.00595297503728906
2408,0.006119969130667987
2410,0.006268857514353885
2412,0.006396575645636487
2414,0.006500361165079424
2416,0.006577883697634861
2418,0.006627357973699954
2420,0.006647631643481867
2422,0.006638241493225459
2424,0.006599434476872329
2426,0.006532152655232534
2428,0.006437983598697276
2430,0.006319080048820432
2432,0.006178054675554731
2434,0.006017857529833942
2436,0.005841645043575746
2438,0.005652649873970891
2440,0.00545406032064414
2442,0.005248916476487472
2444,0.0050400279645681475
2446,0.004829915488298649
2448,0.004620775932406804
2450,0.0044144687538433544
2452,0.004212520084598537
2454,0.004016140353184015
2456,0.0038262512127198965
2458,0.003643517970158254
2460,0.0034683843616632897
2462,0.003301107258265331
2464,0.0031417896013965275
2466,0.0029904104921538144
2468,0.002846851860609392
2470,0.002710921518064687
2472,0.002582372657629036
2474,0.0024609200363554943
2476,0.0023462531667858082
2478,0.002238046887105803
2480,0.0021359696840674946
2482,0.0020396901246935504
2484,0.0019488817214379733
2486,0.0018632265179179403
2488,0.0017824176432229878
2490,0.00170616104507109
2492,0.001634176577384491
2494,0.0015661985870073197
2496,0.0015019761175242127
2498,0.0014412728253585657
2500,0.0013838666842279602
2502,0.0013295495382144142
2504,0.0012781265507394624
2506,0.0012294155861987807
2508,0.0011832465525192615
2510,0.001139460726106129
2512,0.0010979100752470314
2514,0.0010584565937766005
2516,0.0010209716534622447
2518,0.0009853353809701536
2520,0.0009514360632615123
2522,0.0009191695837318462
2524,0.0008884388902430978
2526,0.0008591534953292071
2528,0.0008312290082180281
2530,0.0008045866978544653
2532,0.000779153085791211
2534,0.0007548595676022473
2536,0.0007316420613449456
2538,0.0007094406815290775
2540,0.0006881994370297028
2542,0.0006678659513934069
2544,0.0006483912040242276
2546,0.00062972929078945
2548,0.0006118372026506173
2550,0.0005946746209972815
2552,0.0005782037284369658
2554,0.0005623890338720789
2556,0.000547197210771354
2558,0.0005325969476184863
2560,0.0005185588095931196
2562,0.0005050551106085852
2564,0.0004920597948964559
2566,0.0004795483273898373
2568,0.00046749759221529757
2570,0.00045588579865746417
2572,0.00044469239401065565
2574,0.00043389798277862707
2576,0.000423484251726718
2578,0.00041343390033061475
2580,0.0004037305762027453
2582,0.0003943588151112235
2584,0.0003853039852374387
2586,0.0003765522353470478
2588,0.00036809044657544455
2590,0.0003599061875529394
2592,0.0003519876726170478
2594,0.0003443237228796155
2596,0.00033690372993514954
2598,0.00032971762201381354
2600,0.0003227558323982171
2602,0.0003160092699374929
2604,0.00030946929150532274
2606,0.00030312767626065456
2608,0.0002969766015809217
2610,0.0002910086205477368
2612,0.0002852166408743509
2614,0.0002795939051727218
2616,0.00027413397246588297
2618,0.0002688307008585178
2620,0.00026367823128526095
2622,0.00025867097226233484
2624,0.00025380358557372133
2626,0.0002490709728282105
2628,0.00024446826282840077
2630,0.0002399907996970743
2632,0.00023563413171038462
2634,0.0002313940007909804
2636,0.0002272663326175931
2638,0.0002232472273107517
2640,0.00021933295065717845
2642,0.000215519925838089
2644,0.00021180472562908192
2646,0.00020818406504157728
2648,0.00020465479437786638
2650,0.00020121389267377442
2652,0.00019785846150473683
2654,0.00019458571913274936
2656,0.00019139299497319091
2658,0.00018827772436194232
2660,0.00018523744360454306
2662,0.000182269785290351
2664,0.00017937247385580406
2666,0.0001765433213819344
2668,0.0001737802236122624
2670,0.00017108115617810236
2672,0.00016844417101915686
2674,0.0001658673929880557
2676,0.00016334901662822516
2678,0.00016088730311514935
2680,0.00015848057735171414
2682,0.00015612722520891176
2684,0.00015382569090372847
2686,0.00015157447450654817
2688,0.00014937212957087667
2690,0.00014721726087863575
2692,0.00014510852229468682
2694,0.00014304461472462932
2696,0.00014102428417027987
2698,0.00013904631987757097
2700,0.00013710955257192458
2702,0.00013521285277644772
2704,0.00013335512920857118
2706,0.00013153532725101007
2708,0.00012975242749316396
2710,0.00012800544433930013
2712,0.0001262934246800724
2714,0.00012461544662412818
2716,0.0001229706182867373
2718,0.00012135807663255356
2720,0.00011977698636977964
2722,0.00011822653889316012
2724,0.00011670595127337035
2726,0.000115214465290503
2728,0.0001137513465094811
2730,0.00011231588339534477
2732,0.0001109073864664703
2734,0.00010952518748388602
2736,0.00010816863867494697
2738,0.00010683711198972429
2740,0.0001055299983885523
2742,0.00010424670715925863
2744,0.00010298666526268025
2746,0.0001017493167051417
2748,0.0001005341219366403
2750,0.00009934055727354835
2752,0.00009816811434470348
2754,0.00009701629955981639
2756,0.00009588463359917903
2758,0.00009477265092370906
2760,0.00009367989930441351
2762,0.00009260593937040192
2764,0.00009155034417462165
2766,0.00009051269877652966
2768,0.00008949259984095354
2770,0.00008848965525243148
2772,0.00008750348374435536
2774,0.00008653371454227418
2776,0.00008557998702074602
2778,0.00008464195037315624
2780,0.00008371926329394734
2782,0.00008281159367273267
2784,0.00008191861829979051
2786,0.00008104002258245997
2788,0.000080175500271981
2790,0.00007932475320034366
2792,0.0000784874910267314
2794,0.00007766343099316172
2796,0.00007685229768894702
2798,0.00007605382282361508
2800,0.0000752677450079443
2802,0.0000744938095427863
2804,0.00007373176821536143
2806,0.00007298137910272785
2808,0.00007224240638213801
2810,0.00007151462014800919
2812,0.00007079779623524627
2814,0.00007009171604866766
2816,0.00006939616639829466
2818,0.00006871093934027665
2820,0.00006803583202323268
2822,0.00006737064653980146
2824,0.00006671518978319857
2826,0.00006606927330859027
2828,0.00006543271319910029
2830,0.00006480532993627368
2832,0.00006418694827483047
2834,0.00006357739712154719
2836,0.00006297650941811258
2838,0.00006238412202780934
2840,0.0000618000756258805
2842,0.000061224214593444
2844,0.00006065638691482587
2846,0.00006009644407818668
2848,0.000059544240979321544
2850,0.00005899963582851873
2852,0.000058462490060366524
2854,0.00005793266824640255
2856,0.000057410038010503844
2858,0.000056894469946920186
2860,0.00005638583754085691
2862,0.000055884017091517365
2864,0.000055388887637518445
2866,0.0000549003308845962
2868,0.00005441823113552177
2870,0.00005394247522215094
2872,0.000053472952439533524
2874,0.000053009554482011867
2876,0.000052552175381240103
2878,0.000052100711446058844
2880,0.00005165506120416212
2882,0.00005121512534549599
2884,0.0000507808066673304
2886,0.00005035201002094827
2888,0.00004992864225989759
2890,0.000049510612189754584
2892,0.00004909783051934784
2894,0.00004869020981339526
2896,0.00004828766444650705
2898,0.00004789011055851044
2900,0.000047497466011052714
2902,0.00004710965034544108
2904,0.0000467265847416793
2906,0.00004634819197866279
2908,0.00004597439639549448
2910,0.000045605123853886085
2912,0.00004524030170160978
2914,0.00004487985873696741
2916,0.000044523725174244507
2918,0.000044171832610118656
2920,0.0000438241139909918
2922,0.000043480503581217975
2924,0.00004314093693219832
2926,0.00004280535085231664
2928,0.00004247368337768954
2930,0.00004214587374370587
2932,0.0000418218623573316
2934,0.000041501590770156415
2936,0.00004118500165215961
2938,0.000040872038766173605
2940,0.00004056264694302368
2942,0.00004025677205732385
2944,0.000039954361003909096
2946,0.00003965536167488503
2948,0.00003935972293727632
2950,0.00003906739461125665
2952,0.00003877832744894241
2954,0.00003849247311373401
2956,0.000038209784160188504
2958,0.00003793021401440802
2960,0.00003765371695492903
2962,0.0000373802480940979
2964,0.00003710976335991859
2966,0.00003684221947835902
2968,0.0000365775739561028
2970,0.000036315785063733674
2972,0.000036056811819340317
2974,0.00003580061397252949
2976,0.00003554715198883601
2978,0.000035296387034518464
2980,0.00003504828096172953
2982,0.00003480279629405073
2984,0.00003455989621238121
2986,0.000034319544541170843
2988,0.00003408170573498791
2990,0.00003384634486541242
2992,0.00003361342760824564
2994,0.00003338292023102776
2996,0.000033154789580854605
2998,0.00003292900307248578
3000,0.000032705528676735974
3002,0.00003248433490914194
3004,0.00003226539081889765
3006,0.00003204866597805036
3008,0.000031834130470950674
3010,0.000031621754883949784
3012,0.00003141151029533722
3014,0.0000312033682655129
3016,0.00003099730082738705
3018,0.00003079328047700225
3020,0.00003059128016437142
3022,0.000030391273284526503
3024,0.000030193233668771934
3026,0.000029997135576137815
3028,0.000029802953685027576
3030,0.000029610663085054993
3032,0.00002942023926906574
3034,0.000029231658125338787
3036,0.000029044895929962894
3038,0.00002885992933938385
3040,0.00002867673538311806
3042,0.000028495291456628245
3044,0.00002831557531435717
3046,0.000028137565062915423
3048,0.000027961239154419293
3050,0.000027786576379975145
3052,0.000027613555863306398
3054,0.00002744215705451983
3056,0.000027272359724007444
3058,0.00002710414395648078
3060,0.000026937490145134315
3062,0.000026772378985934747
3064,0.000026608791472033058
3066,0.000026446708888296487
3068,0.00002628611280595728
3070,0.000026126985077375556
3072,0.00002596930783091344
3074,0.000025813063465917765
3076,0.000025658234647808725
3078,0.00002550480430327202
3080,0.000025352755615551873
3082,0.000025202072019842618
3084,0.000025052737198776443
3086,0.000024904735078005085
3088,0.00002475804982187312
3090,0.000024612665829180837
3092,0.000024468567729034456
3094,0.00002432574037678177
3096,0.000024184168850031055
3098,0.000024043838444751423
3100,0.000023904734671452715
3102,0.000023766843251443003
3104,0.00002363015011316202
3106,0.000023494641388588656
3108,0.00002336030340972089
3110,0.00002322712270512648
3112,0.00002309508599656277
3114,0.000022964180195664067
3116,0.000022834392400694998
3118,0.000022705709893368468
3120,0.000022578120135726545
3122,0.00002245161076708314
3124,0.000022326169601026812
3126,0.000022201784622482542
3128,0.000022078443984831048
3130,0.000021956136007084414
3132,0.000021834849171116783
3134,0.00002171457211894882
3136,0.000021595293650084852
3138,0.000021477002718901474
3140,0.000021359688432086453
3142,0.00002124334004612691
3144,0.00002112794696484564
3146,0.00002101349873698451
3148,0.00002089998505383399
3150,0.000020787395746907713
3152,0.000020675720785661135
3154,0.000020564950275253392
3156,0.000020455074454351338
3158,0.000020346083692974878
3160,0.000020237968490382797
3162,0.000020130719472998074
3164,0.000020024327392371964
3166,0.000019918783123185973
3168,0.00001981407766129091
3170,0.000019710202121782262
3172,0.000019607147737111116
3174,0.000019504905855229855
3176,0.00001940346793777197
3178,0.00001930282555826515
3180,0.000019202970400377123
3182,0.000019103894256193364
3184,0.000019005589024526235
3186,0.000018908046709254716
3188,0.00001881125941769416
3190,0.000018715219358995526
3192,0.000018619918842573346
3194,0.000018525350276561994
3196,0.00001843150616629949
3198,0.000018338379112838493
3200,0.000018245961811483724
3202,0.000018154247050355463
3204,0.000018063227708978443
3206,0.00001797289675689572
3208,0.000017883247252306992
3210,0.000017794272340730865
3212,0.000017705965253690593
3214,0.00001761831930742283
3216,0.000017531327901608923
3218,0.000017444984518128305
3220,0.00001735928271983355
3222,0.000017274216149346666
3224,0.000017189778527876163
3226,0.000017105963654054587
3228,0.000017022765402796008
3230,0.000016940177724173103
3232,0.00001685819464231354
3234,0.000016776810254315102
3236,0.000016696018729179422
3238,0.000016615814306763725
3240,0.000016536191296750415
3242,0.00001645714407763408
3244,0.00001637866709572557
3246,0.000016300754864172878
3248,0.000016223401961998412
3250,0.000016146603033152467
3252,0.000016070352785582448
3254,0.00001599464599031766
3256,0.000015919477480569312
3258,0.000015844842150845454
3260,0.00001577073495608056
3262,0.000015697150910779515
3264,0.000015624085088175683
3266,0.000015551532619402837
3268,0.000015479488692680654
3270,0.000015407948552513557
3272,0.00001533690749890263
3274,0.000015266360886570355
3276,0.000015196304124197995
3278,0.000015126732673675276
3280,0.000015057642049362262
3282,0.000014989027817363123
3284,0.000014920885594811596
3286,0.00001485321104916791
3288,0.000014785999897527032
3290,0.00001471924790593791
3292,0.000014652950888733633
3294,0.000014587104707872226
3296,0.000014521705272287927
3298,0.00001445674853725273
3300,0.000014392230503748066
3302,0.000014328147217846333
3304,0.000014264494770102224
3306,0.000014201269294953573
3308,0.000014138466970131624
3310,0.000014076084016080487
3312,0.000014014116695385682
3314,0.000013952561312211566
3316,0.000013891414211747502
3318,0.000013830671779662607
3320,0.000013770330441568936
3322,0.000013710386662492959
3324,0.000013650836946355163
3326,0.000013591677835457649
3328,0.000013532905909979598
3330,0.000013474517787480442
3332,0.000013416510122410623
3334,0.000013358879605629805
3336,0.00001330162296393241
3338,0.000013244736959580338
3340,0.000013188218389842775
3342,0.000013132064086542941
3344,0.000013076270915611664
3346,0.000013020835776647665
3348,0.00001296575560248446
3350,0.000012911027358763725
3352,0.000012856648043515025
3354,0.000012802614686741857
3356,0.000012748924350013788
3358,0.000012695574126064701
3360,0.000012642561138396952
3362,0.000012589882540891405
3364,0.000012537535517423212
3366,0.000012485517281483249
3368,0.000012433825075805101
3370,0.000012382456171997536
3372,0.000012331407870182347
3374,0.000012280677498637465
3376,0.000012230262413445304
3378,0.000012180159998146182
3380,0.000012130367663396797
3382,0.000012080882846633636
3384,0.00001203170301174125
3386,0.00001198282564872531
3388,0.00001193424827339036
3390,0.000011885968427022225
3392,0.000011837983676074926
3394,0.000011790291611862122
3396,0.000011742889850252908
3398,0.000011695776031371986
3400,0.000011648947819304068
3402,0.000011602402901802495
3404,0.000011556138990001958
3406,0.0000115101538181353
3408,0.0000114644451432543
3410,0.00001141901074495438
3412,0.0000113738484251032
3414,0.000011328956007573024
3416,0.000011284331337976857
3418,0.000011239972283408265
3420,0.00001119587673218479
3422,0.000011152042593594975
3424,0.000011108467797648867
3426,0.000011065150294831984
3428,0.000011022088055862698
3430,0.000010979279071452939
3432,0.000010936721352072217
3434,0.000010894412927714866
3436,0.00001085235184767051
3438,0.000010810536180297627
3440,0.000010768964012800246
3442,0.000010727633451007677
3444,0.00001068654261915722
3446,0.000010645689659679856
3448,0.000010605072732988815
3450,0.000010564690017271025
3452,0.000010524539708281367
3454,0.000010484620019139693
3456,0.000010444929180130613
3458,0.000010405465438505914
3460,0.000010366227058289671
3462,0.000010327212320085952
3464,0.000010288419520889077
3466,0.000010249846973896427
3468,0.000010211493008323713
3470,0.000010173355969222739
3472,0.000010135434217301538
3474,0.000010097726128746905
3476,0.000010060230095049278
3478,0.000010022944522829913
3480,9.985867833670335e-6
3482,9.948998463944045e-6
3484,9.912334864650395e-6
3486,9.875875501250666e-6
3488,9.83961885350629e-6
3490,9.803563415319134e-6
3492,9.76770769457392e-6
3494,9.732050212982658e-6
3496,9.696589505931075e-6
3498,9.661324122327088e-6
3500,9.626252624451173e-6
3502,9.591373587808702e-6
3504,9.55668560098415e-6
3506,9.522187265497203e-6
3508,9.487877195660679e-6
3510,9.453754018440288e-6
3512,9.419816373316186e-6
3514,9.386062912146263e-6
3516,9.352492299031198e-6
3518,9.31910321018122e-6
3520,9.285894333784567e-6
3522,9.252864369877574e-6
3524,9.220012030216453e-6
3526,9.187336038150643e-6
3528,9.154835128497785e-6
3530,9.122508047420246e-6
3532,9.09035355230321e-6
3534,9.058370411634288e-6
3536,9.026557404884612e-6
3538,8.994913322391446e-6
3540,8.963436965242238e-6
3542,8.932127145160116e-6
3544,8.900982684390803e-6
3546,8.870002415590937e-6
3548,8.83918518171777e-6
3550,8.80852983592022e-6
3552,8.778035241431284e-6
3554,8.74770027146175e-6
3556,8.717523809095236e-6
3558,8.687504747184494e-6
3560,8.657641988249003e-6
3562,8.627934444373797e-6
3564,8.598381037109527e-6
3566,8.568980697373758e-6
3568,8.53973236535344e-6
3570,8.510634990408567e-6
3572,8.481687530977023e-6
3574,8.452888954480558e-6
3576,8.424238237231886e-6
3578,8.395734364342938e-6
3580,8.367376329634196e-6
3582,8.339163135545108e-6
3584,8.311093793045588e-6
3586,8.283167321548584e-6
3588,8.255382748823663e-6
3590,8.227739110911652e-6
3592,8.200235452040271e-6
3594,8.172870824540803e-6
3596,8.14564428876571e-6
3598,8.118554913007252e-6
3600,8.09160177341706e-6
3602,8.064783953926667e-6
3604,8.038100546168952e-6
3606,8.011550649400533e-6
3608,7.985133370425058e-6
3610,7.958847823517394e-6
3612,7.93269313034872e-6
3614,7.906668419912456e-6
3616,7.880772828451115e-6
3618,7.855005499383945e-6
3620,7.82936558323545e-6
3622,7.803852237564742e-6
3624,7.778464626895681e-6
3626,7.753201922647853e-6
3628,7.728063303068336e-6
3630,7.703047953164242e-6
3632,7.67815506463605e-6
3634,7.653383835811704e-6
3636,7.6287334715814435e-6
3638,7.604203183333423e-6
3640,7.579792188890023e-6
3642,7.555499712444926e-6
3644,7.5313249845008694e-6
3646,7.507267241808154e-6
3648,7.483325727303814e-6
3650,7.45949969005148e-6
3652,7.435788385181953e-6
3654,7.412191073834413e-6
3656,7.388707023098312e-6
3658,7.365335505955919e-6
3660,7.342075801225505e-6
3662,7.318927193505175e-6
3664,7.2958889731173255e-6
3666,7.272960436053717e-6
3668,7.250140883921177e-6
3670,7.227429623887888e-6
3672,7.2048259686302995e-6
3674,7.182329236280598e-6
3676,7.1599387503748e-6
3678,7.137653839801379e-6
3680,7.115473838750496e-6
3682,7.093398086663766e-6
3684,7.071425928184605e-6
3686,7.049556713109089e-6
3688,7.02778979633739e-6
3690,7.0061245378257226e-6
3692,6.98456030253882e-6
3694,6.963096460402945e-6
3696,6.941732386259398e-6
3698,6.920467459818536e-6
3700,6.899301065614302e-6
3702,6.8782325929592395e-6
3704,6.857261435899998e-6
3706,6.8363869931733275e-6
3708,6.815608668162538e-6
3710,6.794925868854441e-6
3712,6.774338007796752e-6
3714,6.7538445020559485e-6
3716,6.733444773175585e-6
3718,6.713138247135062e-6
3720,6.692924354308824e-6
3722,6.672802529426005e-6
3724,6.652772211530505e-6
3726,6.632832843941491e-6
3728,6.612983874214314e-6
3730,6.593224754101859e-6
3732,6.573554939516278e-6
3734,6.553973890491164e-6
3736,6.534481071144094e-6
3738,6.515075949639594e-6
3740,6.495757998152474e-6
3742,6.476526692831564e-6
3744,6.457381513763836e-6
3746,6.4383219449388825e-6
3748,6.41934747421379e-6
3750,6.400457593278371e-6
3752,6.381651797620761e-6
3754,6.3629295864933764e-6
3756,6.344290462879229e-6
3758,6.325733933458587e-6
3760,6.307259508575991e-6
3762,6.288866702207605e-6
3764,6.270555031928916e-6
3766,6.252324018882751e-6
3768,6.234173187747652e-6
3770,6.216102066706546e-6
3772,6.198110187415768e-6
3774,6.180197084974382e-6
3776,6.162362297893832e-6
3778,6.144605368067892e-6
3780,6.126925840742935e-6
3782,6.109323264488502e-6
3784,6.091797191168171e-6
3786,6.074347175910728e-6
3788,6.056972777081627e-6
3790,6.039673556254741e-6
3792,6.022449078184411e-6
3794,6.00529891077776e-6
3796,5.988222625067298e-6
3798,5.971219795183819e-6
3800,5.954289998329538e-6
3802,5.93743281475153e-6
3804,5.920647827715424e-6
3806,5.9039346234793625e-6
3808,5.8872927912682225e-6
3810,5.870721923248098e-6
3812,5.854221614501039e-6
3814,5.837791463000034e-6
3816,5.8214310695842586e-6
3818,5.805140037934556e-6
3820,5.788917974549171e-6
3822,5.772764488719725e-6
3824,5.75667919250742e-6
3826,5.740661700719496e-6
3828,5.724711630885906e-6
3830,5.70882860323623e-6
3832,5.693012240676812e-6
3834,5.677262168768136e-6
3836,5.661578015702398e-6
3838,5.645959412281334e-6
3840,5.630405991894232e-6
3842,5.614917390496186e-6
3844,5.599493246586546e-6
3846,5.584133201187591e-6
3848,5.568836897823396e-6
3850,5.553603982498922e-6
3852,5.5384341036793e-6
3854,5.523326912269317e-6
3856,5.508282061593101e-6
3858,5.4932992073740105e-6
3860,5.478378007714709e-6
3862,5.463518123077433e-6
3864,5.448719216264465e-6
3866,5.433980952398775e-6
3868,5.419302998904863e-6
3870,5.404685025489777e-6
3872,5.390126704124319e-6
3874,5.375627709024433e-6
3876,5.361187716632764e-6
3878,5.3468064056003935e-6
3880,5.3324834567687666e-6
3882,5.3182185531517655e-6
3884,5.304011379917975e-6
3886,5.289861624373106e-6
3888,5.2757689759425894e-6
3890,5.2617331261543345e-6
3892,5.247753768621653e-6
3894,5.23383059902634e-6
3896,5.219963315101921e-6
3898,5.206151616617056e-6
3900,5.192395205359089e-6
3902,5.178693785117772e-6
3904,5.165047061669127e-6
3906,5.1514547427594625e-6
3908,5.137916538089544e-6
3910,5.1244321592989144e-6
3912,5.111001319950347e-6
3914,5.097623735514466e-6
3916,5.084299123354487e-6
3918,5.0710272027111185e-6
3920,5.057807694687592e-6
3922,5.044640322234843e-6
3924,5.03152481013681e-6
3926,5.018460884995898e-6
3928,5.005448275218538e-6
3930,4.992486711000931e-6
3932,4.979575924314867e-6
3934,4.966715648893723e-6
3936,4.953905620218559e-6
3938,4.941145575504355e-6
3940,4.928435253686375e-6
3942,4.915774395406652e-6
3944,4.903162743000589e-6
3946,4.890600040483703e-6
3948,4.878086033538477e-6
3950,4.865620469501325e-6
3952,4.85320309734969e-6
3954,4.840833667689253e-6
3956,4.82851193274126e-6
3958,4.816237646329958e-6
3960,4.8040105638701565e-6
3962,4.791830442354885e-6
3964,4.779697040343184e-6
3966,4.767610117947981e-6
3968,4.755569436824098e-6
3970,4.743574760156358e-6
3972,4.731625852647787e-6
3974,4.719722480507951e-6
3976,4.707864411441364e-6
3978,4.6960514146360234e-6
3980,4.684283260752037e-6
3982,4.672559721910359e-6
3984,4.660880571681619e-6
3986,4.6492455850750556e-6
3988,4.637654538527547e-6
3990,4.626107209892734e-6
3992,4.614603378430251e-6
3994,4.603142824795048e-6
3996,4.591725331026795e-6
3998,4.5803506805394025e-6
4000,4.569018658110608e-6
