500,9.973563875628913e-6
502,0.000010107937232982892
504,0.000010240872037462684
506,0.000010370852012052401
508,0.000010496504011536947
510,0.000010616689296332316
512,0.000010730589420954851
514,0.000010837777406911411
516,0.000010938265743254915
518,0.000011032525250792139
520,0.000011121472567981002
522,0.00001120642822074103
524,0.0000112890510316049
526,0.00001137125723709146
528,0.000011455133691252855
530,0.000011542853943441482
532,0.000011636604159624786
534,0.000011738523376446381
536,0.000011850660010941232
538,0.000011974944337296732
540,0.000012113175028678914
542,0.00001226701690188698
544,0.000012438006615118252
546,0.000012627563104207283
548,0.000012836999835813618
550,0.00001306753636426953
552,0.000013320307097417126
554,0.000013596365541513478
556,0.000013896682576888942
558,0.000014222137511970639
560,0.000014573500789983966
562,0.000014951407309781597
564,0.000015356319409089435
566,0.00001578847869193212
568,0.000016247846115479247
570,0.000016734030143238325
572,0.000017246203381255126
574,0.00001778300899741245
576,0.000018342459423247433
578,0.00001892183136889294
580,0.000019517563018887347
582,0.000020125161335188462
584,0.000020739129515081357
586,0.00002135292659066676
588,0.000021958972574470038
590,0.00002254871301991575
592,0.000023112755863131385
594,0.000023641090392853663
596,0.000024123392666493924
598,0.000024549413399788582
600,0.000024909433551993766
602,0.000025194760534303045
604,0.000025398226142522443
606,0.0000255146386801142
608,0.000025541139189250327
610,0.000025477417357201303
612,0.000025325756860413537
614,0.000025090900695141
616,0.000024779750440971708
618,0.0000244009345008073
620,0.000023964294825880428
622,0.0000234803470076267
624,0.000022959764871879823
626,0.00002241292993203013
628,0.000021849571510753365
630,0.000021278508369852476
632,0.000020707489878975072
634,0.000020143125542895493
636,0.000019590886423015366
638,0.00001905516015961275
640,0.000018539342037911106
642,0.0000180459468658377
644,0.0000175767294923998
646,0.00001713280496364239
648,0.00001671476219290121
650,0.00001632276741498606
652,0.000015956655542977853
654,0.000015616008882275467
656,0.000015300223555146914
658,0.000015008564541391375
660,0.000014740210535206806
662,0.000014494289931570665
664,0.000014269909248868871
666,0.000014066175214694372
668,0.00001388221162215905
670,0.000013717171927624805
672,0.000013570248422288708
674,0.000013440678678488217
676,0.000013327749851744644
678,0.000013230801313498954
680,0.000013149225997520207
682,0.00001308247076434226
684,0.000013030036021504344
686,0.00001299147478129178
688,0.000012966391290518191
690,0.00001295443932718756
692,0.000012955320225341463
694,0.000012968780661010711
696,0.000012994610208243934
698,0.000013032638654354794
700,0.000013082733047952398
702,0.000013144794442690567
704,0.000013218754295347834
706,0.000013304570480945107
708,0.000013402222903041914
710,0.000013511708707790924
712,0.000013633037159912864
714,0.000013766224311487834
716,0.000013911287693120064
718,0.000014068241381458238
720,0.000014237091941792315
722,0.00001441783589600379
724,0.000014610459500427187
726,0.000014814941699331223
728,0.000015031261102037774
730,0.000015259407666436928
732,0.00001549939941997643
734,0.00001575130400018556
736,0.000016015264086390385
738,0.00001629152501725291
740,0.00001658046219404594
742,0.000016882605432340287
744,0.000017198657397286415
746,0.00001752950371281375
748,0.000017876213225724213
750,0.000018240028061675
752,0.00001862234428075569
754,0.00001902468486935619
756,0.000019448667307718256
758,0.00001989596796568388
760,0.000020368285165577033
762,0.00002086730206484546
764,0.0000213946497424479
766,0.000021951870198130114
768,0.0000225403785233455
770,0.000023161423353431366
772,0.00002381604489370574
774,0.000024505030326541703
776,0.000025228867230132602
778,0.00002598769673074857
780,0.000026781269398126704
782,0.000027608908261570023
784,0.000028469484590572803
786,0.000029361412989628693
788,0.00003028267257402905
790,0.000031230860162614303
792,0.000032203279231581755
794,0.00003319706466650695
796,0.000034209338259991696
798,0.00003523738395106316
800,0.0000362788259259211
802,0.00003733178815202252
804,0.00003839501203247649
806,0.00003946791071155219
808,0.00004055054456741684
810,0.000041643512134993614
812,0.000042747762722352916
814,0.00004386434924108141
816,0.000044994149952565044
818,0.00004613759391317323
820,0.000047294425560474194
822,0.00004846353870516838
824,0.0000496428996710096
826,0.000050829564750363625
828,0.000052019780501652435
830,0.00005320913928758371
832,0.00005439274983550644
834,0.00005556537650576614
836,0.00005672150374419339
838,0.000057855294789027384
840,0.00005896043495301895
842,0.000060029876386354164
844,0.00006105552821054618
846,0.00006202795783421077
848,0.00006293618134374773
850,0.000063767619955066
852,0.00006450828454520245
854,0.0000651432223231849
856,0.00006565722186414897
858,0.00006603573008746176
860,0.00006626589410628515
862,0.00006633761005479356
864,0.00006624444746172739
866,0.00006598432646914672
868,0.00006555985664724938
870,0.00006497829520083871
872,0.00006425113903991111
874,0.00006339341730514856
876,0.00006242278765095858
878,0.00006135855452167199
880,0.000060220720388726126
882,0.000059029156375638526
884,0.00005780294497624038
886,0.0000565599131946834
888,0.00005531634609276003
890,0.00005408685207370598
892,0.00005288434281838313
894,0.00005172009085575376
896,0.00005060383335194657
898,0.00004954389879258527
900,0.00004854734138835685
902,0.00004762007476311446
904,0.00004676700118634957
906,0.0000459921353382222
908,0.000045298722759613795
910,0.00004468935327772607
912,0.00004416606930751465
914,0.000043730468389115135
916,0.00004338379886657534
918,0.00004312704734825064
920,0.00004296101651958781
922,0.000042886391948172305
924,0.00004290379664447525
926,0.00004301383223396629
928,0.00004321710558784796
930,0.000043514239608524425
932,0.00004390586656334406
934,0.0000443926019341535
936,0.00004497499626605878
938,0.000045653462055988466
940,0.000046428172446305076
942,0.000047298928522550955
944,0.00004826499250371848
946,0.00004932488520210317
948,0.000050476147958407505
950,0.00005171507196439242
952,0.00005303640159718167
954,0.00005443302319000889
956,0.000055895656525391546
958,0.00005741257301228759
960,0.00005896937140860555
962,0.00006054884803196
964,0.00006213100213899413
966,0.00006369321665705868
968,0.00006521064779958477
970,0.00006665684289248473
972,0.00006800458381522665
974,0.00006922692550891115
976,0.00007029836882998645
978,0.00007119608012803069
980,0.00007190105228949232
982,0.00007239909838752813
984,0.00007268158144029395
986,0.00007274581038103034
988,0.0000725950682435152
990,0.00007223827716816424
992,0.00007168933986383283
994,0.00007096622421386519
996,0.00007008987481476681
998,0.00006908304243395333
1000,0.00006796912088514353
1002,0.00006677107225515252
1004,0.00006551050739606119
1006,0.00006420697071319562
1008,0.0000628774581505812
1010,0.00006153617652554359
1012,0.000060194532509244856
1014,0.00005886132190190165
1016,0.000057543075527188915
1018,0.00005624450808458792
1020,0.00005496901160979404
1022,0.00005371913657055756
1024,0.0000524970113127928
1026,0.00005130466389563631
1028,0.00005014422751529507
1030,0.000049018028974675995
1032,0.000047928575918298714
1034,0.000046878470179601315
1036,0.000045870280071446876
1038,0.00004490640370562346
1040,0.000043988949623830776
1042,0.000043119652090672155
1044,0.00004229982844466259
1046,0.000041530376748221376
1048,0.000040811804912855144
1050,0.000040144278203061364
1052,0.00003952767070571827
1054,0.00003896160770703814
1056,0.00003844548931872986
1058,0.000037978490292011114
1060,0.00003755953584166082
1062,0.00003718725766565108
1064,0.00003685993762512245
1066,0.00003657544848823669
1068,0.000036331201764064835
1070,0.000036124112166617576
1072,0.000035950586925893635
1074,0.0000358065462471838
1076,0.00003568747889433182
1078,0.00003558853427099832
1080,0.00003550464961348931
1082,0.0000354307081081453
1084,0.00003536172101699932
1086,0.00003529302432441564
1088,0.00003522047807992419
1090,0.000035140654637219296
1092,0.00003505100065185098
1094,0.000034949957467886565
1096,0.00003483702596958259
1098,0.000034712765539404304
1100,0.00003457872246058052
1102,0.00003443729031956057
1104,0.000034291512521110466
1106,0.000034144843499544765
1108,0.000034000889379376555
1110,0.00003386315009133508
1112,0.00003373478341078896
1114,0.00003361840778297693
1116,0.00003351595613298464
1118,0.00003342858803700745
1120,0.00003335666321807021
1122,0.000033299775465506574
1124,0.00003325684258148757
1126,0.000033226244537796625
1128,0.0000332059985222699
1130,0.000033193956124380826
1132,0.00003318800508232855
1134,0.00003318625657623739
1136,0.00003318719978447883
1138,0.000033189808769489385
1140,0.00003319359257511411
1142,0.00003319858687424672
1144,0.000033205293264197104
1146,0.00003321457886187991
1148,0.00003322755293292861
1150,0.00003324543818548987
1152,0.00003326945205886718
1154,0.00003330070848993085
1156,0.00003334014438541763
1158,0.00003338846874685734
1160,0.00003344612743850057
1162,0.00003351327401724362
1164,0.00003358973740665683
1166,0.00003367498040499045
1168,0.000033768048347052286
1170,0.00003386751349459971
1172,0.0000339714265062014
1174,0.00003407729032406982
1176,0.00003418207302993982
1178,0.00003428227414406253
1180,0.000034374053456693546
1182,0.00003445342329247657
1184,0.000034516495143014954
1186,0.000034559761397878915
1188,0.000034580384376700625
1190,0.000034576459997152886
1192,0.00003454722374981281
1194,0.000034493172744248644
1196,0.00003441608863763151
1198,0.00003431896014408302
1200,0.00003420581765031085
1202,0.000034081503385011986
1204,0.00003395140663930686
1206,0.00003382119411005118
1208,0.00003369656128480524
1210,0.000033583023568663616
1212,0.00003348575752214966
1214,0.000033409494825108776
1216,0.000033358465504571076
1218,0.00003333638301137841
1220,0.00003334646181696396
1222,0.0000333914579207315
1224,0.000033473723481113976
1226,0.00003359526820574873
1228,0.000033757821759132145
1230,0.00003396289299939557
1232,0.00003421182318732052
1234,0.00003450583135920066
1236,0.00003484605082040823
1238,0.000035233556233428376
1240,0.00003566938109374649
1242,0.00003615452556415802
1244,0.00003668995472418536
1246,0.000037276587330315174
1248,0.00003791527520930887
1250,0.00003860677344511862
1252,0.00003935170158374579
1254,0.000040150496174526494
1256,0.00004100335509107692
1258,0.00004191017423500191
1260,0.00004287047744314792
1262,0.00004388334075242453
1264,0.0000449473127313159
1266,0.000046060333517263065
1268,0.00004721965667254002
1270,0.000048421780099533124
1272,0.000049662394983627
1274,0.00005093636471253173
1276,0.00005223774823539577
1278,0.000053559883299505364
1280,0.0000548955431849673
1282,0.00005623717486557108
1284,0.00005757721650602606
1286,0.00005890847849335865
1288,0.000060224556759845094
1290,0.00006152023315525935
1292,0.00006279180881896466
1294,0.00006403731619229245
1296,0.00006525656521588291
1298,0.00006645099869844977
1300,0.00006762335768046898
1302,0.00006877718502785519
1304,0.00006991621935660314
1306,0.00007104374770426767
1308,0.00007216199212055833
1310,0.00007327160260349457
1312,0.00007437131804571293
1314,0.00007545784008042568
1316,0.00007652594373545695
1318,0.00007756882502503036
1320,0.00007857866036049624
1322,0.00007954732776901182
1324,0.00008046721812501607
1326,0.00008133204950413653
1328,0.00008213759300665617
1330,0.00008288222643459493
1332,0.00008356725312347855
1334,0.0000841969541378818
1336,0.00008477837749682767
1338,0.00008532090145330053
1340,0.00008583563403678207
1342,0.00008633472412048954
1344,0.000086830659158456
1346,0.00008733561325817974
1348,0.0000878608902931829
1350,0.00008841648515524573
1352,0.00008901076665606126
1354,0.00008965027154946814
1356,0.00009033959246007529
1358,0.00009108134301888886
1360,0.00009187618931266652
1362,0.00009272294476566904
1364,0.00009361873236119092
1366,0.00009455922078887304
1368,0.00009553893804477583
1370,0.00009655165722711911
1372,0.00009759083639625298
1374,0.00009865008028694456
1376,0.00009972357989136914
1378,0.00010080647988964034
1380,0.0001018951261760792
1382,0.0001029871574364465
1384,0.00010408142512040177
1386,0.00010517775251608047
1388,0.00010627657165546751
1390,0.00010737850130760063
1392,0.00010848394539318989
1394,0.00010959279504392618
1396,0.00011070430748186274
1398,0.00011181721149918015
1400,0.00011293005548723645
1402,0.00011404177463004605
1404,0.00011515241546082293
1406,0.00011626392552690183
1408,0.00011738089981658407
1410,0.00011851117803736227
1412,0.00011966620827126623
1414,0.00012086112907050918
1416,0.00012211456606076151
1418,0.0001234481811883128
1420,0.00012488604437257918
1422,0.0001264539132209476
1424,0.0001281785056783324
1426,0.00013008683600214453
1428,0.00013220566165018385
1430,0.00013456106339777426
1432,0.00013717815803649026
1434,0.00014008092524461638
1436,0.00014329211862822475
1438,0.0001468332250153544
1440,0.0001507244345297858
1442,0.0001549845852319169
1444,0.0001596310488308949
1446,0.00016467952718225338
1448,0.00017014373249337145
1450,0.00017603492731514564
1452,0.00018236130383885953
1454,0.00018912718639802148
1456,0.0001963320473028289
1458,0.00020396933528872048
1460,0.00021202512907595846
1462,0.00022047664682491304
1464,0.00022929066623721004
1466,0.0002384219395034655
1468,0.0002478117207567003
1470,0.0002573865578966595
1472,0.000267057530217185
1474,0.00027672013074410266
1476,0.0002862549888172412
1478,0.0002955295958452422
1480,0.0003044011298929396
1482,0.00031272037335013016
1484,0.0003203365913224753
1486,0.0003271031045852028
1488,0.0003328831747006748
1490,0.00033755574621295364
1492,0.0003410205813835919
1494,0.00034320238303977625
1496,0.0003440536201192569
1498,0.0003435559227595179
1500,0.0003417200660818376
1502,0.0003385846838402037
1504,0.0003342139267814704
1506,0.0003286943046413034
1508,0.00032213093869327985
1510,0.0003146434245193476
1512,0.00030636148102370655
1514,0.00029742055141726526
1516,0.00028795752348128315
1518,0.00027810674020861296
1520,0.00026799646608605197
1522,0.0002577459507115992
1524,0.00024746318901344895
1526,0.0002372434217407533
1528,0.00022716836084349184
1530,0.00021730607190741411
1532,0.0002077114073776285
1534,0.00019842686324408066
1536,0.0001894837276046901
1538,0.0001809033987382131
1540,0.0001726987684100524
1542,0.00016487558851582208
1544,0.0001574337620902497
1546,0.00015036852059800422
1548,0.0001436714668553985
1550,0.00013733147641201596
1552,0.00013133545988855405
1554,0.00012566899512352596
1556,0.00012031684168008872
1558,0.00011526335196823377
1560,0.00011049279353935136
1562,0.0001059895964962021
1564,0.00010173853880566285
1566,0.00009772488087591166
1568,0.00009393445925039399
1570,0.0000903537477979298
1572,0.00008696989341253357
1574,0.00008377073201417695
1576,0.00008074478957589247
1578,0.00007788127199168342
1580,0.00007517004683346003
1582,0.0000726016194090351
1584,0.00007016710501077382
1586,0.00006785819881951195
1588,0.00006566714458556153
1590,0.00006358670293425247
1592,0.0000616101199254687
1594,0.00005973109632469369
1596,0.0000579437579084692
1598,0.000056242627022617436
1600,0.00005462259553108857
1602,0.000053078899231959114
1604,0.000051607093770934427
1606,0.00005020303204847445
1608,0.00004886284309177578
1610,0.00004758291234523078
1612,0.00004635986332099444
1614,0.00004519054054361202
1616,0.000044071993718259275
1618,0.000043001463050208044
1620,0.00004197636564301551
1622,0.00004099428290414651
1624,0.00004005294888889033
1626,0.000039150239516228665
1628,0.00003828416259352074
1630,0.00003745284859032453
1632,0.000036654542105237916
1634,0.0000358875939732249
1636,0.00003515045396442041
1638,0.000034441664028832386
1640,0.000033759852044647897
1642,0.00003310372603097948
1644,0.000032472068788844667
1646,0.00003186373293695063
1648,0.000031277636311455165
1650,0.00003071275770129728
1652,0.00003016813289294114
1654,0.000029642851000462076
1656,0.00002913605105883149
1658,0.000028646918860036984
1660,0.000028174684013314317
1662,0.000027718617212277664
1664,0.00002727802769312337
1666,0.00002685226086935835
1668,0.00002644069612967624
1670,0.000026042744786680146
1672,0.000025657848165137755
1674,0.000025285475819360105
1676,0.0000249251238701256
1678,0.000024576313452332585
1680,0.000024238589265261952
1682,0.000023911518217971934
1684,0.00002359468816293452
1686,0.000023287706711561846
1688,0.000022990200125765177
1690,0.000022701812280142838
1692,0.000022422203689809756
1694,0.000022151050599263676
1696,0.000021888044128034087
1698,0.00002163288946918261
1700,0.000021385305137019933
1702,0.000021145022260676956
1704,0.000020911783920418563
1706,0.000020685344523818846
1708,0.000020465469219129135
1710,0.000020251933343365454
1712,0.000020044521902822134
1714,0.000019843029083884396
1716,0.000019647257792165497
1718,0.00001945701921813526
1720,0.000019272132427537162
1722,0.000019092423975011152
1724,0.00001891772753945063
1726,0.00001874788357972449
1728,0.00001858273900949019
1730,0.00001842214688991125
1732,0.000018265966139174176
1734,0.000018114061257774562
1736,0.00001796630206861207
1738,0.000017822563470998294
1740,0.000017682725207741343
1742,0.000017546671644526533
1744,0.00001741429156086389
1746,0.000017285477951921077
1748,0.000017160127840604512
1750,0.000017038142099292977
1752,0.000016919425280665917
1754,0.000016803885457104646
1756,0.000016691434068177537
1758,0.000016581985775751246
1760,0.000016475458326298728
1762,0.00001637177242000154
1764,0.00001627085158626882
1766,0.00001617262206531873
1768,0.000016077012695489596
1770,0.00001598395480596843
1772,0.0000158933821146433
1774,0.000015805230630803597
1776,0.00001571943856242895
1778,0.000015635946227822582
1780,0.00001555469597135973
1782,0.000015475632083134785
1784,0.000015398700722303804
1786,0.000015323849843930558
1788,0.000015251029129155499
1790,0.000015180189918517272
1792,0.000015111285148266217
1794,0.00001504426928951827
1796,0.000014979098290106333
1798,0.000014915729518994068
1800,0.00001485412171312468
1802,0.000014794234926584267
1804,0.000014736030481965904
1806,0.00001467947092382695
1808,0.000014624519974137833
1810,0.000014571142489626101
1812,0.00001451930442092467
1814,0.000014468972773438224
1816,0.00001442011556984599
1818,0.00001437270181416381
1820,0.000014326701457292196
1822,0.000014282085363981029
1824,0.000014238825281145131
1826,0.000014196893807468416
1828,0.000014156264364237329
1830,0.000014116911167347632
1832,0.000014078809200431142
1834,0.000014041934189051899
1836,0.000014006262575923785
1838,0.00001397177149710393
1840,0.000013938438759118587
1842,0.000013906242816980332
1844,0.000013875162753057344
1846,0.000013845178256757635
1848,0.000013816269604992743
1850,0.000013788417643387216
1852,0.00001376160376820182
1854,0.000013735809908939974
1856,0.00001371101851160828
1858,0.000013687212522603536
1860,0.00001366437537319983
1862,0.000013642490964610585
1864,0.000013621543653601597
1866,0.00001360151823863228
1868,0.000013582399946503287
1870,0.000013564174419489762
1872,0.000013546827702940431
1874,0.000013530346233323598
1876,0.00001351471682670201
1878,0.000013499926667619365
1880,0.000013485963298382016
1882,0.000013472814608720145
1884,0.000013460468825813407
1886,0.0000134489145046667
1888,0.00001343814051882235
1890,0.000013428136051395584
1892,0.000013418890586420819
1894,0.000013410393900496697
1896,0.0000134026360547185
1898,0.000013395607386886883
1900,0.000013389298503982471
1902,0.000013383700274896329
1904,0.000013378803823406576
1906,0.000013374600521391994
1908,0.000013371081982273859
1910,0.000013368240054677426
1912,0.000013366066816305098
1914,0.000013364554568013432
1916,0.000013363695828086592
1918,0.000013363483326699126
1920,0.000013363910000561191
1922,0.000013364968987739727
1924,0.00001336665362264926
1926,0.000013368957431206297
1928,0.000013371874126141583
1930,0.000013375397602464589
1932,0.000013379521933074971
1934,0.000013384241364515843
1936,0.000013389550312863975
1938,0.00001339544335975219
1940,0.000013401915248519415
1942,0.000013408960880484098
1944,0.0000134165753113367
1946,0.000013424753747647372
1948,0.000013433491543484853
1950,0.000013442784197142952
1952,0.000013452627347970982
1954,0.000013463016773304789
1956,0.000013473948385495019
1958,0.000013485418229029475
1960,0.000013497422477746527
1962,0.000013509957432136616
1964,0.00001352301951672903
1966,0.000013536605277561293
1968,0.000013550711379728435
1970,0.000013565334605009774
1972,0.000013580471849570657
1974,0.00001359612012173692
1976,0.000013612276539839774
1978,0.000013628938330128979
1980,0.000013646102824752207
1982,0.000013663767459798616
1984,0.000013681929773404677
1986,0.00001370058740392041
1988,0.00001371973808813425
1990,0.00001373937965955477
1992,0.000013759510046747664
1994,0.000013780127271726344
1996,0.000013801229448394623
1998,0.000013822814781039966
2000,0.00001384488156287596
2002,0.000013867428174632492
2004,0.000013890453083192442
2006,0.000013913954840273487
2008,0.000013937932081153866
2010,0.000013962383523440861
2012,0.000013987307965880873
2014,0.000014012704287209955
2016,0.00001403857144504379
2018,0.000014064908474806013
2020,0.00001409171448869391
2022,0.000014118988674680605
2024,0.000014146730295552663
2026,0.00001417493868798239
2028,0.00001420361326163384
2030,0.000014232753498301777
2032,0.000014262358951082769
2034,0.000014292429243577643
2036,0.000014322964069124582
2038,0.000014353963190062124
2040,0.000014385426437021405
2042,0.000014417353708246955
2044,0.000014449744968945439
2046,0.000014482600250661717
2048,0.000014515919650681624
2050,0.000014549703331460908
2052,0.000014583951520079775
2054,0.000014618664507722563
2056,0.000014653842649181909
2058,0.000014689486362387118
2060,0.000014725596127956047
2062,0.000014762172488770236
2064,0.000014799216049572765
2066,0.000014836727476588416
2068,0.000014874707497165778
2070,0.000014913156899440898
2072,0.000014952076532022105
2074,0.00001499146730369567
2076,0.00001503133018315194
2078,0.00001507166619873165
2080,0.000015112476438192088
2082,0.00001515376204849286
2084,0.000015195524235600855
2086,0.000015237764264314334
2088,0.00001528048345810567
2090,0.00001532368319898271
2092,0.000015367364927368306
2094,0.00001541153014199802
2096,0.000015456180399835612
2098,0.00001550131731600621
2100,0.00001554694256374695
2102,0.00001559305787437491
2104,0.000015639665037272177
2106,0.000015686765899887903
2108,0.000015734362367757137
2110,0.000015782456404536434
2112,0.00001583105003205595
2114,0.00001588014533038806
2116,0.000015929744437932268
2118,0.000015979849551516382
2120,0.000016030462926513865
2122,0.000016081586876977246
2124,0.000016133223775787515
2126,0.00001618537605481952
2128,0.00001623804620512319
2130,0.000016291236777120636
2132,0.00001634495038081905
2134,0.000016399189686039384
2136,0.000016453957422660724
2138,0.000016509256380880516
2140,0.000016565089411490393
2142,0.00001662145942616785
2144,0.000016678369397783556
2146,0.000016735822360724522
2148,0.000016793821411232974
2150,0.00001685236970776108
2152,0.000016911470471341553
2154,0.00001697112698597407
2156,0.000017031342599027778
2158,0.00001709212072165968
2160,0.000017153464829249212
2162,0.000017215378461848944
2164,0.000017277865224651512
2166,0.000017340928788472927
2168,0.000017404572890252308
2170,0.000017468801333568162
2172,0.000017533617989171304
2174,0.000017599026795534587
2176,0.00001766503175941955
2178,0.000017731636956460053
2180,0.000017798846531763177
2182,0.000017866664700527423
2184,0.00001793509574867842
2186,0.000018004144033522298
2188,0.000018073813984416926
2190,0.000018144110103461146
2192,0.000018215036966202242
2194,0.00001828659922236183
2196,0.000018358801596580342
2198,0.000018431648889180374
2200,0.0000185051459769491
2202,0.00001857929781393994
2204,0.000018654109432293788
2206,0.000018729585943080032
2208,0.000018805732537157578
2210,0.000018882554486056184
2212,0.000018960057142878403
2214,0.000019038245943222368
2216,0.000019117126406125696
2218,0.000019196704135030946
2220,0.00001927698481877273
2222,0.000019357974232587016
2224,0.000019439678239142794
2226,0.000019522102789596544
2228,0.000019605253924669797
2230,0.000019689137775750184
2232,0.000019773760566016364
2234,0.000019859128611587167
2236,0.00001994524832269532
2238,0.000020032126204886342
2240,0.000020119768860242767
2242,0.00002020818298863431
2244,0.000020297375388994346
2246,0.000020387352960623206
2248,0.000020478122704518634
2250,0.000020569691724734074
2252,0.000020662067229765083
2254,0.000020755256533964502
2256,0.000020849267058986883
2258,0.00002094410633526266
2260,0.000021039782003502612
2262,0.000021136301816233287
2264,0.000021233673639363785
2266,0.00002133190545378462
2268,0.000021431005356999273
2270,0.000021530981564788954
2272,0.000021631842412911326
2274,0.000021733596358833714
2276,0.000021836251983501677
2278,0.000021939817993143396
2280,0.00002204430322111076
2282,0.000022149716629757778
2284,0.000022256067312357133
2286,0.000022363364495055567
2288,0.00002247161753886896
2290,0.00002258083594171785
2292,0.000022691029340504195
2294,0.0000228022075132304
2296,0.000022914380381161164
2298,0.000023027558011029353
2300,0.00002314175061728663
2302,0.000023256968564399815
2304,0.000023373222369193993
2306,0.000023490522703243258
2308,0.00002360888039531023
2310,0.00002372830643383525
2312,0.00002384881196947642
2314,0.00002397040831770156
2316,0.000024093106961433164
2318,0.000024216919553747546
2320,0.000024341857920629364
2322,0.0000244679340637827
2324,0.00002459516016349993
2326,0.000024723548581589785
2328,0.000024853111864365695
2330,0.000024983862745695995
2332,0.0000251158141501172
2334,0.000025248979196011838
2336,0.000025383371198852347
2338,0.00002551900367451238
2340,0.00002565589034264721
2342,0.00002579404513014476
2344,0.000025933482174648787
2346,0.00002607421582815601
2348,0.000026216260660688798
2350,0.00002635963146404522
2352,0.000026504343255628235
2354,0.000026650411282355816
2356,0.000026797851024654025
2358,0.000026946678200534847
2360,0.00002709690876976092
2362,0.000027248558938099056
2364,0.000027401645161664876
2366,0.000027556184151360453
2368,0.00002771219287740751
2370,0.000027869688573978167
2372,0.000028028688743925777
2374,0.000028189211163618218
2376,0.000028351273887876107
2378,0.00002851489525501849
2380,0.000028680093892018692
2382,0.000028846888719772946
2384,0.00002901529895848461
2386,0.000029185344133166868
2388,0.000029357044079266787
2390,0.000029530418948413728
2392,0.000029705489214295374
2394,0.000029882275678664293
2396,0.000030060799477478597
2398,0.00003024108208717991
2400,0.00003042314533111212
2402,0.000030607011386084594
2404,0.00003079270278908342
2406,0.00003098024244413448
2408,0.000031169653629322405
2410,0.00003136096000396907
2412,0.00003155418561597616
2414,0.000031749354909335804
2416,0.000031946492731813625
2418,0.00003214562434280892
2420,0.00003234677542139635
2422,0.000032549972074554134
2424,0.000032755240845583413
2426,0.00003296260872272418
2428,0.00003317210314797258
2430,0.00003338375202610534
2432,0.000033597583733916575
2434,0.000033813627129672794
2436,0.00003403191156279198
2438,0.000034252466883752786
2440,0.00003447532345423998
2442,0.00003470051215753276
2444,0.00003492806440914243
2446,0.000035158012167706246
2448,0.00003539038794614459
2450,0.00003562522482308862
2452,0.000035862556454585985
2454,0.00003610241708609221
2456,0.000036344841564755847
2458,0.000036589865352005505
2460,0.000036837524536447256
2462,0.00003708785584708129
2464,0.00003734089666684653
2466,0.00003759668504650302
2468,0.00003785525971886114
2470,0.00003811666011336796
2472,0.000038380926371060904
2474,0.000038648099359899153
2476,0.000038918220690483875
2478,0.000039191332732178464
2480,0.00003946747862964053
2482,0.000039746702319777505
2484,0.000040029048549138524
2486,0.00004031456289175516
2488,0.0000406032917674446
2490,0.00004089528246058863
2492,0.00004119058313940288
2494,0.000041489242875710776
2496,0.0000417913116652376
2498,0.000042096840448439926
2500,0.00004240588113188707
2502,0.00004271848661021096
2504,0.00004303471078864193
2506,0.00004335460860614821
2508,0.000043678236059197835
2510,0.00004400565022616199
2512,0.00004433690929237978
2514,0.000044672072575904645
2516,0.000045011200553954317
2518,0.000045354354890085506
2520,0.0000457015984621169
2522,0.000046052995390823476
2524,0.000046408611069426864
2526,0.00004676851219390712
2528,0.00004713276679416184
2530,0.0000475014442660402
2532,0.00004787461540427966
2534,0.000048252352436374875
2536,0.000048634729057408786
2538,0.000049021820465877506
2540,0.000049413703400541124
2542,0.00004981045617833474
2544,0.000050212158733374026
2546,0.0000506188926570921
2548,0.00005103074123954509
2550,0.00005144778951192545
2552,0.000051870124290323696
2554,0.0000522978342207804
2556,0.00005273100982567215
2558,0.00005316974355147712
2560,0.00005361412981796672
2562,0.00005406426506887269
2564,0.0000545202478240803
2566,0.00005498217873340018
2568,0.00005545016063197398
2570,0.00005592429859737037
2572,0.000056404700008430945
2574,0.00005689147460592748
2576,0.00005738473455509438
2578,0.000057884594510102975
2580,0.00005839117168054702
2582,0.000058904585900011135
2584,0.00005942495969679726
2586,0.00005995241836688716
2588,0.00006048709004922188
2590,0.000061029105803382854
2592,0.00006157859968976261
2594,0.00006213570885231646
2596,0.00006270057360399086
2598,0.00006327333751492762
2600,0.00006385414750354764
2602,0.00006444315393062217
2604,0.00006504051069644374
2606,0.00006564637534121472
2608,0.00006626090914877499
2610,0.0000668842772537972
2612,0.0000675166487525817
2614,0.000068158196817591
2616,0.00006880909881586792
2618,0.00006946953643148892
2620,0.00007013969579221077
2622,0.00007081976760047499
2624,0.00007150994726894277
2626,0.00007221043506073978
2628,0.00007292143623459958
2630,0.00007364316119510121
2632,0.0000743758256482073
2634,0.00007511965076231667
2636,0.00007587486333505652
2638,0.00007664169596604895
2640,0.00007742038723589765
2642,0.00007821118189165212
2644,0.00007901433103901833
2646,0.00007983009234159834
2648,0.0000806587302274535
2650,0.0000815005161033011
2652,0.00008235572857666792
2654,0.0000832246536863408
2656,0.00008410758514146999
2658,0.00008500482456969817
2660,0.0000859166817747074
2662,0.00008684347500359396
2664,0.00008778553122450212
2666,0.00008874318641496926
2668,0.00008971678586145716
2670,0.00009070668447056761
2672,0.00009171324709246664
2674,0.00009273684885706732
2676,0.00009377787552354923
2678,0.000094836723843823
2680,0.00009591380194057894
2682,0.00009700952970059177
2684,0.00009812433918398976
2686,0.00009925867505023196
2688,0.00010041299500157778
2690,0.00010158777024487412
2692,0.00010278348597252947
2694,0.00010400064186359089
2696,0.00010523975260588964
2698,0.00010650134844027284
2700,0.00010778597572799524
2702,0.00010909419754240294
2704,0.00011042659428610472
2706,0.00011178376433489188
2708,0.00011316632470973922
2710,0.00011457491177829373
2712,0.00011601018198733817
2714,0.00011747281262780061
2716,0.00011896350263397182
2718,0.0001204829734186878
2720,0.00012203196974633668
2722,0.00012361126064565863
2724,0.00012522164036442187
2726,0.0001268639293681827
2728,0.00012853897538546685
2730,0.0001302476545018522
2732,0.00013199087230558005
2734,0.00013376956508748253
2736,0.00013558470109818472
2738,0.00013743728186572108
2740,0.00013932834357690036
2742,0.00014125895852596098
2744,0.00014323023663428123
2746,0.00014524332704514612
2748,0.0001472994197978274
2750,0.00014939974758550425
2752,0.00015154558760184668
2754,0.0001537382634813933
2756,0.0001559791473391925
2758,0.0001582696619155336
2760,0.00016061128283198354
2762,0.00016300554096535368
2764,0.00016545402494667235
2766,0.00016795838379271054
2768,0.00017052032967812674
2770,0.00017314164085684567
2772,0.00017582416474188345
2774,0.0001785698211534679
2776,0.00018138060574599566
2778,0.0001842585936251065
2780,0.00018720594316695835
2782,0.00019022490005264785
2784,0.00019331780153165282
2786,0.00019648708092917814
2788,0.00019973527241337147
2790,0.00020306501603954848
2792,0.00020647906308983324
2794,0.00020998028172799122
2796,0.0002135716629907142
2798,0.0002172563271382207
2800,0.000221037530388774
2802,0.00022491867206359965
2804,0.00022890330217072662
2806,0.00023299512945848443
2808,0.0002371980299717876
2810,0.00024151605614694053
2812,0.0002459534464835174
2814,0.00025051463583493843
2816,0.00025520426636269127
2818,0.0002600271992027623
2820,0.00026498852689677135
2822,0.0002700935866445714
2824,0.00027534797443971913
2826,0.00028075756015426224
2828,0.00028632850364477804
2830,0.000292067271957559
2832,0.0002979806577173216
2834,0.00030407579879086386
2836,0.0003103601993247485
2838,0.00031684175226440994
2840,0.00032352876347110986
2842,0.0003304299775629677
2844,0.00033755460561691496
2846,0.00034491235487993117
2848,0.0003525134606503712
2850,0.0003603687205036412
2852,0.00036848953105098655
2854,0.00037688792743576015
2856,0.00038557662578828414
2858,0.00039456906887833153
2860,0.0004038794752233371
2862,0.00041352289193067953
2864,0.0004235152515737021
2866,0.000433873433423444
2868,0.0004446153293811735
2870,0.0004557599149804758
2872,0.00046732732585149387
2874,0.0004793389400634234
2876,0.0004918174667838312
2878,0.0005047870417138531
2880,0.0005182733297756052
2882,0.0005323036355405836
2884,0.0005469070218933397
2886,0.0005621144374206039
2888,0.0005779588529988388
2890,0.0005944754080185632
2892,0.0006117015666261684
2894,0.0006296772842764447
2896,0.0006484451847629851
2898,0.0006680507477183943
2900,0.0006885425063386725
2902,0.0007099722547703158
2904,0.0007323952641854017
2906,0.0007558705060363542
2908,0.00078046088030159
2910,0.0008062334456752639
2912,0.0008332596475849408
2914,0.0008616155386039235
2916,0.0008913819842237414
2918,0.0009226448450341429
2920,0.0009554951240996104
2922,0.000990029065718427
2924,0.0010263481888300547
2926,0.001064559235176518
2928,0.0011047740090753225
2930,0.0011471090825809684
2932,0.0011916853372937707
2934,0.0012386273126859567
2936,0.0012880623313232613
2938,0.0013401193747353346
2940,0.0013949276910596297
2942,0.0014526151281171748
2944,0.0015133062042383704
2946,0.0015771199543115036
2948,0.0016441676193934853
2950,0.0017145502821879447
2952,0.0017883565826536537
2954,0.0018656606699840271
2956,0.0019465205486881429
2958,0.0020309769459661282
2960,0.0021190527554555533
2962,0.0022107529955877584
2964,0.0023060650674273267
2966,0.0024049589301408853
2968,0.002507386670299175
2970,0.0026132808716618104
2972,0.002722551240771669
2974,0.002835079140221533
2976,0.002950710026203845
2978,0.0030692442443342165
2980,0.0031904271388414215
2982,0.0033139398840683113
2984,0.0034393927572726767
2986,0.0035663226533771087
2988,0.0036941964387038383
2990,0.0038224212350079115
2992,0.0039503619483648375
2994,0.004077365390237928
2996,0.00420278930365285
2998,0.00432603365605499
3000,0.004446570846032285
3002,0.0045639711249518405
3004,0.004677919641496438
3006,0.0047882220993173364
3008,0.004894797030661697
3010,0.004997654028204628
3012,0.005096858799516468
3014,0.00519248745209064
3016,0.00528457382139278
3018,0.0053730547714828415
3020,0.005457719094125862
3022,0.005538165792982058
3024,0.00561377707807246
3026,0.005683710275010554
3028,0.005746911112819422
3030,0.005802148634723227
3032,0.00584806953181452
3034,0.005883267379305366
3036,0.00590636045135058
3038,0.005916070852079937
3040,0.005911297832998886
3042,0.005891179352533998
3044,0.005855137908421354
3046,0.0058029089837218165
3048,0.005734552572992406
3050,0.005650449766063319
3052,0.005551287049607029
3054,0.0054380308988174145
3056,0.005311894660688153
3058,0.005174299074268386
3060,0.005026827386192841
3062,0.004871176084962193
3064,0.004709102753951877
3066,0.004542373205008554
3068,0.004372710599727146
3070,0.004201749442920639
3072,0.004030997032132035
3074,0.0038618042207889487
3076,0.003695346373636898
3078,0.0035326143785904037
3080,0.0033744147178144256
3082,0.003221377008533662
3084,0.003073967134081342
3086,0.0029325040653277196
3088,0.002797178651308991
3090,0.002668072954489128
3092,0.0025451790482942244
3094,0.0024284165285707836
3096,0.002317648283155049
3098,0.002212694299210206
3100,0.0021133434636731304
3102,0.002019363433285854
3104,0.0019305087264305989
3106,0.0018465272296078064
3108,0.0017671653265571065
3110,0.0016921718559305898
3112,0.001621301090567563
3114,0.001554314912610055
3116,0.001490984337329324
3118,0.001431090516855277
3120,0.001374425334402393
3122,0.0013207916808392161
3124,0.0012700034889026983
3126,0.0012218855860876658
3128,0.0011762734151521004
3130,0.0011330126610847137
3132,0.0010919588150540354
3134,0.0010529766990588223
3136,0.0010159399694976532
3138,0.0009807306134598352
3140,0.0009472384480229443
3142,0.0009153606300623178
3144,0.0008850011818969508
3146,0.0008560705363989633
3148,0.0008284851038845394
3150,0.0008021668621043122
3152,0.0007770429698966367
3154,0.0007530454045060942
3156,0.0007301106221602104
3158,0.0007081792412062263
3160,0.0006871957469101339
3162,0.0006671082168908945
3164,0.0006478680660869638
3166,0.0006294298101167994
3168,0.0006117508458894927
3170,0.0005947912483380028
3172,0.0005785135821793735
3174,0.000562882727648922
3176,0.0005478657192050164
3178,0.0005334315962548389
3180,0.0005195512650073723
3182,0.0005061973706161549
3184,0.0004933441788299625
3186,0.0004809674664237009
3188,0.0004690444197338214
3190,0.0004575535406721762
3192,0.00044647455963914805
3194,0.00043578835480103403
3196,0.0004254768772379873
3198,0.00041552308150736493
3200,0.000405910861203165
3202,0.0003966249891254624
3204,0.0003876510617044926
3206,0.0003789754473524275
3208,0.00037058523844206995
3210,0.00036246820663580906
3212,0.000354612761310368
3214,0.00034700791084328044
3216,0.0003396432265457741
3218,0.00033250880904395577
3220,0.00032559525692599575
3222,0.0003188936374875118
3224,0.00031239545942066127
3226,0.00030609264730465963
3228,0.00029997751776664596
3230,0.00029404275719209424
3232,0.0002882814008734002
3234,0.0002826868134939275
3236,0.0002772526708527425
3238,0.0002719729427425598
3240,0.0002668418769001166
3242,0.0002618539839543479
3244,0.00025700402330338767
3246,0.00025228698985661383
3248,0.000247698101582735
3250,0.0002432327878093109
3252,0.00023888667822313868
3254,0.00023465559252466321
3256,0.00023053553069299395
3258,0.00022652266382126922
3260,0.00022261332548501918
3262,0.00021880400360886233
3264,0.00021509133279934433
3266,0.00021147208711401342
3268,0.00020794317323893563
3270,0.00020450162404880018
3272,0.00020114459252556659
3274,0.00019786934601326916
3276,0.00019467326078813363
3278,0.00019155381692458575
3280,0.00018850859343905063
3282,0.0001855352636946618
3284,0.00018263159105113349
3286,0.0001797954247450965
3288,0.00017702469598717248
3290,0.000174317414262965
3292,0.00017167166382598298
3294,0.00016908560037129218
3296,0.00016655744787941247
3298,0.00016408549562065258
3300,0.00016166809531069828
3302,0.0001593036584088529
3304,0.00015699065355087027
3306,0.00015472760410882442
3308,0.000152513085870931
3310,0.0001503457248346728
3312,0.00014822419510698997
3314,0.00014614721690567737
3316,0.00014411355465648618
3318,0.00014212201518075913
3320,0.00014017144596873852
3322,0.00013826073353397626
3324,0.00013638880184454504
3326,0.00013455461082700454
3328,0.00013275715493931125
3330,0.00013099546180908396
3332,0.0001292685909338436
3334,0.00012757563244004076
3336,0.00012591570589786644
3338,0.00012428795918901147
3340,0.00012269156742470184
3342,0.00012112573191148505
3344,0.0001195896791623856
3346,0.00011808265995117833
3348,0.00011660394840765382
3350,0.00011515284115186613
3352,0.00011372865646546191
3354,0.00011233073349829547
3356,0.00011095843150862834
3358,0.00010961112913530517
3360,0.00010828822370038286
3362,0.00010698913054077058
3364,0.00010571328236751423
3366,0.00010446012865143136
3368,0.00010322913503386898
3370,0.00010201978276142115
3372,0.00010083156814350327
3374,0.00009966400203173563
3376,0.00009851660932014385
3378,0.00009738892846523248
3380,0.00009628051102503711
3382,0.00009519092121630433
3384,0.0000941197354889919
3386,0.0000930665421173212
3388,0.00009203094080665236
3390,0.00009101254231548853
3392,0.00009001096809194847
3394,0.00008902584992408052
3396,0.00008805682960342018
3398,0.00008710355860122243
3400,0.00008616569775682771
3402,0.0000852429169776458
3404,0.00008433489495026613
3406,0.00008344131886222727
3408,0.00008256188413399884
3410,0.00008169629416075078
3412,0.00008084426006350507
3414,0.00008000550044928252
3416,0.00007917974117987618
3418,0.0000783667151488991
3420,0.00007756616206677082
3422,0.00007677782825332138
3424,0.00007600146643770714
3426,0.00007523683556534518
3428,0.00007448370061158772
3430,0.00007374183240186873
3432,0.00007301100743806802
3434,0.00007229100773084869
3436,0.00007158162063773469
3438,0.00007088263870670529
3440,0.0000701938595250933
3442,0.0000695150855735827
3444,0.00006884612408511019
3446,0.00006818678690848385
3448,0.00006753689037653963
3450,0.0000668962551786645
3452,0.00006626470623752156
3454,0.00006564207258982045
3456,0.00006502818727098156
3458,0.00006442288720355035
3460,0.00006382601308922257
3462,0.00006323740930434835
3464,0.00006265692379878715
3466,0.0000620844079979922
3468,0.00006151971670820668
3470,0.000060962708024659596
3472,0.000060413243242653645
3474,0.00005987118677144116
3476,0.00005933640605078917
3478,0.00005880877147013803
3480,0.00005828815629026187
3482,0.00005777443656734329
3484,0.00005726749107937718
3486,0.000056767201254823
3488,0.000056273451103427075
3490,0.00005578612714914016
3492,0.00005530511836505797
3494,0.00005483031611031536
3496,0.00005436161406886762
3498,0.000053898908190094477
3500,0.00005344209663116546
3502,0.000052991079701106854
3504,0.00005254575980651351
3506,0.00005210604139885025
3508,0.000051671830923290115
3510,0.00005124303676903837
3512,0.0000508195692210934
3514,0.000050401340413396935
3516,0.00004998826428332855
3518,0.00004958025652750003
3520,0.00004917723455880795
3522,0.00004877911746470335
3524,0.00004838582596663935
3526,0.000047997282380659025
3528,0.00004761341057908705
3530,0.000047234135953289854
3532,0.000046859385377470434
3534,0.000046489087173465144
3536,0.00004612317107651105
3538,0.00004576156820195313
3540,0.000045404211012862234
3542,0.000045051033288535346
3544,0.000044701970093850835
3546,0.000044356957749452256
3548,0.00004401593380273527
3550,0.000043678836999613056
3552,0.000043345607257036484
3554,0.000043016185636245914
3556,0.000042690514316732886
3558,0.00004236853657088973
3560,0.00004205019673932674
3562,0.00004173544020683706
3564,0.000041424213378989386
3566,0.000041116463659330504
3568,0.000040812139427179046
3570,0.00004051119001599331
3572,0.00004021356569229622
3574,0.00003991921763514096
3576,0.00003962809791610174
3578,0.00003934015947977403
3580,0.00003905535612477007
3582,0.00003877364248519472
3584,0.00003849497401258825
3586,0.000038219306958322605
3588,0.000037946598356438
3590,0.00003767680600690752
3592,0.000037409888459317564
3594,0.000037145804996952104
3596,0.00003688451562126981
3598,0.000036625981036762666
3600,0.0000363701626361856
3602,0.00003611702248614653
3604,0.000035866523313047266
3606,0.00003561862848936507
3608,0.00003537330202026568
3610,0.00003513050853053878
3612,0.000034890213251846974
3614,0.00003465238201027953
3616,0.000034416981214203
3618,0.000034183977842400314
3620,0.00003395333943249063
3622,0.00003372503406962248
3624,0.00003349903037543284
3626,0.00003327529749726478
3628,0.000033053805097637175
3630,0.000032834523343959516
3632,0.00003261742289848532
3634,0.00003240247490849798
3636,0.000032189650996722884
3638,0.000031978923251959684
3640,0.00003177026421992928
3642,0.00003156364689432965
3644,0.00003135904470809524
3646,0.00003115643152485457
3648,0.00003095578163058093
3650,0.00003075706972543136
3652,0.00003056027091576875
3654,0.000030365360706362817
3656,0.000030172314992764882
3658,0.00002998111005385259
3660,0.00002979172254453974
3662,0.000029604129488647472
3664,0.000029418308271932468
3666,0.000029234236635268392
3668,0.00002905189266797663
3670,0.000028871254801302706
3672,0.00002869230180203463
3674,0.000028515012766259784
3676,0.000028339367113256838
3678,0.00002816534457951939
3680,0.000027992925212908117
3682,0.000027822089366928275
3684,0.000027652817695129444
3686,0.000027485091145624667
3688,0.0000273188909557259
3690,0.000027154198646693178
3692,0.000026990996018594523
3694,0.000026829265145274155
3696,0.000026668988369426185
3698,0.000026510148297771533
3700,0.000026352727796335308
3702,0.000026196709985822532
3704,0.0000260420782370897
3706,0.00002588881616671003
3708,0.000025736907632630057
3710,0.000025586336729915593
3712,0.00002543708778658488
3714,0.000025289145359526805
3716,0.000025142494230502384
3718,0.000024997119402227483
3720,0.000024853006094534813
3722,0.000024710139740613573
3724,0.000024568505983324747
3726,0.000024428090671590493
3728,0.00002428887985685573
3730,0.000024150859789620547
3732,0.0000240140169160415
3734,0.000023878337874600555
3736,0.00002374380949283986
3738,0.000023610418784161103
3740,0.000023478152944687806
3742,0.000023346999350189308
3744,0.0000232169455530649
3746,0.000023087979279386942
3748,0.00002296008842600146
3750,0.00002283326105768511
3752,0.00002270748540435719
3754,0.000022582749858345473
3756,0.000022459042971704685
3758,0.000022336353453586543
3760,0.00002221467016766008
3762,0.000022093982129581336
3764,0.000021974278504511184
3766,0.000021855548604680323
3768,0.000021737781887000426
3770,0.000021620967950720427
3772,0.000021505096535126943
3774,0.00002139015751728794
3776,0.000021276140909838713
3778,0.000021163036858809184
3780,0.00002105083564149179
3782,0.000020939527664348966
3784,0.000020829103460959428
3786,0.000020719553690002524
3788,0.000020610869133279646
3790,0.000020503040693772157
3792,0.00002039605939373488
3794,0.000020289916372824558
3796,0.00002018460288626238
3798,0.00002008011030303008
3800,0.000019976430104098732
3802,0.000019873553880689602
3804,0.000019771473332566492
3806,0.000019670180266358837
3808,0.00001956966659391489
3810,0.000019469924330684536
3812,0.000019370945594130913
3814,0.000019272722602170447
3816,0.000019175247671640634
3818,0.000019078513216794958
3820,0.000018982511747824556
3822,0.000018887235869405842
3824,0.00001879267827927389
3826,0.000018698831766820726
3828,0.000018605689211718254
3830,0.000018513243582565312
3832,0.000018421487935558188
3834,0.00001833041541318439
3836,0.00001824001924293899
3838,0.00001815029273606326
3840,0.000018061229286305036
3842,0.00001797282236870047
3844,0.000017885065538376683
3846,0.00001779795242937495
3848,0.000017711476753494027
3850,0.0000176256322991532
3852,0.000017540412930274634
3854,0.000017455812585184786
3856,0.000017371825275534306
3858,0.00001728844508523629
3860,0.00001720566616942237
3862,0.00001712348275341633
3864,0.000017041889131725014
3866,0.00001696087966704605
3868,0.000016880448789292148
3870,0.00001680059099463166
3872,0.00001672130084454509
3874,0.000016642572964897215
3876,0.000016564402045024533
3878,0.000016486782836837815
3880,0.00001640971015393939
3882,0.00001633317887075492
3884,0.00001625718392167941
3886,0.000016181720300237177
3888,0.00001610678305825549
3890,0.00001603236730505166
3892,0.000015958468206633354
3894,0.000015885080984911812
3896,0.000015812200916927783
3898,0.00001573982333408996
3900,0.000015667943621425634
3902,0.000015596557216843367
3904,0.000015525659610407487
3906,0.00001545524634362416
3908,0.000015385313008738838
3910,0.00001531585524804484
3912,0.000015246868753202976
3914,0.000015178349264571853
3916,0.000015110292570548821
3918,0.000015042694506921243
3920,0.000014975550956228031
3922,0.000014908857847131115
3924,0.000014842611153796827
3926,0.000014776806895286873
3928,0.000014711441134958842
3930,0.000014646509979876003
3932,0.000014582009580226288
3934,0.000014517936128750218
3936,0.00001445428586017772
3938,0.000014391055050673562
3940,0.000014328240017291363
3942,0.000014265837117435952
3944,0.000014203842748333969
3946,0.000014142253346512519
3948,0.000014081065387285826
3950,0.000014020275384249651
3952,0.000013959879888783387
3954,0.000013899875489559708
3956,0.000013840258812061619
3958,0.000013781026518106767
3960,0.000013722175305378956
3962,0.000013663701906966627
3964,0.000013605603090908327
3966,0.000013547875659744897
3968,0.000013490516450078396
3970,0.00001343352233213757
3972,0.00001337689020934975
3974,0.000013320617017919144
3976,0.000013264699726411323
3978,0.000013209135335343862
3980,0.000013153920876782998
3982,0.000013099053413946219
3984,0.000013044530040810693
3986,0.000012990347881727398
3988,0.000012936504091040926
3990,0.000012882995852714786
3992,0.000012829820379962199
3994,0.000012776974914882211
3996,0.000012724456728101118
3998,0.000012672263118419017
4000,0.000012620391412461527
