500,0.00001103183836939222
502,0.000011125209953620681
504,0.00001120411973372878
506,0.000011266129041879474
508,0.000011309111273584225
510,0.000011331404659504232
512,0.000011331939008428797
514,0.000011310321620713303
516,0.00001126687206265371
518,0.000011202602036409529
520,0.000011119143889958045
522,0.00001101863785876696
524,0.000010903592609855743
526,0.000010776735360896267
528,0.000010640866801989655
530,0.000010498732907487145
532,0.000010352921472910934
534,0.000010205786837492956
536,0.000010059402510729548
538,9.915538725404628e-6
540,9.775660380671927e-6
542,9.640940277341325e-6
544,9.512282725665375e-6
546,9.390353242372978e-6
548,9.275610904335714e-6
550,9.16834081128442e-6
552,9.068684916625525e-6
554,8.976670156882011e-6
556,8.892233330022657e-6
558,8.815242549249095e-6
560,8.745515352728689e-6
562,8.682833706692525e-6
564,8.626956223952659e-6
566,8.577627953636226e-6
568,8.534588097980357e-6
570,8.497575991405634e-6
572,8.466335645164657e-6
574,8.44061912407362e-6
576,8.420188984352431e-6
578,8.404819965952331e-6
580,8.39430010032056e-6
582,8.388431365951173e-6
584,8.387029999421476e-6
586,8.389926548742933e-6
588,8.396965738433517e-6
590,8.408006201344497e-6
592,8.422920120531662e-6
594,8.441592814950726e-6
596,8.463922295114145e-6
598,8.489818808750406e-6
600,8.519204391679315e-6
602,8.552012435322085e-6
604,8.588187279306691e-6
606,8.627683835343585e-6
608,8.67046724680104e-6
610,8.716512587094341e-6
612,8.765804599030698e-6
614,8.818337476551325e-6
616,8.874114689827273e-6
618,8.933148854350921e-6
620,8.995461644485139e-6
622,9.061083751858849e-6
624,9.130054889009054e-6
626,9.202423838748353e-6
628,9.278248549870186e-6
630,9.357596279981803e-6
632,9.440543786469258e-6
634,9.52717756684424e-6
636,9.617594149994928e-6
638,9.71190044015941e-6
640,9.810214115758187e-6
642,9.91266408556047e-6
644,0.000010019391005015963
646,0.000010130547855958312
648,0.000010246300593277272
650,0.000010366828862561825
652,0.000010492326793133675
654,0.00001062300387131611
656,0.000010759085899212197
658,0.000010900816044691696
660,0.000011048455988698265
662,0.000011202287176374791
664,0.000011362612178847464
666,0.000011529756172785826
668,0.000011704068545036638
670,0.00001188592462967464
672,0.000012075727584673368
674,0.000012273910415008624
676,0.00001248093814828383
678,0.000012697310167803636
680,0.000012923562706286638
682,0.000013160271500929185
684,0.00001340805460709666
686,0.000013667575363257302
688,0.00001393954549355106
690,0.000014224728326183345
692,0.000014523942095132764
694,0.000014838063278823827
696,0.000015168029911657232
698,0.00001551484478166029
700,0.000015879578398871887
702,0.000016263371583045143
704,0.000016667437474234384
706,0.000017093062713986043
708,0.000017541607476104406
710,0.000018014503942070396
712,0.000018513252714858904
714,0.00001903941654398793
716,0.000019594610592507974
718,0.00002018048831272824
720,0.000020798721813088172
722,0.000021450975398121796
724,0.00002213887075610413
726,0.0000228639420709319
728,0.000023627579172242523
730,0.000024430956750354223
732,0.000025274947707313825
734,0.00002616001897019324
736,0.00002708610865913989
738,0.00002805248450422428
740,0.00002905758498047531
742,0.00003009884691555597
744,0.000031172526419676444
746,0.00003227352390528737
748,0.00003339522855734363
750,0.00003452940248873907
752,0.00003566612924480756
754,0.000036793854206459606
756,0.000037899544358763155
758,0.00003896899028997081
760,0.00003998726288063319
762,0.000040939320478951925
764,0.00004181074042444601
766,0.000042588524426229215
768,0.00004326190515581523
770,0.00004382306708160218
772,0.000044267693118418225
774,0.00004459526280921643
776,0.00004480905648056967
778,0.00004491585811849674
780,0.000044925389813489696
782,0.000044849544256176575
784,0.000044701502662503836
786,0.00004449483107267754
788,0.000044242639529868666
790,0.000043956870390623966
792,0.00004364775923251881
794,0.0000433234892030619
796,0.000042990040267156905
798,0.00004265121987404341
800,0.000042308850864631006
802,0.000041963085078743615
804,0.000041612806242254146
806,0.00004125608295355012
808,0.00004089063214413589
810,0.000040514255730199534
812,0.00004012521857893606
814,0.00003972254407309164
816,0.000039306213455389336
818,0.00003887726530162319
820,0.00003843780046036199
822,0.00003799090463632269
824,0.00003754050518094373
826,0.00003709118082818161
828,0.00003664794354372907
830,0.000036216010747945035
832,0.000035800584164614396
834,0.00003540664858770501
836,0.000035038800157408524
838,0.000034701109662134705
840,0.00003439702243364044
842,0.00003412929309232031
844,0.000033899951123957536
846,0.000033710292215912384
848,0.00003356089041307394
850,0.000033451627248479904
852,0.00003338173571176219
854,0.00003334985882465923
856,0.00003335412425707092
858,0.00003339223741149927
860,0.000033461595355492665
862,0.00003355942263974065
864,0.00003368292736414089
866,0.00003382947210958478
868,0.00003399675015691542
870,0.00003418295369026432
872,0.000034386918480076005
874,0.00003460822974319271
876,0.00003484727687212634
878,0.00003510525019066273
880,0.00003538407980320392
882,0.000035686323502513525
884,0.00003601501613509959
886,0.000036373495792283685
888,0.00003676522240154802
890,0.00003719360214442391
892,0.000037661827507954775
894,0.00003817273871809361
896,0.000038728708688201675
898,0.00003933155100147772
900,0.0000399824490238569
902,0.00004068190390105382
904,0.00004142969962748621
906,0.0000422248842151126
908,0.00004306576690057839
910,0.000043949932077821726
912,0.00004487427113125606
914,0.00004583503358255732
916,0.00004682789899780514
918,0.00004784807090394121
920,0.000048890393341303737
922,0.00004994948926951227
924,0.00005101991745771979
926,0.00005209634059726474
928,0.00005317369262790708
930,0.0000542473288752934
932,0.00005531314035301668
934,0.00005636761531050554
936,0.00005740783785101605
938,0.000058431424750236905
940,0.00005943641527854081
942,0.00006042114135175314
944,0.0000613841128833911
946,0.00006232395290428851
948,0.0000632394079387257
950,0.00006412944277702248
952,0.0000649934087993368
954,0.00006583125624948955
956,0.00006664374811982869
958,0.00006743262994138283
960,0.00006820071667306583
962,0.00006895187315507896
964,0.00006969088408112625
966,0.00007042322799896957
968,0.00007115478287767162
970,0.00007189149555784661
972,0.00007263904370148074
974,0.00007340250879215142
976,0.00007418606598232068
978,0.00007499268531656236
980,0.00007582383268767663
982,0.00007667916001210115
984,0.00007755618286871159
986,0.00007844995864507334
988,0.00007935279596896258
990,0.00008025404291902441
992,0.00008114001316110868
994,0.00008199411222900284
996,0.00008279721811079248
998,0.00008352834989335713
1000,0.00008416562599920343
1002,0.0000846874723643001
1004,0.00008507399629978255
1006,0.00008530840181610984
1008,0.00008537829621582965
1010,0.0000852767340891166
1012,0.00008500286787509195
1014,0.0000845621221024273
1016,0.00008396587286433727
1018,0.00008323068184139446
1020,0.00008237719111813152
1022,0.00008142882021816512
1024,0.00008041041540327037
1026,0.00007934698527126747
1028,0.00007826262309161535
1030,0.00007717967446290365
1032,0.0000761181675717876
1034,0.00007509548901925883
1036,0.00007412626429928965
1038,0.00007322238933297664
1040,0.00007239315685840129
1042,0.00007164542677821949
1044,0.0000709838001986531
1046,0.00007041077032371908
1048,0.00006992683739918907
1050,0.0000695305878503821
1052,0.00006921874853818631
1054,0.00006898623512115206
1056,0.00006882621867116133
1058,0.00006873023686890896
1060,0.00006868837511825859
1062,0.00006868953840038664
1064,0.00006872182623996087
1066,0.0000687730107000135
1068,0.00006883110157015339
1070,0.00006888496573217333
1072,0.00006892495213669915
1074,0.00006894346366395282
1076,0.00006893541581818359
1078,0.00006889853159156649
1080,0.00006883344122230495
1082,0.00006874358145432732
1084,0.00006863491578493666
1086,0.00006851551920571689
1088,0.00006839508369661417
1090,0.00006828440252411528
1092,0.00006819488345639682
1094,0.00006813812673263715
1096,0.00006812558721173223
1098,0.00006816832525930525
1100,0.00006827683991649509
1102,0.00006846097144235106
1104,0.0000687298578713595
1106,0.00006909193052846376
1108,0.00006955493514021208
1110,0.00007012596720603229
1112,0.00007081151202383858
1114,0.00007161748097646684
1116,0.00007254923642040509
1118,0.00007361159793364511
1120,0.00007480882294858096
1122,0.00007614455506442592
1124,0.00007762173372186708
1126,0.0000792424595514502
1128,0.00008100781072842064
1130,0.00008291760728590377
1132,0.00008497012282130037
1134,0.00008716174668989825
1136,0.00008948660493232505
1138,0.0000919361550743547
1140,0.00009449877862318764
1142,0.00009715940526230674
1144,0.00009989921356450668
1146,0.00010269546290939152
1148,0.00010552151778245661
1150,0.00010834712559640437
1152,0.00011113899918023954
1154,0.0001138617322905113
1156,0.00011647903992414963
1158,0.00011895526707848741
1160,0.00012125705628294834
1162,0.0001233550160673016
1164,0.0001252252020743983
1166,0.00012685022116240381
1168,0.0001282198028033302
1170,0.00012933074931635547
1172,0.00013018626595486606
1174,0.0001307947660447345
1176,0.00013116832598424955
1178,0.00013132101429993618
1180,0.00013126732980703806
1182,0.00013102095637892232
1184,0.00013059398303837808
1186,0.00012999665953941948
1188,0.00012923767251098216
1190,0.0001283248485973219
1192,0.0001272661304224738
1194,0.000126070637596912
1196,0.00012474962334284556
1198,0.00012331716720326869
1200,0.00012179049922863232
1202,0.00012018991935819494
1204,0.00011853834325499345
1206,0.0001168605595498471
1208,0.00011518231468036935
1210,0.00011352934786958628
1212,0.00011192648376570845
1214,0.00011039686123525826
1216,0.00010896134232499673
1218,0.00010763811287935634
1220,0.00010644246059720364
1222,0.00010538669953053037
1224,0.00010448020200776927
1226,0.00010372949816556079
1228,0.0001031384076287977
1230,0.00010270817541839458
1232,0.00010243759334343837
1234,0.00010232309790883594
1236,0.00010235884551601554
1238,0.00010253677505813124
1240,0.00010284667653211296
1242,0.0001032762914406985
1244,0.00010381147564564609
1246,0.00010443645671629484
1248,0.00010513421425117415
1250,0.00010588700184990297
1252,0.00010667701281665957
1254,0.00010748716909858895
1256,0.00010830198709568391
1258,0.00010910844943331599
1260,0.00010989679439209345
1262,0.00011066113001487573
1264,0.0001113997913881557
1266,0.0001121153869212865
1268,0.00011281451807629736
1270,0.00011350719915032294
1272,0.00011420604063683606
1274,0.0001149252843490946
1276,0.00011567978751143623
1278,0.00011648404726020961
1280,0.00011735134058546513
1282,0.00011829303329506685
1284,0.00011931809027065541
1286,0.0001204328015231173
1288,0.0001216407255049096
1290,0.0001229428419802551
1292,0.00012433789946769106
1294,0.00012582293459827596
1296,0.00012739393112667262
1298,0.000129046574637701
1300,0.00013077704672710246
1302,0.0001325827925255912
1304,0.00013446319138182592
1306,0.000136420065209324
1308,0.00013845797353734883
1310,0.00014058426733729582
1312,0.00014280890158337758
1314,0.00014514403429156144
1316,0.00014760346259614306
1318,0.00015020196077155973
1320,0.0001529545895551473
1322,0.0001558760412642089
1324,0.00015898007303356663
1326,0.00016227906363139796
1328,0.00016578371026348658
1330,0.00016950286265651662
1332,0.00017344347424797006
1334,0.00017761063610803262
1336,0.00018200764998832413
1338,0.00018663609441363097
1340,0.0001914958434344629
1342,0.00019658501189962277
1344,0.0002018998224696263
1346,0.00020743441456961252
1348,0.0002131806388791469
1350,0.00021912789700122908
1352,0.00022526308981975825
1354,0.00023157072732453985
1356,0.00023803322823459427
1358,0.0002446314037879185
1360,0.00025134508322686685
1362,0.00025815380626335665
1364,0.0002650374865863642
1366,0.0002719769441095542
1368,0.00027895421270799086
1370,0.00028595255237338316
1372,0.00029295612615701553
1374,0.00029994933890477424
1376,0.00030691587317168713
1378,0.00031383749497320736
1380,0.0003206927353882379
1382,0.00032745558035709673
1384,0.00033409431707510787
1386,0.00034057068850045825
1388,0.0003468394963038031
1390,0.00035284876729755785
1392,0.0003585405604878521
1394,0.0003638524435879608
1396,0.0003687196116802907
1398,0.00037307755991783636
1400,0.00037686516135319723
1402,0.0003800279469416997
1404,0.0003825213461663461
1406,0.0003843136325503381
1408,0.0003853883350343591
1410,0.0003857459248055277
1412,0.00038540466141218755
1414,0.00038440056889551996
1416,0.0003827865957074749
1418,0.00038063107635219186
1420,0.00037801564934825913
1422,0.0003750327955119783
1424,0.00037178315066816885
1426,0.0003683727290192456
1428,0.0003649101768760772
1430,0.00036150416498646455
1432,0.00035826101904950445
1434,0.0003552826766517073
1436,0.00035266503981556567
1438,0.00035049676402370574
1440,0.0003488584894810638
1442,0.00034782248379874485
1444,0.00034745263305473455
1446,0.0003478046946826773
1448,0.00034892671277976723
1450,0.0003508594937367289
1452,0.00035363704548029966
1454,0.0003572868943460135
1456,0.00036183020712981514
1458,0.00036728166038337966
1460,0.000373649013617355
1462,0.00038093235772613024
1464,0.0003891230252960365
1466,0.0003982021665845598
1468,0.00040813901509711395
1470,0.00041888889095804824
1472,0.0004303910193948655
1474,0.0004425662756650094
1476,0.0004553150057033104
1478,0.00046851511141738944
1480,0.00048202062711784024
1482,0.0004956610435602982
1484,0.0005092416514661844
1486,0.0005225451691821921
1488,0.0005353348815317328
1490,0.000547359442961413
1492,0.0005583593855880888
1494,0.0005680752248627683
1496,0.0005762568817621357
1498,0.0005826739566706323
1500,0.0005871262183961539
1502,0.0005894535387816293
1504,0.000589544437949006
1506,0.000587342433309667
1508,0.0005828495227746185
1510,0.0005761263763405011
1512,0.0005672891341109561
1514,0.0005565030647915321
1516,0.0005439736669579557
1518,0.0005299360396742947
1520,0.0005146434714359102
1522,0.0004983561861044161
1524,0.00048133105768139486
1526,0.0004638128981495455
1528,0.00044602767826225885
1530,0.00042817780174358517
1532,0.0004104393505281978
1534,0.00039296107065228344
1536,0.00037586478029720907
1538,0.00035924684808173247
1540,0.00034318039944442974
1542,0.00032771794785089667
1544,0.0003128942021820913
1546,0.000298728861050809
1548,0.00028522926120860614
1550,0.00027239279604221586
1552,0.00026020905939368476
1554,0.0002486616993877793
1556,0.00023772998755435825
1558,0.00022739012178241575
1560,0.00021761628917118796
1562,0.00020838151818449092
1564,0.0001996583499725901
1566,0.00019141935733854316
1568,0.00018363753737138538
1570,0.00017628660080091095
1572,0.0001693411780218467
1574,0.00016277695872529452
1576,0.0001565707792991512
1578,0.00015070066968440922
1580,0.00014514586922276463
1582,0.00013988681919629552
1584,0.00013490513821929367
1586,0.00013018358536463458
1588,0.000125706014858575
1590,0.00012145732532522057
1592,0.00011742340587408405
1594,0.0001135910807733577
1596,0.00010994805401350633
1598,0.00010648285471982155
1600,0.00010318478410120478
1602,0.0001000438644111382
1604,0.00009705079023358506
1606,0.00009419688228164514
1608,0.00009147404380221953
1610,0.00008887471960929335
1612,0.00008639185771655851
1614,0.0000840188735028429
1616,0.00008174961631789329
1618,0.00007957833841886828
1620,0.00007749966611736205
1622,0.00007550857301128004
1624,0.0000736003551741397
1626,0.00007177060817538185
1628,0.00007001520580827056
1630,0.00006833028040633795
1632,0.00006671220463462939
1634,0.00006515757464787647
1636,0.00006366319451390577
1638,0.00006222606180687926
1640,0.00006084335428121729
1642,0.00005951241754316864
1644,0.00005823075364289414
1646,0.00005699601051557003
1648,0.000055805972205365155
1650,0.00005465854981118546
1652,0.00005355177309780297
1654,0.00005248378272039727
1656,0.00005145282301464013
1658,0.0000504572353082613
1660,0.00004949545171355658
1662,0.00004856598936355464
1664,0.00004766744505756024
1666,0.00004679849028455752
1668,0.000045957866595500065
1670,0.00004514438129785343
1672,0.000044356903447904006
1674,0.00004359436011831978
1676,0.00004285573292025896
1678,0.00004214005476098208
1680,0.000041446406819446304
1682,0.0000407739157237569
1684,0.000040121750915631546
1686,0.00003948912218820703
1688,0.00003887527738459504
1690,0.0000382795002455813
1692,0.000037701108395768005
1694,0.00003713945145829101
1696,0.00003659390928900578
1698,0.000036063890321736424
1700,0.000035548830016824964
1702,0.00003504818940580853
1704,0.000034561453725594656
1706,0.00003408813113600374
1708,0.000033627751515006
1710,0.000033179865326402196
1712,0.000032744042555085436
1714,0.00003231987170537857
1716,0.00003190695885827102
1718,0.00003150492678368147
1720,0.00003111341410415302
1722,0.00003073207450664437
1724,0.000030360575999318748
1726,0.000029998600210451778
1728,0.00002964584172678157
1730,0.0000293020074688121
1732,0.000028966816100753565
1734,0.000028639997472943403
1736,0.000028321292094739765
1738,0.000028010450636016
1740,0.000027707233455511698
1742,0.000027411410154413128
1744,0.000027122759153644877
1746,0.00002684106729345546
1748,0.000026566129453973216
1750,0.000026297748195495745
1752,0.00002603573341735682
1754,0.000025779902034289712
1756,0.00002553007766927542
1758,0.000025286090361929034
1760,0.000025047776291537846
1762,0.000024814977513920696
1764,0.000024587541711330283
1766,0.000024365321954668794
1768,0.000024148176477332374
1770,0.000023935968460042366
1772,0.000023728565826060326
1774,0.000023525841046220816
1776,0.000023327670953250047
1778,0.00002313393656487059
1780,0.0000229445229152221
1782,0.00002275931889415614
1784,0.00002257821709398911
1786,0.000022401113663321828
1788,0.000022227908167557123
1790,0.00002205850345576822
1792,0.00002189280553359064
1794,0.00002173072344182922
1796,0.000021572169140489327
1798,0.000021417057397957926
1800,0.000021265305685075472
1802,0.000021116834073854294
1804,0.00002097156514061257
1806,0.000020829423873305833
1808,0.000020690337582849987
1810,0.00002055423581824104
1812,0.00002042105028528736
1814,0.0000202907147687802
1816,0.000020163165057937712
1818,0.000020038338874966323
1820,0.000019916175806591806
1822,0.00001979661723842008
1824,0.00001967960629199512
1826,0.00001956508776442849
1828,0.000019453008070481158
1830,0.0000193433151869849
1832,0.000019235958599495932
1834,0.000019130889251079295
1836,0.000019028059493127314
1838,0.000018927423038120715
1840,0.000018828934914245288
1842,0.00001873255142178148
1844,0.00001863823009118835
1846,0.000018545929642807348
1848,0.000018455609948114845
1850,0.00001836723199245599
1852,0.000018280757839195658
1854,0.000018196150595225424
1856,0.000018113374377768438
1858,0.000018032394282426793
1860,0.000017953176352418744
1862,0.000017875687548955534
1864,0.000017799895722709966
1866,0.000017725769586331233
1868,0.000017653278687962412
1870,0.000017582393385719326
1872,0.00001751308482309115
1874,0.000017445324905225123
1876,0.00001737908627605942
1878,0.000017314342296269766
1880,0.00001725106702199712
1882,0.000017189235184325117
1884,0.000017128822169477287
1886,0.000017069803999705698
1888,0.000017012157314843527
1890,0.000016955859354495654
1892,0.000016900887940842297
1894,0.000016847221462031835
1896,0.000016794838856140074
1898,0.000016743719595674157
1900,0.000016693843672600264
1902,0.000016645191583875054
1904,0.00001659774431746195
1906,0.000016551483338813764
1908,0.00001650639057780425
1910,0.000016462448416091896
1912,0.000016419639674899648
1914,0.000016377947603195475
1916,0.00001633735586625879
1918,0.000016297848534618688
1920,0.000016259410073350444
1922,0.00001622202533171723
1924,0.00001618567953314464
1926,0.000016150358265516022
1928,0.000016116047471777163
1930,0.000016082733440839325
1932,0.000016050402798770027
1934,0.000016019042500261513
1936,0.000015988639820367047
1938,0.000015959182346495794
1940,0.000015930657970657266
1942,0.000015903054881946667
1944,0.000015876361559262898
1946,0.000015850566764251263
1948,0.000015825659534463158
1950,0.00001580162917672543
1952,0.00001577846526071236
1954,0.000015756157612713377
1956,0.000015734696309590054
1958,0.000015714071672916014
1960,0.00001569427426329377
1962,0.0000156752948748426
1964,0.000015657124529851894
1966,0.00001563975447359457
1968,0.000015623176169295344
1970,0.000015607381293248916
1972,0.000015592361730083132
1974,0.000015578109568162668
1976,0.00001556461709512859
1978,0.000015551876793569576
1980,0.0000155398813368207
1982,0.000015528623584885678
1984,0.000015518096580478772
1986,0.00001550829354518272
1988,0.000015499207875718966
1990,0.000015490833140326896
1992,0.000015483163075248628
1994,0.000015476191581316267
1996,0.00001546991272063842
1998,0.00001546432071338313
2000,0.00001545940993465417
2002,0.000015455174911458134
2004,0.00001545161031975945
2006,0.00001544871098162092
2008,0.000015446471862427106
2010,0.00001544488806818833
2012,0.000015443954842922843
2014,0.000015443667566115008
2016,0.000015444021750247264
2018,0.000015445013038403834
2020,0.00001544663720194415
2022,0.000015448890138244023
2024,0.000015451767868502715
2026,0.000015455266535614055
2028,0.000015459382402099927
2030,0.0000154641118481043
2032,0.00001546945136944633
2034,0.000015475397575730777
2036,0.0000154819471885144
2038,0.000015489097039526693
2040,0.000015496844068943614
2042,0.00001550518532371294
2044,0.000015514117955929872
2046,0.000015523639221261657
2048,0.000015533746477419935
2050,0.00001554443718267965
2052,0.000015555708894443353
2054,0.00001556755926784977
2056,0.000015579986054425555
2058,0.00001559298710077921
2060,0.00001560656034733611
2062,0.000015620703827113706
2064,0.00001563541566453593
2066,0.000015650694074285917
2068,0.00001566653736019614
2070,0.000015682943914175124
2072,0.000015699912215169924
2074,0.000015717440828163546
2076,0.000015735528403206567
2078,0.000015754173674482228
2080,0.000015773375459404252
2082,0.00001579313265774671
2084,0.0000158134442508053
2086,0.00001583430930058935
2088,0.00001585572694904396
2090,0.00001587769641730166
2092,0.000015900217004963048
2094,0.00001592328808940581
2096,0.000015946909125121582
2098,0.00001597107964308022
2100,0.000015995799250120844
2102,0.000016021067628369337
2104,0.00001604688453468167
2106,0.000016073249800112785
2108,0.00001610016332941042
2110,0.000016127625100533666
2112,0.00001615563516419571
2114,0.000016184193643430422
2116,0.00001621330073318249
2118,0.000016242956699920665
2120,0.00001627316188127384
2122,0.00001630391668568963
2124,0.000016335221592115126
2126,0.00001636707714969956
2128,0.00001639948397751859
2130,0.00001643244276431994
2132,0.000016465954268290126
2134,0.000016500019316842062
2136,0.000016534638806423298
2138,0.000016569813702344637
2140,0.000016605545038628994
2142,0.000016641833917880258
2144,0.000016678681511171988
2146,0.000016716089057955733
2148,0.000016754057865988903
2150,0.00001679258931128193
2152,0.00001683168483806467
2154,0.00001687134595877188
2156,0.000016911574254047588
2158,0.000016952371372768376
2160,0.000016993739032085387
2162,0.000017035679017484935
2164,0.000017078193182867745
2166,0.00001712128345064665
2168,0.000017164951811862728
2170,0.000017209200326319813
2172,0.000017254031122737354
2174,0.000017299446398921562
2176,0.000017345448421954805
2178,0.000017392039528403305
2180,0.000017439222124543013
2182,0.00001748699868660379
2184,0.000017535371761031797
2186,0.00001758434396477013
2188,0.000017633917985557824
2190,0.000017684096582247105
2192,0.00001773488258513904
2194,0.0000177862788963376
2196,0.000017838288490122203
2198,0.00001789091441333879
2200,0.00001794415978580955
2202,0.000017998027800761303
2204,0.000018052521725272718
2206,0.00001810764490074042
2208,0.00001816340074336409
2210,0.00001821979274465074
2212,0.000018276824471938166
2214,0.000018334499568937878
2216,0.0000183928217562975
2218,0.000018451794832182886
2220,0.000018511422672880094
2222,0.000018571709233417372
2224,0.000018632658548207347
2226,0.000018694274731709595
2228,0.000018756561979113837
2230,0.00001881952456704388
2232,0.000018883166854282614
2234,0.000018947493282518233
2236,0.00001901250837711193
2238,0.000019078216747887307
2240,0.000019144623089941783
2242,0.00001921173218448022
2244,0.000019279548899671046
2246,0.00001934807819152526
2248,0.00001941732510479842
2250,0.000019487294773916114
2252,0.00001955799242392313
2254,0.000019629423371456658
2256,0.00001970159302574387
2258,0.000019774506889624273
2260,0.000019848170560597106
2262,0.000019922589731894252
2264,0.000019997770193578943
2266,0.000020073717833670806
2268,0.000020150438639297433
2270,0.000020227938697873153
2272,0.000020306224198305264
2274,0.000020385301432228193
2276,0.000020465176795266142
2278,0.000020545856788324567
2280,0.00002062734801891107
2282,0.00002070965720248616
2284,0.000020792791163844426
2286,0.00002087675683852662
2288,0.000020961561274263223
2290,0.000021047211632450063
2292,0.000021133715189656496
2294,0.000021221079339166898
2296,0.000021309311592555823
2298,0.000021398419581297763
2300,0.000021488411058411872
2302,0.000021579293900142522
2304,0.000021671076107676245
2306,0.000021763765808895808
2308,0.00002185737126017216
2310,0.00002195190084819492
2312,0.000022047363091842275
2314,0.000022143766644090894
2316,0.00002224112029396689
2318,0.000022339432968538356
2320,0.000022438713734950676
2322,0.0000225389718025051
2324,0.000022640216524781774
2326,0.000022742457401807958
2328,0.00002284570408227245
2330,0.000022949966365787152
2332,0.000023055254205196767
2334,0.00002316157770893765
2336,0.000023268947143446827
2338,0.00002337737293562232
2340,0.000023486865675335772
2342,0.00002359743611799863
2344,0.000023709095187182883
2346,0.000023821853977297742
2348,0.00002393572375632327
2350,0.000024050715968602414
2352,0.000024166842237692575
2354,0.00002428411436927815
2356,0.000024402544354145328
2358,0.000024522144371220572
2360,0.000024642926790674216
2362,0.000024764904177090677
2364,0.000024888089292706732
2366,0.000025012495100719466
2368,0.000025138134768665488
2370,0.000025265021671873026
2372,0.00002539316939698862
2374,0.00002552259174558011
2376,0.000025653302737817718
2378,0.000025785316616235106
2380,0.00002591864784957216
2382,0.00002605331113670157
2384,0.0000261893214106411
2386,0.000026326693842653656
2388,0.000026465443846437178
2390,0.00002660558708240657
2392,0.000026747139462069863
2394,0.00002689011715250091
2396,0.00002703453658091092
2398,0.000027180414439321244
2400,0.000027327767689339996
2402,0.00002747661356704485
2404,0.00002762696958797484
2406,0.000027778853552233776
2408,0.000027932283549708005
2410,0.000028087277965401416
2412,0.000028243855484890698
2414,0.000028402035099903683
2416,0.000028561836114024086
2418,0.00002872327814852573
2420,0.000028886381148339487
2422,0.00002905116538815653
2424,0.000029217651478671135
2426,0.000029385860372966825
2428,0.00002955581337304941
2430,0.000029727532136530764
2432,0.000029901038683467397
2434,0.00003007635540335752
2436,0.000030253505062301182
2438,0.000030432510810327385
2440,0.000030613396188892816
2442,0.000030796185138556634
2444,0.000030980902006836
2446,0.000031167571556247204
2448,0.00003135621897253728
2450,0.00003154686987311135
2452,0.00003173955031566079
2454,0.00003193428680699778
2456,0.0000321311063121019
2458,0.000032330036263384315
2460,0.00003253110457017573
2462,0.00003273433962844414
2464,0.000032939770330748745
2466,0.00003314742607643647
2468,0.00003335733678208805
2470,0.0000335695328922203
2472,0.000033784045390251996
2474,0.00003400090580974072
2476,0.000034220146245898124
2478,0.00003444179936739168
2480,0.00003466589842844105
2482,0.00003489247728121721
2484,0.00003512157038855336
2486,0.000035353212836976184
2488,0.000035587440350066994
2490,0.000035824289302162116
2492,0.00003606379673240244
2494,0.000036306000359142235
2496,0.000036550938594727806
2498,0.00003679865056065678
2500,0.00003704917610312933
2502,0.00003730255580900282
2504,0.00003755883102216191
2506,0.000037818043860316416
2508,0.00003808023723223996
2510,0.000038345454855462316
2512,0.00003861374127442935
2514,0.000038885141879144675
2516,0.00003915970292430761
2518,0.00003943747154896259
2520,0.00003971849579667575
2522,0.00004000282463625484
2524,0.000040290507983029144
2526,0.0000405815967207071
2528,0.00004087614272382906
2530,0.00004117419888083435
2532,0.00004147581911776146
2534,0.00004178105842260152
2536,0.0000420899728703257
2538,0.000042402619648607875
2540,0.00004271905708426468
2542,0.00004303934467043614
2544,0.0000433635430945303
2546,0.00004369171426695695
2548,0.000044023921350675585
2550,0.00004436022879158448
2552,0.00004470070234977805
2554,0.00004504540913170122
2556,0.0000453944176232302
2558,0.000045747797723710474
2560,0.0000461056207809836
2562,0.00004646795962743606
2564,0.00004683488861710422
2566,0.00004720648366387114
2568,0.0000475828222807919
2570,0.0000479639836205859
2572,0.000048350048517336093
2574,0.00004874109952943607
2576,0.000049137220983828276
2578,0.0000495384990215779
2580,0.00004994502164482856
2582,0.00005035687876518829
2584,0.000050774162253595724
2586,0.000051196965991718354
2588,0.000051625385924937475
2590,0.00005205952011697558
2592,0.00005249946880622508
2594,0.00005294533446383929
2596,0.00005339722185364877
2598,0.00005385523809396941
2600,0.000054319492721370573
2602,0.000054790097756475036
2604,0.00005526716777186502
2606,0.00005575081996217204
2608,0.00005624117421643102
2610,0.00005673835319278329
2612,0.000057242482395615774
2614,0.00005775369025522789
2616,0.00005827210821012163
2618,0.00005879787079201394
2620,0.00005933111571367517
2622,0.00005987198395970165
2624,0.000060420619880335126
2626,0.00006097717128844688
2628,0.00006154178955980923
2630,0.00006211462973678263
2632,0.0000626958506355525
2634,0.0000632856149570553
2636,0.00006388408940174022
2638,0.00006449144478831908
2640,0.00006510785617666362
2642,0.00006573350299501772
2644,0.00006636856917169784
2646,0.00006701324327146496
2648,0.00006766771863675824
2650,0.00006833219353398995
2652,0.0000690068713051107
2654,0.00006969196052466327
2656,0.00007038767516255431
2658,0.00007109423475278295
2660,0.00007181186456837794
2662,0.00007254079580280601
2664,0.00007328126575812715
2666,0.00007403351804018582
2668,0.00007479780276114092
2670,0.00007557437674965248
2672,0.00007636350376905806
2674,0.00007716545474388907
2676,0.00007798050799509348
2678,0.0000788089494843512
2680,0.00007965107306788593
2682,0.00008050718076019943
2684,0.0000813775830081743
2686,0.00008226259897601541
2688,0.00008316255684152278
2690,0.0000840777941042158
2692,0.00008500865790585409
2694,0.00008595550536392982
2696,0.00008691870391873616
2698,0.00008789863169464806
2700,0.0000888956778762862
2702,0.00008991024310027003
2704,0.0000909427398633039
2706,0.0000919935929473811
2708,0.00009306323986293237
2710,0.00009415213131079144
2712,0.00009526073166389794
2714,0.00009638951946970877
2716,0.00009753898797434372
2718,0.00009870964566954774
2720,0.00009990201686361447
2722,0.00010111664227747968
2724,0.00010235407966726267
2726,0.0001036149044746075
2728,0.00010489971050625324
2730,0.00010620911064434682
2732,0.00010754373758909956
2734,0.00010890424463548402
2736,0.00011029130648576735
2738,0.00011170562009978577
2740,0.00011314790558497816
2742,0.00011461890712832023
2744,0.00011611939397242969
2746,0.00011765016143825339
2748,0.00011921203199689524
2750,0.00012080585639330351
2752,0.0001224325148247054
2754,0.00012409291817685946
2756,0.00012578800932139034
2758,0.0001275187644776792
2760,0.00012928619464300643
2762,0.00013109134709488174
2764,0.0001329353069697543
2766,0.00013481919892256925
2768,0.0001367441888719331
2770,0.00013871148583596626
2772,0.00014072234386426196
2774,0.0001427780640717353
2776,0.00014487999678053986
2778,0.000147029543776651
2780,0.0001492281606881693
2782,0.00015147735949288778
2784,0.00015377871116319176
2786,0.00015613384845692874
2788,0.00015854446886349698
2790,0.00016101233771506081
2792,0.00016353929147351262
2794,0.0001661272412045691
2796,0.00016877817625121934
2798,0.00017149416811963693
2800,0.0001742773745916391
2802,0.00017713004407881997
2804,0.0001800545202346203
2806,0.00018305324684182167
2808,0.0001861287729942791
2810,0.0001892837585931464
2812,0.00019252098017940545
2814,0.0001958433371261992
2816,0.00019925385821630467
2818,0.00020275570863206348
2820,0.00020635219738725227
2822,0.00021004678523271305
2824,0.00021384309307011018
2826,0.00021774491091094479
2828,0.00022175620742096081
2830,0.000225881140093343
2832,0.00023012406609765579
2834,0.00023448955385533402
2836,0.0002389823953967314
2838,0.0002436076195593002
2840,0.0002483705060914379
2842,0.00025327660073193634
2844,0.00025833173134083706
2846,0.00026354202516387616
2848,0.0002689139273196322
2850,0.0002744542206060198
2852,0.00028017004673093585
2854,0.0002860689290807249
2856,0.0002921587971497252
2858,0.000298448012764529
2860,0.00030494539824780874
2862,0.00031166026667863697
2864,0.0003186024544192307
2866,0.000325782356091987
2868,0.0003332109622055768
2870,0.00034089989964472317
2872,0.000348861475255083
2874,0.0003571087227723235
2876,0.0003656554533629335
2878,0.00037451631006337583
2880,0.00038370682642364137
2882,0.00039324348968076847
2884,0.00040314380880699427
2886,0.00041342638779528546
2888,0.00042411100456122793
2890,0.0004352186958535592
2892,0.0004467718485745923
2894,0.00045879429791457235
2896,0.00047131143269829725
2898,0.0004843503083251403
2900,0.0004979397676511574
2902,0.0005121105701095227
2904,0.0005268955292871932
2906,0.0005423296590641106
2908,0.0005584503282674314
2910,0.0005752974235862018
2912,0.000592913520218348
2914,0.0006113440593660493
2916,0.0006306375312390113
2918,0.0006508456616466241
2920,0.0006720235995357434
2922,0.000694230101935265
2924,0.0007175277116757421
2926,0.0007419829219378069
2928,0.0007676663201285651
2930,0.0007946527017831645
2932,0.0008230211431515931
2934,0.0008528550189011431
2936,0.0008842419490304087
2938,0.0009172736568008253
2940,0.0009520457174770832
2942,0.0009886571762566423
2944,0.0010272100133965141
2946,0.0010678084357462194
2948,0.0011105579772603346
2950,0.0011555643971482995
2952,0.0012029323734819523
2954,0.0012527640022399922
2956,0.001305157126081454
2958,0.0013602035316652085
2960,0.0014179870657731707
2962,0.0014785817242184856
2964,0.001542049758082381
2966,0.0016084398142155556
2968,0.0016777850786058722
2970,0.0017501013245474395
2972,0.0018253846921001686
2974,0.001903608958564438
2976,0.0019847220250633975
2978,0.002068641366131018
2980,0.002155248285047927
2982,0.0022443809908265938
2984,0.0023358267477497073
2986,0.002429313612364492
2988,0.00252450252310055
2990,0.002620980702532215
2992,0.0027182574409049666
2994,0.002815763336371709
2996,0.0029128539701909918
2998,0.003008818798732372
3000,0.0031028957545233475
3002,0.003194291671264648
3004,0.003282208190999233
3006,0.0033658722925672254
3008,0.003444570031022549
3010,0.0035176815483189926
3012,0.0035847149760377013
3014,0.003645336585919176
3016,0.003699394540471393
3018,0.0037469339200523356
3020,0.00378820136987658
3022,0.0038236386601565205
3024,0.0038538655453059316
3026,0.0038796533508480007
3028,0.003901891515377128
3030,0.0039215497333991295
3032,0.00393963834510468
3034,0.003957169265561371
3036,0.0039751191726710685
3038,0.003994396031767334
3040,0.004015809445476108
3042,0.004040044847725952
3044,0.004067641231952381
3046,0.00409897191700952
3048,0.004134227816687154
3050,0.004173402810211944
3052,0.004216281132598848
3054,0.004262427210698932
3056,0.004311179008604624
3058,0.004361646600309605
3060,0.00441271819618611
3062,0.004463076035479927
3064,0.004511224270730585
3066,0.00455553013688611
3068,0.004594278353179866
3070,0.004625737011600335
3072,0.004648231437883025
3074,0.004660221010790787
3076,0.004660373020393512
3078,0.00464762755781569
3080,0.004621248201697073
3082,0.00458085474696443
3084,0.0045264361041115865
3086,0.004458343421598962
3088,0.00437726514285139
3090,0.004284186923274829
3092,0.004180340065654742
3094,0.004067142451550949
3096,0.0039461359567199705
3098,0.0038189241265789513
3100,0.003687113498131547
3102,0.003552261402113676
3104,0.0034158323768392015
3106,0.0032791645115869926
3108,0.003143446183187405
3110,0.0030097028458138213
3112,0.002878792868493664
3114,0.002751410948994782
3116,0.002628097389363107
3118,0.0025092514822308717
3120,0.002395147385186513
3122,0.0022859510970941158
3124,0.002181737439821071
3126,0.002082506245541454
3128,0.00198819722155348
3130,0.0018987031931342487
3132,0.0018138816035213304
3134,0.0017335642798629427
3136,0.001657565560872761
3138,0.001585688934035878
3140,0.0015177323559128193
3142,0.001453492435977363
3144,0.0013927676588203874
3146,0.0013353608063726514
3148,0.001281080724656155
3150,0.001229743560976524
3152,0.0011811735790580673
3154,0.0011352036423892126
3156,0.0010916754405168208
3158,0.0010504395194173718
3160,0.0010113551653937378
3162,0.0009742901820902987
3164,0.0009391205920142764
3166,0.0009057302871981426
3168,0.0008740106481340687
3170,0.0008438601456642516
3172,0.0008151839369460054
3174,0.0007878934637739805
3176,0.0007619060593014072
3178,0.0007371445674457148
3180,0.0007135369778975859
3182,0.0006910160785989603
3184,0.0006695191267511966
3186,0.0006489875388078128
3188,0.0006293665994551259
3190,0.0006106051892550351
3192,0.0005926555303901938
3194,0.0005754729497913745
3196,0.0005590156588229201
3198,0.0005432445486412602
3200,0.0005281230003129616
3202,0.0005136167087743139
3204,0.0004996935197275509
3206,0.0004863232785944027
3208,0.00047347769068188054
3210,0.0004611301917550251
3212,0.0004492558282545276
3214,0.0004378311464419565
3216,0.0004268340898005246
3218,0.0004162439040639773
3220,0.00040604104928962685
3222,0.0003962071184333319
3224,0.00038672476192403067
3226,0.0003775776177731062
3228,0.00036875024678929033
3230,0.00036022807250298716
3232,0.0003519973254348344
3234,0.00034404499137208035
3236,0.0003363587633430237
3238,0.00032892699700443615
3240,0.00032173866917967306
3242,0.00031478333930619014
3244,0.00030805111357053904
3246,0.0003015326115267182
3248,0.0002952189350101292
3250,0.0002891016391744292
3252,0.0002831727054923818
3254,0.0002774245165744876
3256,0.0002718498326708146
3258,0.00026644176973212024
3260,0.00026119377891615727
3262,0.00025609962743403694
3264,0.00025115338063977236
3266,0.00024634938527368593
3268,0.00024168225377730997
3270,0.00023714684960377818
3272,0.00023273827345355808
3274,0.00022845185037074386
3276,0.0002242831176400637
3278,0.0002202278134292888
3280,0.00021628186612589762
3282,0.00021244138432067924
3284,0.00020870264739448512
3286,0.0002050620966675775
3288,0.00020151632707400967
3290,0.00019806207932622017
3292,0.00019469623253755408
3294,0.00019141579727275913
3296,0.00018821790899865504
3298,0.00018509982190915793
3300,0.0001820589031006752
3302,0.0001790926270755749
3304,0.00017619857055299647
3306,0.00017337440756771345
3308,0.00017061790483909137
3310,0.00016792691739342044
3312,0.00016529938442404204
3314,0.0001627333253747481
3316,0.00016022683623291006
3318,0.0001577780860197012
3320,0.0001553853134656195
3322,0.0001530468238602959
3324,0.00015076098606629941
3326,0.00014852622968732
3328,0.00014634104238173771
3330,0.0001442039673131629
3332,0.00014211360073007544
3334,0.0001400685896671888
3336,0.00013806762976163468
3338,0.00013610946317749536
3340,0.00013419287663261783
3342,0.00013231669952201908
3344,0.00013047980213254362
3346,0.0001286810939437624
3348,0.00012691952201040633
3350,0.00012519406942191483
3352,0.0001235037538349443
3354,0.00012184762607493044
3356,0.00012022476880303175
3358,0.00011863429524499743
3360,0.00011707534797870625
3362,0.00011554709777731399
3364,0.00011404874250512378
3366,0.00011257950606346031
3368,0.00011113863738398575
3370,0.00010972540946704042
3372,0.00010833911846272861
3374,0.0001069790827925984
3376,0.00010564464230988522
3378,0.00010433515749640102
3380,0.00010305000869425849
3382,0.00010178859537071805
3384,0.00010055033541454018
3386,0.00009933466446231316
3388,0.00009814103525330889
3390,0.00009696891701149796
3392,0.00009581779485342774
3394,0.00009468716922073669
3396,0.00009357655533614254
3398,0.0000924854826818036
3400,0.00009141349449900961
3402,0.00009036014730821322
3404,0.0000893250104484639
3406,0.00008830766563535493
3408,0.00008730770653663867
3410,0.00008632473836470982
3412,0.00008535837748519513
3414,0.00008440825104092752
3416,0.00008347399659061856
3418,0.00008255526176157694
3420,0.0000816517039158534
3422,0.00008076298982922264
3424,0.00007988879538244231
3426,0.00007902880526425545
3428,0.00007818271268562988
3430,0.00007735021910475093
3432,0.00007653103396230911
3434,0.00007572487442664391
3436,0.00007493146514832782
3438,0.00007415053802379296
3440,0.0000733818319676218
3442,0.00007262509269314173
3444,0.00007188007250097882
3446,0.00007114653007524325
3448,0.000070424230287033
3450,0.00006971294400495797
3452,0.00006901244791239837
3454,0.00006832252433122669
3456,0.00006764296105173228
3458,0.00006697355116850152
3460,0.00006631409292201554
3462,0.00006566438954574
3464,0.00006502424911848992
3466,0.00006439348442186286
3468,0.0000637719128025427
3470,0.00006315935603928477
3472,0.00006255564021440149
3474,0.00006196059558957517
3476,0.00006137405648583261
3478,0.00006079586116752269
3480,0.00006022585173014514
3482,0.00005966387399188528
3484,0.0000591097773887154
3486,0.00005856341487292923
3488,0.00005802464281498209
3490,0.0000574933209085138
3492,0.00005696931207843734
3494,0.00005645248239198044
3496,0.000055942700972572326
3498,0.000055439839916472035
3500,0.00005494377421203903
3502,0.00005445438166155081
3504,0.00005397154280547626
3506,0.000053495140849116714
3508,0.00005302506159153063
3510,0.00005256119335666114
3512,0.000052103426926588536
3514,0.00005165165547683322
3516,0.00005120577451363744
3518,0.00005076568181315695
3520,0.00005033127736249632
3522,0.00004990246330252441
3524,0.00004947914387240873
3526,0.00004906122535580995
3528,0.00004864861602867995
3530,0.000048241226108609166
3532,0.00004783896770567059
3534,0.00004744175477471048
3536,0.00004704950306903697
3538,0.00004666213009546022
3540,0.000046279555070638896
3542,0.00004590169887869025
3544,0.00004552848403002159
3546,0.00004515983462134357
3548,0.00004479567629682629
3550,0.00004443593621036138
3552,0.00004408054298889391
3554,0.000043729426696789746
3556,0.00004338251880120505
3558,0.000043039752138425813
3560,0.000042701060881146475
3562,0.00004236638050665786
3564,0.000042035647765915505
3566,0.00004170880065346086
3568,0.000041385778378168375
3570,0.00004106652133479272
3572,0.00004075097107629137
3574,0.0000404390702868981
3576,0.00004013076275592472
3578,0.000039825993352268143
3580,0.000039524707999601433
3582,0.000039226853652227845
3584,0.000038932378271577675
3586,0.0000386412308033285
3588,0.0000383533611551298
3590,0.00003806872017491401
3592,0.00003778725962977629
3594,0.00003750893218540596
3596,0.00003723369138605331
3598,0.00003696149163501597
3600,0.000036692288175629166
3602,0.00003642603707274548
3604,0.000036162695194689444
3606,0.00003590222019567315
3608,0.0000356445704986596
3610,0.000035389705278660665
3612,0.00003513758444645714
3614,0.00003488816863272872
3616,0.00003464141917258224
3618,0.00003439729809046663
3620,0.000034155768085463715
3622,0.00003391679251694412
3624,0.000033680335390577936
3626,0.000033446361344690285
3628,0.00003321483563695182
3630,0.00003298572413139514
3632,0.000032758993285747774
3634,0.000032534610139073024
3636,0.000032312542299710094
3638,0.000032092757933505404
3640,0.00003187522575232685
3642,0.0000316599150028534
3644,0.00003144679545563254
3646,0.0000312358373943981
3648,0.00003102701160564161
3650,0.00003082028936843021
3652,0.00003061564244446442
3654,0.00003041304306836954
3656,0.000030212463938214155
3658,0.000030013878206249894
3660,0.00002981725946986649
3662,0.00002962258176275643
3664,0.0000294298195462836
3666,0.00002923894770105075
3668,0.000029049941518660293
3670,0.000028862776693663665
3672,0.000028677429315694035
3674,0.000028493875861777917
3676,0.00002831209318882074
3678,0.000028132058526262173
3680,0.00002795374946889659
3682,0.000027777143969854632
3684,0.00002760222033374162
3686,0.000027428957209928883
3688,0.000027257333585994135
3690,0.00002708732878130702
3692,0.000026918922440756353
3694,0.000026752094528615245
3696,0.0000265868253225409
3698,0.00002642309540770552
3700,0.00002626088567105521
3702,0.00002610017729569354
3704,0.00002594095175538682
3706,0.000025783190809188034
3708,0.000025626876496176465
3710,0.000025471991130310206
3712,0.00002531851729538886
3714,0.000025166437840123613
3716,0.000025015735873312172
3718,0.000024866394759116003
3720,0.000024718398112437347
3722,0.00002457172979439366
3724,0.000024426373907887186
3726,0.000024282314793267204
3728,0.00002413953702408299
3730,0.000023998025402925077
3732,0.000023857764957352923
3734,0.000023718740935906846
3736,0.000023580938804202205
3738,0.000023444344241104
3740,0.000023308943134979915
3742,0.00002317472158002996
3744,0.000023041665872691057
3746,0.000022909762508114633
3748,0.000022778998176715682
3750,0.00002264935976079159
3752,0.00002252083433120911
3754,0.000022393409144157885
3756,0.000022267071637969122
3758,0.000022141809429997743
3760,0.000022017610313566737
3762,0.000021894462254972206
3764,0.00002177235339054773
3766,0.000021651272023786746
3768,0.000021531206622521648
3770,0.00002141214581615826
3772,0.000021294078392964513
3774,0.00002117699329741209
3776,0.000021060879627569844
3778,0.000020945726632547897
3780,0.000020831523709991153
3782,0.000020718260403621393
3784,0.00002060592640082655
3786,0.000020494511530296447
3788,0.00002038400575970372
3790,0.000020274399193429132
3792,0.00002016568207033021
3794,0.000020057844761552252
3796,0.00001995087776838086
3798,0.00001984477172013503
3800,0.00001973951737209999
3802,0.000019635105603498877
3804,0.000019531527415502395
3806,0.0000194287739292758
3808,0.00001932683638406218
3810,0.000019225706135301476
3812,0.00001912537465278432
3814,0.00001902583351884006
3816,0.000018927074426558253
3818,0.000018829089178042784
3820,0.00001873186968269814
3822,0.00001863540795554698
3824,0.000018539696115578412
3826,0.00001844472638412643
3828,0.00001835049108327771
3830,0.000018256982634308282
3832,0.00001816419355614846
3834,0.000018072116463875425
3836,0.00001798074406723289
3838,0.000017890069169177344
3840,0.000017800084664450207
3842,0.000017710783538175566
3844,0.00001762215886448278
3846,0.00001753420380515353
3848,0.00001744691160829288
3850,0.000017360275607023697
3852,0.000017274289218204173
3854,0.000017188945941167805
3856,0.00001710423935648548
3858,0.000017020163124749175
3860,0.000016936710985376905
3862,0.000016853876755438395
3864,0.00001677165432850119
3866,0.000016690037673496692
3868,0.000016609020833605765
3870,0.000016528597925163556
3872,0.00001644876313658312
3874,0.00001636951072729746
3876,0.00001629083502671973
3878,0.000016212730433221046
3880,0.000016135191413125785
3882,0.00001605821249972391
3884,0.000015981788292299968
3886,0.000015905913455178537
3888,0.00001583058271678574
3890,0.000015755790868726493
3892,0.00001568153276487727
3894,0.00001560780332049403
3896,0.000015534597511334983
3898,0.000015461910372798047
3900,0.000015389736999072506
3902,0.000015318072542304854
3904,0.000015246912211778299
3906,0.00001517625127310588
3908,0.000015106085047436832
3910,0.000015036408910675943
3912,0.00001496721829271575
3914,0.000014898508676681206
3916,0.000014830275598186715
3918,0.000014762514644605205
3920,0.000014695221454349068
3922,0.00001462839171616275
3924,0.000014562021168426731
3926,0.000014496105598472734
3928,0.000014430640841909941
3930,0.000014365622781961986
3932,0.000014301047348814591
3934,0.000014236910518973587
3936,0.000014173208314633145
3938,0.000014109936803054077
3940,0.000014047092095951971
3942,0.000013984670348894995
3944,0.000013922667760711216
3946,0.00001386108057290524
3948,0.000013799905069084036
3950,0.000013739137574391713
3952,0.00001367877445495318
3954,0.000013618812117326473
3956,0.000013559247007963572
3958,0.000013500075612679674
3960,0.00001344129445613059
3962,0.000013382900101298297
3964,0.000013324889148984401
3966,0.000013267258237311406
3968,0.000013210004041231609
3970,0.000013153123272043592
3972,0.000013096612676916026
3974,0.000013040469038418823
3976,0.000012984689174061352
3978,0.00001292926993583772
3980,0.00001287420820977894
3982,0.000012819500915511854
3984,0.000012765145005824728
3986,0.000012711137466239393
3988,0.000012657475314589807
3990,0.000012604155600606937
3992,0.000012551175405509874
3994,0.00001249853184160302
3996,0.000012446222051879304
3998,0.000012394243209629294
4000,0.000012342592518056087
