500,0.000013514562073416056
502,0.00001330837763541449
504,0.000013111770059866713
506,0.000012924236847036944
508,0.000012745307072648638
510,0.000012574539348301154
512,0.00001241151988659731
514,0.00001225586067397781
516,0.000012107197751631701
518,0.00001196518960292791
520,0.000011829515644436165
522,0.000011699874816653548
524,0.00001157598426992696
526,0.000011457578140684993
528,0.000011344406412903863
530,0.00001123623385968317
532,0.000011132839059861448
534,0.00001103401348472902
536,0.00001093956065007478
538,0.000010849295329016458
540,0.000010763042821297769
542,0.000010680638274980816
544,0.000010601926056710366
546,0.00001052675916697338
548,0.000010454998697017848
550,0.00001038651332432743
552,0.00001032117884377046
554,0.000010258877731752517
556,0.00001019949874090039
558,0.000010142936522991709
560,0.000010089091278018638
562,0.000010037868427436402
564,9.989178309798125e-6
566,9.942935897117302e-6
568,9.899060530428595e-6
570,9.857475673137066e-6
572,9.818108680856484e-6
574,9.780890586538805e-6
576,9.745755899790836e-6
578,9.712642419360263e-6
580,9.681491057852663e-6
582,9.652245677814167e-6
584,9.624852938381655e-6
586,9.599262151764137e-6
588,9.575425148875883e-6
590,9.55329615349406e-6
592,9.532831664361825e-6
594,9.513990344701994e-6
596,9.49673291864726e-6
598,9.48102207413022e-6
600,9.466822371811305e-6
602,9.454100159654213e-6
604,9.442823492788048e-6
606,9.432962058322227e-6
608,9.42448710480533e-6
610,9.417371376042011e-6
612,9.411589049003492e-6
614,9.407115675586788e-6
616,9.40392812799611e-6
618,9.402004547536746e-6
620,9.4013242966274e-6
622,9.40186791385153e-6
624,9.403617071881653e-6
626,9.40655453812331e-6
628,9.410664137936904e-6
630,9.415930720306701e-6
632,9.422340125836406e-6
634,9.429879156960316e-6
636,9.438535550267997e-6
638,9.44829795084885e-6
640,9.459155888570873e-6
642,9.471099756215412e-6
644,9.484120789396732e-6
646,9.498211048202075e-6
648,9.513363400494182e-6
650,9.529571506824388e-6
652,9.546829806910375e-6
654,9.565133507638215e-6
656,9.584478572553844e-6
658,9.604861712814497e-6
660,9.62628037957571e-6
662,9.648732757794676e-6
664,9.67221776143579e-6
666,9.696735030069057e-6
668,9.722284926857212e-6
670,9.748868537932171e-6
672,9.776487673166656e-6
674,9.805144868351683e-6
676,9.834843388796031e-6
678,9.865587234368916e-6
680,9.89738114601265e-6
682,9.930230613757692e-6
684,9.96414188627835e-6
686,9.999121982033504e-6
688,0.000010035178702043185
690,0.000010072320644358508
692,0.000010110557220289627
694,0.000010149898672463943
696,0.000010190356094794689
698,0.000010231941454448723
700,0.000010274667615911261
702,0.000010318548367255203
704,0.000010363598448733049
706,0.000010409833583820668
708,0.000010457270512854296
710,0.000010505927029415097
712,0.00001055582201962981
714,0.000010606975504571083
716,0.00001065940868595764
718,0.000010713143995372279
720,0.000010768205147234906
722,0.000010824617195789004
724,0.00001088240659638249
726,0.000010941601271348929
728,0.000011002230680821749
730,0.00001106432589884368
732,0.000011127919695165267
734,0.000011193046623161247
736,0.000011259743114331166
738,0.00001132804757989202
740,0.000011398000520015273
742,0.000011469644641309678
744,0.000011543024983204227
746,0.000011618189053943598
748,0.000011695186976971272
750,0.000011774071648543953
752,0.00001185489890749513
754,0.00001193772771814641
756,0.000012022620367452419
758,0.000012109642677559774
760,0.000012198864235062604
762,0.00001229035863834709
764,0.000012384203764535774
766,0.000012480482057668676
768,0.000012579280839893375
770,0.000012680692647579086
772,0.000012784815594420666
774,0.000012891753763756131
776,0.00001300161763248447
778,0.000013114524529137359
780,0.000013230599128825916
782,0.000013349973987947892
784,0.00001347279012169649
786,0.000013599197627551923
788,0.000013729356358051693
790,0.000013863436646212415
792,0.000014001620086999304
794,0.00001414410037818739
796,0.000014291084223804811
798,0.000014442792303058043
800,0.000014599460307167747
802,0.000014761340045835861
804,0.000014928700624048617
806,0.000015101829688506587
808,0.00001528103474104918
810,0.000015466644513865693
812,0.00001565901039788242
814,0.000015858507911266125
816,0.000016065538189218644
818,0.000016280529468822267
820,0.000016503938533226533
822,0.00001673625206745159
824,0.000016977987862934514
826,0.000017229695788964893
828,0.00001749195842553582
830,0.000017765391222950852
832,0.000018050642017757125
834,0.00001834838969113799
836,0.000018659341703729194
838,0.00001898423017899523
840,0.00001932380613523755
842,0.000019678831384088686
844,0.000020050067522190953
846,0.000020438261345682708
848,0.00002084412591985691
850,0.00002126831644859195
852,0.00002171140002501958
854,0.00002217381832876765
856,0.000022655842397476867
858,0.00002315751878328389
860,0.0000236786067619424
862,0.000024218506856201715
864,0.000024776181833199642
866,0.000025350072598117604
868,0.000025938013066837266
870,0.000026537150136759213
872,0.000027143877171244776
874,0.00002775379171704797
876,0.000028361690063027812
878,0.000028961612124214502
880,0.000029546949275330798
882,0.000030110624448991377
884,0.000030645347578478134
886,0.000031143940350680965
888,0.00003159971308253289
890,0.00003200686509238556
892,0.000032360870680215224
894,0.00003265880841256118
896,0.00003289959384818447
898,0.00003308408569820022
900,0.000033215051330224454
902,0.00003329699640420175
904,0.00003333588128013969
906,0.000033338759987917025
908,0.00003331338370700018
910,0.0000332678094969974
912,0.00003321004783078992
914,0.00003314777175954584
916,0.00003308809893591843
918,0.000033037447391352964
920,0.00003300145819800283
922,0.00003298497335911634
924,0.00003299205520987554
926,0.000033026033645259
928,0.00003308956888497529
930,0.00003318471957219766
932,0.00003331300827951422
934,0.00003347547864180242
936,0.00003367274019262468
938,0.000033904998511788585
940,0.00003417206954287365
942,0.00003447337800520057
944,0.000034807940821607165
946,0.000035174337530019484
948,0.00003557067084490748
950,0.00003599452194858721
952,0.00003644290672329631
954,0.000036912240890926186
956,0.00003739832369185359
958,0.0000378963509464053
960,0.0000384009686043064
962,0.00003890637662296605
964,0.000039406489697912105
966,0.00003989515571775481
968,0.00004036642503007851
970,0.000040814854549169544
972,0.00004123582197719987
974,0.00004162581898943044
976,0.000041982690165768224
978,0.00004230578805128846
980,0.000042596024019509746
982,0.00004285580809134343
984,0.00004308888580536145
986,0.000043300093474516026
988,0.0000434950620499303
990,0.000043679902958688336
992,0.000043860906830176506
994,0.00004404427937099631
996,0.00004423592983301484
998,0.00004444131856292391
1000,0.00004466536254009746
1002,0.000044912392411795535
1004,0.00004518615147323352
1006,0.00004548982600566999
1008,0.00004582609683921541
1010,0.00004619720337051626
1012,0.000046605013042667585
1014,0.00004705109112362949
1016,0.00004753676727541306
1018,0.000048063196778405084
1020,0.00004863141533328189
1022,0.00004924238712645493
1024,0.00004989704635831781
1026,0.00005059633274929303
1028,0.00005134122170743017
1030,0.000052132749906702614
1032,0.00005297203702204098
1034,0.00005386030432178651
1036,0.00005479889074942107
1038,0.00005578926704686236
1040,0.000056833048389424835
1042,0.00005793200592248829
1044,0.00005908807751439258
1046,0.000060303377969924736
1048,0.00006158020888385221
1050,0.00006292106825363564
1052,0.0000643286599139032
1054,0.0000658059028018023
1056,0.0000673559400116917
1058,0.00006898214755025133
1060,0.00007068814266050433
1062,0.00007247779154850055
1064,0.0000743552163245017
1066,0.00007632480096888891
1068,0.00007839119616195817
1070,0.0000805593228894619
1072,0.00008283437486775881
1074,0.00008522182004007126
1076,0.0000877274016924138
1078,0.00009035714012992839
1080,0.00009311733633088936
1082,0.00009601457951850087
1084,0.00009905576108263532
1086,0.00010224809761905703
1088,0.00010559916585680838
1090,0.00010911695170466283
1092,0.0001128099143575009
1094,0.00011668706422337803
1096,0.00012075805037195484
1098,0.00012503324950108885
1100,0.00012952384456649566
1102,0.00013424187792609942
1104,0.0001392002618851927
1106,0.0001444127295007054
1108,0.0001498937106444587
1110,0.00015565812237602235
1112,0.00016172106795194738
1114,0.00016809744444399528
1116,0.00017480146427202714
1118,0.00018184610076421066
1120,0.00018924247251449528
1122,0.00019699918667246395
1124,0.00020512166840713528
1126,0.00021361151342421292
1128,0.00022246591268755577
1130,0.00023167721241164555
1132,0.0002412326855745483
1134,0.0002511145997749246
1136,0.0002613006650728606
1138,0.0002717649288243633
1140,0.0002824791475981726
1142,0.00029341460702938605
1144,0.00030454428190036066
1146,0.0003158451404066438
1148,0.0003273003145086684
1150,0.000338900802406863
1152,0.00035064635818918565
1154,0.00036254526874310083
1156,0.0003746128177278213
1158,0.0003868683757029827
1160,0.0003993312095355244
1162,0.0004120152461057102
1164,0.00042492313488980214
1166,0.0004380400233759613
1168,0.00045132749358117806
1170,0.00046471812067841326
1172,0.0004781111202369924
1174,0.0004913695563267156
1176,0.0005043195841964764
1178,0.000516752180544415
1180,0.0005284277436024881
1182,0.0005390837940513847
1184,0.0005484457548639654
1186,0.0005562404342668281
1188,0.0005622114146615122
1190,0.0005661351312593422
1192,0.0005678361039994782
1194,0.0005671996652570557
1196,0.0005641806748892175
1198,0.0005588071442264434
1200,0.0005511783378930225
1202,0.0005414576595358721
1204,0.0005298612996270496
1206,0.0005166440947375875
1208,0.0005020842407804134
1210,0.00048646841522555705
1212,0.0004700785574034788
1214,0.0004531811299865895
1216,0.00043601923973817473
1218,0.0004188076103244309
1220,0.00040173011885926113
1222,0.00038493944219162126
1224,0.00036855829588809295
1226,0.0003526817627818518
1228,0.00033738027026580304
1230,0.00032270286106374885
1232,0.0003086804922983525
1234,0.0002953291803978607
1236,0.0002826528786395811
1238,0.0002706460280019003
1240,0.0002592957611975554
1242,0.0002485837663651256
1244,0.00023848783346954548
1246,0.00022898311552720205
1248,0.00022004314052705926
1250,0.00021164061014210963
1252,0.0002037480193657545
1254,0.00019633812804139696
1256,0.0001893843115520407
1258,0.00018286081413799795
1260,0.00017674292468206987
1262,0.00017100709149015645
1264,0.00016563098966811728
1266,0.0001605935521682553
1268,0.0001558749734354732
1270,0.00015145669279143648
1272,0.00014732136321473098
1274,0.00014345280996389518
1276,0.00013983598250774776
1278,0.00013645690243644653
1280,0.00013330260939428999
1282,0.00013036110657294367
1284,0.00012762130690737114
1286,0.0001250729808060264
1288,0.00012270670600504475
1290,0.00012051381994946717
1292,0.00011848637496171259
1294,0.00011661709634945882
1296,0.0001148993435244494
1298,0.00011332707414460851
1300,0.00011189481124947783
1302,0.00011059761332961579
1304,0.00010943104725119298
1306,0.00010839116394517647
1308,0.00010747447676428565
1310,0.00010667794240877169
1312,0.00010599894432275568
1314,0.00010543527846530386
1316,0.00010498514136372155
1318,0.00010464712035990668
1320,0.00010442018596326392
1322,0.00010430368622488468
1324,0.00010429734304665111
1326,0.00010440125033473464
1328,0.00010461587389860418
1330,0.00010494205298291906
1332,0.00010538100329908243
1334,0.00010593432139398049
1336,0.00010660399015334457
1338,0.00010739238518356979
1340,0.0001083022817454683
1342,0.00010933686182240447
1344,0.00011049972078888108
1346,0.00011179487299840041
1348,0.00011322675542491535
1350,0.00011480022826316754
1352,0.0001165205711117298
1354,0.00011839347302031849
1356,0.00012042501427187589
1358,0.00012262163728336592
1360,0.00012499010344357693
1362,0.00012753743206361082
1364,0.00013027081690785078
1366,0.00013319751502677906
1368,0.0001363247018772424
1370,0.00013965928607194552
1372,0.0001432076766734206
1374,0.00014697549592138375
1376,0.00015096723091033104
1378,0.00015518581935191543
1380,0.0001596321675819855
1382,0.00016430460388810306
1384,0.0001691982775392627
1386,0.00017430452401566673
1388,0.00017961023004612144
1390,0.00018509724788235639
1392,0.00019074192573994965
1394,0.0001965148384301956
1396,0.00020238081554795206
1398,0.00020829936958479347
1400,0.00021422561765370077
1402,0.00022011176308935494
1404,0.00022590915396752598
1406,0.00023157086556040615
1408,0.00023705466975015846
1410,0.00024232616973924088
1412,0.0002473618112201803
1414,0.00025215145060552093
1416,0.00025670018118633623
1418,0.0002610291927980238
1420,0.00026517555959070064
1422,0.00026919099126823713
1424,0.00027313971661044155
1426,0.00027709576716663733
1428,0.00028113997642004266
1430,0.00028535700200929824
1432,0.0002898326252649561
1434,0.00029465150110627474
1436,0.0002998954419596782
1438,0.0003056422382039572
1440,0.0003119649548995598
1442,0.0003189316038198782
1444,0.0003266050695118093
1446,0.000335043163707104
1448,0.0003442986883486074
1450,0.0003544193987305833
1452,0.0003654477709908736
1454,0.0003774204901649392
1456,0.0003903675853961764
1458,0.00040431114811248845
1460,0.00041926357846744686
1462,0.000435225317394274
1464,0.0004521820392326017
1466,0.0004701013066270748
1468,0.0004889287291514865
1470,0.0005085837236406354
1472,0.0005289550503549935
1474,0.0005498963955509757
1476,0.0005712223846125157
1478,0.0005927055315348592
1480,0.0006140747432636373
1482,0.0006350160752117463
1484,0.0006551764432071696
1486,0.0006741708995423811
1488,0.0006915938442537639
1490,0.0007070341529011046
1492,0.0007200936771602668
1494,0.0007304079761460041
1496,0.0007376675700022675
1498,0.0007416376062012178
1500,0.0007421737212094565
1502,0.0007392321459683866
1504,0.0007328727388485115
1506,0.0007232545325571564
1508,0.0007106243728716093
1510,0.0006953001008771759
1512,0.0006776503145506733
1514,0.0006580729500917897
1516,0.0006369747575178142
1518,0.000614753300027299
1520,0.0005917825167463794
1522,0.0005684022875016004
1524,0.0005449119275349513
1526,0.0005215671745768418
1528,0.0004985800217320307
1530,0.00047612067740856724
1532,0.0004543209623514518
1534,0.00043327854500929485
1536,0.00041306153642878295
1538,0.00039371308997053977
1540,0.0003752557639231574
1542,0.0003576954988220296
1544,0.00034102513374642134
1546,0.0003252274382853919
1548,0.00031027767219376736
1550,0.00029614570655927804
1552,0.00028279775202095316
1554,0.00027019774420499593
1556,0.00025830843647694975
1558,0.00024709224716500523
1560,0.00023651190389674748
1562,0.00022653092250681924
1564,0.0002171139526975712
1566,0.00020822701762118583
1568,0.00019983766999205046
1570,0.00019191508331708847
1572,0.0001844300933657096
1574,0.0001773552020655072
1576,0.00017066455355818573
1578,0.00016433389012602572
1580,0.00015834049404396536
1582,0.00015266312007005124
1584,0.00014728192220642014
1586,0.0001421783774989417
1588,0.0001373352089571573
1590,0.00013273630913412612
1592,0.00012836666548054538
1594,0.000124212288256127
1596,0.00012026014152487886
1598,0.00011649807756431438
1600,0.000112914774869282
1602,0.00010949967981904763
1604,0.00010624295199344805
1606,0.00010313541306393674
1608,0.00010016849914305476
1610,0.00009733421644722207
1612,0.00009462510010955196
1614,0.00009203417596911796
1616,0.00008955492515876247
1618,0.00008718125131358799
1620,0.0000849074502254958
1622,0.00008272818177461554
1624,0.0000806384439754684
1626,0.00007863354898368986
1628,0.00007670910091768049
1630,0.00007486097535834835
1632,0.00007308530039892222
1634,0.00007137843912548354
1636,0.00006973697341726956
1638,0.00006815768896385913
1640,0.00006663756140401436
1642,0.00006517374349818619
1644,0.00006376355325348509
1646,0.00006240446292626853
1648,0.00006109408883341112
1650,0.00005983018190881478
1652,0.00005861061894680155
1654,0.00005743339447873219
1656,0.000056296613233529634
1658,0.00005519848313678107
1660,0.00005413730880676819
1662,0.000053111485509153904
1664,0.000052119493535157566
1666,0.00005115989297089968
1668,0.00005023131882821087
1670,0.000049332476509597596
1672,0.000048462137582254926
1674,0.00004761913583803212
1676,0.00004680236361810408
1678,0.00004601076838279477
1680,0.00004524334950855096
1682,0.00004449915529548771
1684,0.00004377728017023133
1686,0.00004307686206998227
1688,0.00004239707999481729
1690,0.00004173715171625749
1692,0.000041096331631052224
1694,0.00004047390874997734
1696,0.00003986920481222463
1698,0.000039281572516675045
1700,0.000038710393862005476
1702,0.000038155078588182826
1704,0.00003761506271245555
1706,0.00003708980715346311
1708,0.00003657879643755524
1710,0.000036081537481845105
1712,0.000035597558448920636
1714,0.000035126407668504845
1716,0.00003466765262169598
1718,0.00003422087898373025
1720,0.00003378568972149904
1722,0.000033361704242318346
1724,0.000032948557590694574
1726,0.00003254589969005793
1728,0.00003215339462664483
1730,0.00003177071997290511
1732,0.00003139756614798961
1734,0.00003103363581304013
1736,0.00003067864329915799
1738,0.00003033231406607012
1740,0.00002999438418964418
1742,0.000029664599876526795
1744,0.00002934271700429297
1746,0.000029028500685600666
1748,0.00002872172485494229
1750,0.00002842217187667651
1752,0.000028129632173108306
1754,0.00002784390387146408
1756,0.00002756479246868202
1758,0.000027292110513006094
1760,0.000027025677301435653
1762,0.000026765318592141782
1764,0.000026510866331016696
1766,0.000026262158391573854
1768,0.00002601903832746459
1770,0.000025781355136921538
1772,0.000025548963038481087
1774,0.0000253217212573761
1776,0.000025099493822026434
1778,0.000024882149370088936
1780,0.000024669560963560482
1782,0.000024461605912457223
1784,0.000024258165606621248
1786,0.00002405912535523181
1788,0.00002386437423362279
1790,0.000023673804937030802
1792,0.000023487313640919975
1794,0.00002330479986754935
1796,0.000023126166358467775
1798,0.00002295131895263883
1800,0.000022780166469914963
1802,0.00002261262059959549
1804,0.000022448595793817804
1806,0.0000222880091655449
1808,0.000022130780390925214
1810,0.000021976831615812866
1812,0.000021826087366247982
1814,0.00002167847446270726
1816,0.000021533921937945364
1818,0.000021392360958256938
1820,0.00002125372474799828
1822,0.000021117948517215984
1824,0.000020984969392237825
1826,0.000020854726349088837
1828,0.000020727160149602337
1830,0.000020602213280102614
1832,0.000020479829892542065
1834,0.000020359955747981638
1836,0.00002024253816230905
1838,0.00002012752595409445
1840,0.000020014869394488362
1842,0.000019904520159071314
1844,0.00001979643128156916
1846,0.000019690557109352326
1848,0.000019586853260641015
1850,0.000019485276583342615
1852,0.000019385785115450573
1854,0.000019288338046937972
1856,0.000019192895683081806
1858,0.000019099419409157236
1860,0.000019007871656443923
1862,0.000018918215869489277
1864,0.000018830416474576073
1866,0.000018744438849344226
1868,0.000018660249293519097
1870,0.00001857781500070057
1872,0.000018497104031169637
1874,0.00001841808528567078
1876,0.00001834072848013079
1878,0.00001826500412127603
1880,0.000018190883483112183
1882,0.000018118338584232027
1884,0.000018047342165918163
1886,0.000017977867671009478
1888,0.000017909889223501054
1890,0.000017843381608848906
1892,0.000017778320254952116
1894,0.000017714681213785925
1896,0.000017652441143660812
1898,0.000017591577292083442
1900,0.000017532067479196477
1902,0.00001747389008177525
1904,0.000017417024017760185
1906,0.00001736144873130483
1908,0.000017307144178320106
1910,0.00001725409081249631
1912,0.000017202269571785113
1914,0.000017151661865324536
1916,0.00001710224956079061
1918,0.00001705401497216016
1920,0.000017006940847869627
1922,0.000016961010359355672
1924,0.00001691620708996371
1926,0.000016872515024211203
1928,0.00001682991853739302
1930,0.00001678840238551666
1932,0.000016747951695555744
1934,0.000016708551956010414
1936,0.00001667018900776405
1938,0.000016632849035225822
1940,0.000016596518557749195
1942,0.00001656118442131686
1944,0.000016526833790482903
1946,0.000016493454140563378
1948,0.00001646103325006688
1950,0.00001642955919335689
1952,0.000016399020333538134
1954,0.000016369405315559387
1956,0.000016340703059525504
1958,0.000016312902754211702
1960,0.00001628599385077338
1962,0.000016259966056645075
1964,0.000016234809329622276
1966,0.000016210513872120192
1968,0.000016187070125603694
1970,0.00001616446876518289
1972,0.00001614270069436902
1974,0.00001612175703998552
1976,0.000016101629147229313
1978,0.000016082308574877597
1980,0.0000160637870906355
1982,0.00001604605666662017
1984,0.00001602910947497709
1986,0.000016012937883624494
1988,0.000015997534452121878
1990,0.00001598289192765885
1992,0.000015969003241160608
1994,0.000015955861503506505
1996,0.000015943460001858273
1998,0.000015931792196094602
2000,0.000015920851715348917
2002,0.000015910632354647234
2004,0.00001590112807164318
2006,0.000015892332983447283
2008,0.00001588424136354776
2010,0.00001587684763882022
2012,0.000015870146386623586
2014,0.000015864132331979883
2016,0.000015858800344835385
2018,0.00001585414543740086
2020,0.000015850162761568728
2022,0.000015846847606404847
2024,0.000015844195395712983
2026,0.000015842201685669862
2028,0.000015840862162528874
2030,0.000015840172640390594
2032,0.000015840129059038268
2034,0.000015840727481836528
2036,0.00001584196409369163
2038,0.0000158438351990716
2040,0.000015846337220084705
2042,0.000015849466694614703
2044,0.000015853220274511422
2046,0.00001585759472383524
2048,0.00001586258691715409
2050,0.00001586819383789159
2052,0.000015874412576725202
2054,0.000015881240330032926
2056,0.000015888674398387518
2058,0.000015896712185097013
2060,0.00001590535119479042
2062,0.00001591458903204749
2064,0.000015924423400071587
2066,0.000015934852099404545
2068,0.000015945873026682644
2070,0.000015957484173432683
2072,0.000015969683624907235
2074,0.000015982469558958302
2076,0.00001599584024494838
2078,0.000016009794042698227
2080,0.000016024329401470484
2082,0.000016039444858988402
2084,0.000016055139040488925
2086,0.00001607141065780941
2088,0.000016088258508507348
2090,0.00001610568147501236
2092,0.000016123678523809816
2094,0.000016142248704655556
2096,0.000016161391149821012
2098,0.00001618110507336821
2100,0.000016201389770454085
2102,0.000016222244616663607
2104,0.000016243669067371114
2106,0.00001626566265712951
2108,0.000016288224999086688
2110,0.000016311355784428808
2112,0.00001633505478185005
2114,0.000016359321837048267
2116,0.000016384156872246232
2118,0.00001640955988573813
2120,0.0000164355309514608
2122,0.000016462070218589474
2124,0.000016489177911157605
2126,0.000016516854327700532
2128,0.00001654509984092256
2130,0.000016573914897387266
2132,0.000016603300017230687
2134,0.00001663325579389713
2136,0.00001666378289389732
2138,0.00001669488205658873
2140,0.000016726554093977734
2142,0.00001675879989054346
2144,0.000016791620403083123
2146,0.00001682501666057858
2148,0.000016858989764084002
2150,0.000016893540886634434
2152,0.000016928671273175132
2154,0.00001696438224051147
2156,0.000017000675177279323
2158,0.000017037551543935807
2160,0.000017075012872770187
2162,0.000017113060767934945
2164,0.000017151696905496848
2166,0.000017190923033507927
2168,0.000017230740972096356
2170,0.000017271152613577067
2172,0.000017312159922582165
2174,0.000017353764936210956
2176,0.00001739596976419971
2178,0.000017438776589110996
2180,0.000017482187666542645
2182,0.00001752620532535634
2184,0.00001757083196792578
2186,0.000017616070070404488
2188,0.00001766192218301327
2190,0.000017708390930347322
2192,0.00001775547901170307
2194,0.000017803189201424776
2196,0.000017851524349270945
2198,0.000017900487380800677
2200,0.000017950081297779902
2202,0.000018000309178607772
2204,0.000018051174178763146
2206,0.000018102679531271317
2208,0.000018154828547191193
2210,0.000018207624616122873
2212,0.00001826107120673597
2214,0.000018315171867318588
2216,0.00001836993022634736
2218,0.000018425349993078458
2220,0.000018481434958159928
2222,0.000018538188994265504
2224,0.000018595616056749966
2226,0.000018653720184326437
2228,0.000018712505499765683
2230,0.00001877197621061768
2232,0.00001883213660995572
2234,0.00001889299107714326
2236,0.000018954544078623736
2238,0.000019016800168733724
2240,0.000019079763990539538
2242,0.00001914344027669776
2244,0.000019207833850339824
2246,0.000019272949625981062
2248,0.000019338792610454494
2250,0.000019405367903869683
2252,0.000019472680700597067
2254,0.000019540736290278007
2256,0.000019609540058861013
2258,0.000019679097489664507
2260,0.000019749414164466462
2262,0.00001982049576462142
2264,0.000019892348072205192
2266,0.00001996497697118776
2268,0.000020038388448634787
2270,0.000020112588595938204
2272,0.00002018758361007635
2274,0.00002026337979490409
2276,0.00002033998356247357
2278,0.000020417401434385924
2280,0.00002049564004317462
2282,0.00002057470613372094
2284,0.00002065460656470209
2286,0.000020735348310072706
2288,0.000020816938460580106
2290,0.000020899384225314116
2292,0.000020982692933291977
2294,0.00002106687203507904
2296,0.00002115192910444589
2298,0.00002123787184006261
2300,0.00002132470806723086
2302,0.000021412445739654497
2304,0.00002150109294124958
2306,0.00002159065788799436
2308,0.00002168114892982018
2310,0.000021772574552544045
2312,0.00002186494337984367
2314,0.000021958264175275973
2316,0.00002205254584433967
2318,0.000022147797436583163
2320,0.00002224402814775845
2322,0.00002234124732202201
2324,0.000022439464454183785
2326,0.000022538689192005152
2328,0.000022638931338546925
2330,0.00002274020085456851
2332,0.00002284250786097925
2334,0.00002294586264134311
2336,0.000023050275644437866
2338,0.000023155757486869925
2340,0.0000232623189557461
2342,0.00002336997101140344
2344,0.000023478724790198576
2346,0.000023588591607357746
2348,0.00002369958295988897
2350,0.000023811710529557675
2352,0.000023924986185927337
2354,0.000024039421989466385
2356,0.000024155030194723188
2358,0.00002427182325357039
2360,0.00002438981381852035
2362,0.000024509014746113326
2364,0.000024629439100380013
2366,0.00002475110015638024
2368,0.000024874011403819582
2370,0.00002499818655074571
2372,0.000025123639527326393
2374,0.000025250384489711076
2376,0.000025378435823978
2378,0.000025507808150168935
2380,0.00002563851632641369
2382,0.000025770575453146403
2384,0.000025904000877416054
2386,0.000026038808197293283
2388,0.000026175013266376027
2390,0.000026312632198396306
2392,0.00002645168137193071
2394,0.00002659217743521708
2396,0.000026734137311080073
2398,0.00002687757820196833
2400,0.000027022517595106024
2402,0.00002716897326776163
2404,0.000027316963292636912
2406,0.00002746650604337919
2408,0.00002761762020021993
2410,0.000027770324755743
2412,0.00002792463902078579
2414,0.000028080582630476737
2416,0.00002823817555041264
2418,0.000028397438082979495
2420,0.00002855839087382053
2422,0.000028721054918455293
2424,0.00002888545156905371
2426,0.00002905160254136927
2428,0.000029219529921835433
2430,0.000029389256174829694
2432,0.000029560804150109672
2434,0.000029734197090425808
2436,0.0000299094586393155
2438,0.000030086612849083465
2440,0.000030265684188973325
2442,0.00003044669755353575
2444,0.00003062967827119827
2446,0.00003081465211304248
2448,0.000031001645301794195
2450,0.00003119068452103234
2452,0.00003138179692462284
2454,0.00003157501014638356
2456,0.0000317703523099866
2458,0.00003196785203910497
2460,0.00003216753846781003
2462,0.000032369441251227005
2464,0.00003257359057645587
2466,0.00003278001717376495
2468,0.00003298875232806504
2470,0.000033199827890672275
2472,0.00003341327629136756
2474,0.00003362913055076153
2476,0.00003384742429297367
2478,0.0000340681917586345
2480,0.00003429146781822063
2482,0.000034517287985732065
2484,0.000034745688432721833
2486,0.000034976706002688425
2488,0.00003521037822584167
2490,0.00003544674333425306
2492,0.00003568584027740196
2494,0.000035927708738129745
2496,0.000036172389149013684
2498,0.000036419922709173524
2500,0.000036670351401523724
2502,0.00003692371801048484
2504,0.000037180066140168036
2506,0.000037439440233047165
2508,0.000037701885589133436
2510,0.00003796744838566803
2512,0.00003823617569734879
2514,0.000038508115517107474
2516,0.000038783316777454777
2518,0.000039061829372410746
2520,0.00003934370418003927
2522,0.000039628993085605355
2524,0.00003991774900537506
2526,0.00004021002591107854
2528,0.000040505878855057244
2530,0.00004080536399611738
2532,0.000041108538626112076
2534,0.00004141546119727613
2536,0.0000417261913503374
2538,0.00004204078994343033
2540,0.000042359319081837936
2542,0.00004268184214858918
2544,0.000043008423835940085
2546,0.00004333913017776797
2548,0.00004367402858290885
2550,0.0000440131878694699
2552,0.0000443566783001492
2554,0.000044704571618597214
2556,0.00004505694108685464
2558,0.00004541386152390377
2560,0.00004577540934537077
2562,0.00004614166260441885
2564,0.000046512701033872714
2566,0.00004688860608961741
2568,0.00004726946099531522
2570,0.00004765535078848709
2572,0.00004804636236800576
2574,0.00004844258454305077
2576,0.000048844108083576637
2578,0.000049251025772347886
2580,0.00004966343245859688
2582,0.00005008142511336242
2584,0.0000505051028865695
2586,0.000050934567165913265
2588,0.00005136992163761231
2590,0.000051811272349099655
2592,0.000052258727773722234
2594,0.0000527123988775228
2596,0.000053172399188180976
2598,0.000053638844866193835
2600,0.000054111854778379294
2602,0.00005459155057378943
2604,0.00005507805676212427
2606,0.0000555715007947407
2608,0.000056072013148355087
2610,0.000056579727411542284
2612,0.000057094780374138274
2614,0.00005761731211965844
2616,0.00005814746612084803
2618,0.000058685389338486904
2620,0.00005923123232357543
2622,0.000059785149323034634
2624,0.00006034729838905909
2626,0.00006091784149226775
2628,0.0000614969446388036
2630,0.00006208477799154084
2632,0.00006268151599556463
2634,0.00006328733750809636
2636,0.00006390242593304517
2638,0.00006452696936037483
2640,0.00006516116071048373
2642,0.00006580519788380507
2644,0.00006645928391584348
2646,0.00006712362713787534
2648,0.00006779844134354982
2650,0.00006848394596163952
2652,0.00006918036623520117
2654,0.0000698879334074193
2656,0.0000706068849144189
2658,0.00007133746458534726
2660,0.00007207992285003912
2662,0.00007283451695459504
2664,0.00007360151118521921
2666,0.00007438117710067963
2668,0.00007517379377377161
2670,0.00007597964804218507
2672,0.00007679903476919561
2674,0.00007763225711462074
2676,0.00007847962681650489
2678,0.00007934146448402105
2680,0.00008021809990210084
2682,0.00008110987234833213
2684,0.00008201713092269091
2686,0.00008294023489070343
2688,0.00008387955404066643
2690,0.0000848354690555856
2692,0.00008580837190052829
2694,0.00008679866622612263
2696,0.0000878067677889754
2698,0.00008883310488982197
2700,0.00008987811883026579
2702,0.00009094226438901213
2704,0.00009202601031855008
2706,0.00009312983986328911
2708,0.0000942542513002131
2710,0.00009539975850317344
2712,0.00009656689153200623
2714,0.00009775619724772514
2716,0.00009896823995511283
2718,0.00010020360207410981
2720,0.00010146288484147896
2722,0.00010274670904431119
2724,0.00010405571578702697
2726,0.00010539056729362675
2728,0.0001067519477470461
2730,0.00010814056416758119
2732,0.00010955714733246816
2734,0.00011100245273882411
2736,0.00011247726161229156
2738,0.0001139823819638704
2740,0.00011551864969757292
2742,0.0001170869297716999
2744,0.00011868811741670983
2746,0.00012032313941283679
2748,0.00012199295543081283
2750,0.0001236985594392604
2752,0.00012544098118254823
2754,0.00012722128773314702
2756,0.00012904058512277917
2758,0.00013090002005693738
2760,0.0001328007817176442
2762,0.00013474410365964403
2764,0.00013673126580556272
2766,0.0001387635965459386
2768,0.00014084247495042262
2770,0.00014296933309687122
2772,0.00014514565852551082
2774,0.00014737299682584368
2776,0.00014965295436449228
2778,0.00015198720116274601
2780,0.00015437747393318664
2782,0.00015682557928542402
2784,0.00015933339711168566
2786,0.0001619028841637641
2788,0.00016453607783365265
2790,0.00016723510015108765
2792,0.00017000216201217382
2794,0.00017283956765430758
2796,0.00017574971939372919
2798,0.0001787351226432468
2800,0.00018179839122898253
2802,0.0001849422530264041
2804,0.00018816955593744085
2806,0.00019148327423213637
2808,0.0001948865152800912
2810,0.00019838252669889168
2812,0.00020197470394883645
2814,0.00020566659840555763
2816,0.00020946192594462236
2818,0.00021336457607489665
2820,0.00021737862166038404
2822,0.0002215083292734359
2824,0.00022575817022569194
2826,0.00023013283232687268
2828,0.00023463723242563906
2830,0.00023927652979119346
2832,0.00024405614039914257
2834,0.0002489817521904274
2836,0.0002540593413778776
2838,0.0002592951898812171
2840,0.00026469590397817727
2842,0.0002702684342668227
2844,0.0002760200970423118
2846,0.00028195859720016563
2848,0.0002880920527877704
2850,0.0002944290213363654
2852,0.0003009785281172387
2854,0.00030775009647837116
2856,0.00031475378043139727
2858,0.00032200019967362027
2860,0.0003295005772459916
2862,0.0003372667800455965
2864,0.0003453113624303402
2866,0.0003536476131743729
2868,0.0003622896060553953
2870,0.00037125225437952415
2872,0.0003805513697759367
2874,0.0003902037256222064
2876,0.0004002271254921662
2878,0.00041064047705138845
2880,0.00042146387186098744
2882,0.00043271867158847153
2884,0.0004444276011647226
2886,0.00045661484946877694
2888,0.0004693061781666728
2890,0.0004825290393768793
2892,0.0004963127028821869
2894,0.0005106883936556501
2896,0.0005256894405151696
2898,0.0005413514367661123
2900,0.0005577124137320496
2902,0.0005748130281076424
2904,0.000592696764091511
2906,0.0006114101512661598
2908,0.0006310029991809251
2910,0.0006515286495550869
2912,0.0006730442469422378
2914,0.0006956110285716501
2916,0.0007192946338923445
2918,0.0007441654340713975
2920,0.000770298881315189
2922,0.0007977758773599771
2924,0.0008266831597778137
2926,0.0008571137038173392
2928,0.0008891671362868034
2930,0.0009229501564152378
2932,0.000958576956606917
2934,0.000996169633424424
2936,0.0010358585758645249
2938,0.0010777828138709565
2940,0.0011220903048737001
2942,0.0011689381297413195
2944,0.0012184925616403912
2946,0.0012709289616518093
2948,0.0013264314433271281
2950,0.0013851922344233518
2952,0.0014474106476295174
2954,0.0015132915531056363
2956,0.001583043224214183
2958,0.0016568744043980043
2960,0.001734990418737976
2962,0.0018175881300841101
2964,0.0019048495196792546
2966,0.001996933660272557
2968,0.002093966852177183
2970,0.002196030718242704
2972,0.0023031481135820926
2974,0.002415266813924671
2976,0.002532241118186466
2978,0.0026538117515712027
2980,0.0027795847967528402
2982,0.002909010814463715
2984,0.0030413658257147356
2986,0.0031757363735480785
2988,0.0033110113842069106
2990,0.0034458838863412533
2992,0.0035788656664726484
2994,0.0037083174681512457
2996,0.0038324962360018417
2998,0.003949619105860835
3000,0.004057941443981585
3002,0.0041558435399956075
3004,0.004241918058883519
3006,0.0043150486774495775
3008,0.004374470056318811
3010,0.0044198007821553325
3012,0.0044510441114721236
3014,0.004468555759918323
3016,0.004472982760609093
3018,0.004465181592408028
3020,0.004446126537648323
3022,0.004416820114488004
3024,0.004378216422201928
3026,0.004331165684006603
3028,0.004276384730712712
3030,0.00421445425555076
3032,0.004145839952636982
3034,0.004070931600837922
3036,0.003990092136082474
3038,0.0039037080087970764
3040,0.0038122327256098643
3042,0.0037162172924868524
3044,0.003616323952628521
3046,0.0035133226163852034
3048,0.003408072127570814
3050,0.0033014905115838654
3052,0.0031945193336064236
3054,0.0030880872519732775
3056,0.0029830769993752426
3058,0.0028802987047155757
3060,0.0027804710343535513
3062,0.0026842103606534227
3064,0.0025920272193736436
3066,0.0025043287431190967
3068,0.0024214255199254604
3070,0.002343541343012842
3072,0.0022708244969892586
3074,0.002203359484655776
3076,0.0021411783750508863
3078,0.0020842712078671553
3080,0.00203259510147091
3082,0.0019860818751114492
3084,0.001944644113140285
3086,0.0019081796776534996
3088,0.0018765747253987849
3090,0.0018497053147696117
3092,0.0018274377082402994
3094,0.0018096274924706353
3096,0.0017961176588053038
3098,0.0017867358154122525
3100,0.0017812907408077951
3102,0.0017795685357406166
3104,0.001781328680981448
3106,0.0017863003524014522
3108,0.0017941793672778738
3110,0.0018046261199597203
3112,0.0018172647954781058
3114,0.0018316840193397712
3116,0.0018474389197051502
3118,0.0018640543758972343
3120,0.0018810290589114586
3122,0.0018978398026748978
3124,0.001913945939028734
3126,0.0019287935090291377
3128,0.0019418196916554326
3130,0.001952458261626287
3132,0.0019601472402375687
3134,0.0019643399661526486
3136,0.001964520465545185
3138,0.0019602232270237554
3140,0.0019510564060944227
3142,0.0019367263400795521
3144,0.0019170603573486654
3146,0.0018920245003208077
3148,0.0018617331159426756
3150,0.001826448280421115
3152,0.0017865685048113003
3154,0.0017426077712454256
3156,0.0016951673090502212
3158,0.0016449033570152252
3160,0.0015924943553091218
3162,0.0015386106226866131
3164,0.0014838887822978882
3166,0.0014289122340417253
3168,0.0013741980438348115
3170,0.0013201898753621298
3172,0.001267256093757495
3174,0.0012156919219983055
3176,0.0011657244853050654
3178,0.0011175196741397908
3180,0.0010711899309380098
3182,0.0010268022695407559
3184,0.000984386034858225
3186,0.000943940083563052
3188,0.0009054392059352622
3190,0.0008688397134251488
3192,0.000834084189578368
3194,0.0008011054492078485
3196,0.0007698297780476767
3198,0.000740179538048355
3200,0.0007120752265371422
3202,0.00068543707423928
3204,0.000660186260274067
3206,0.0006362458135594454
3208,0.00061354126081914
3210,0.0005920010723658785
3212,0.0005715569484819836
3214,0.0005521439817584246
3216,0.0005337007242614931
3218,0.0005161691828578026
3220,0.0004994947613763067
3222,0.00048362616442771317
3224,0.00046851527453510507
3226,0.0004541170116541028
3228,0.0004403891820826814
3230,0.00042729232209586735
3232,0.00041478954031574136
3234,0.000402846361779922
3236,0.0003914305758493512
3238,0.00038051208945495506
3240,0.00037006278668653324
3242,0.00036005639534655745
3244,0.00035046836080247985
3246,0.00034127572725433373
3248,0.00033245702637430447
3250,0.0003239921731591296
3252,0.0003158623687547323
3254,0.00030805000995754426
3256,0.00030053860506229285
3258,0.00029331269570672
3260,0.0002863577843559004
3262,0.00027966026706953564
3264,0.0002732073712024584
3266,0.00026698709769978896
3268,0.00026098816766232904
3270,0.00025519997287380767
3272,0.00024961252999868315
3274,0.00024421643817676414
3276,0.0002390028397584823
3278,0.0002339633839419182
3280,0.000229090193089403
3282,0.00022437583151755744
3284,0.00021981327656986937
3286,0.00021539589179530203
3288,0.00021111740206993912
3290,0.0002069718705113113
3292,0.00020295367704681547
3294,0.00019905749850857496
3296,0.00019527829013721553
3298,0.00019161126838639975
3300,0.00018805189492860505
3302,0.00018459586177060124
3304,0.00018123907739441898
3306,0.00017797765384634835
3308,0.0001748078947027112
3310,0.00017172628384684767
3312,0.00016872947499698917
3314,0.00016581428192949296
3316,0.00016297766934631898
3318,0.00016021674433967494
3320,0.0001575287484104618
3322,0.00015491105000055915
3324,0.00015236113750210898
3326,0.00014987661270982427
3328,0.000147455184684977
3330,0.00014509466400213476
3332,0.00014279295735193138
3334,0.0001405480624751923
3336,0.00013835806340560652
3338,0.00013622112599985352
3340,0.00013413549373567514
3342,0.00013209948375983487
3344,0.00013011148316924298
3346,0.0001281699455097564
3348,0.0001262733874782958
3350,0.0001244203858149637
3352,0.00012260957437281074
3354,0.0001208396413537825
3356,0.00011910932670019678
3358,0.00011741741963185627
3360,0.0001157627563195967
3362,0.0001141442176867151
3364,0.00011256072733031599
3366,0.00011101124955516313
3368,0.00010949478751313274
3370,0.00010801038144183383
3372,0.00010655710699639706
3374,0.00010513407366883611
3376,0.00010374042328976006
3378,0.0001023753286075599
3380,0.00010103799194051565
3382,0.00009972764389756714
3384,0.00009844354216376831
3386,0.00009718497034670294
3388,0.00009595123688037734
3390,0.00009474167398332841
3392,0.00009355563666789147
3394,0.00009239250179776494
3396,0.00009125166719118754
3398,0.00009013255076721007
3400,0.00008903458973270008
3402,0.00008795723980786089
3404,0.00008689997448818331
3406,0.00008586228434087266
3408,0.00008484367633391228
3410,0.0000838436731960344
3412,0.00008286181280597132
3414,0.00008189764760945623
3416,0.00008095074406253263
3418,0.00008002068209981459
3420,0.00007910705462641972
3422,0.00007820946703236845
3424,0.00007732753672831437
3426,0.00007646089270153232
3428,0.00007560917509115349
3430,0.00007477203478169224
3432,0.00007394913301396274
3434,0.00007314014101253418
3436,0.0000723447396289187
3438,0.0000715626189997318
3440,0.00007079347821910506
3442,0.00007003702502467075
3444,0.00006929297549647388
3446,0.00006856105376820172
3448,0.00006784099175015353
3450,0.00006713252886340329
3452,0.0000664354117846367
3454,0.00006574939420117172
3456,0.00006507423657569585
3458,0.00006440970592027883
3460,0.00006375557557924089
3462,0.00006311162502047917
3464,0.00006247763963487334
3466,0.00006185341054341282
3468,0.00006123873441170365
3470,0.00006063341327153141
3472,0.000060037254349172225
3474,0.00005945006990015897
3476,0.00005887167705022408
3478,0.00005830189764215399
3480,0.00005774055808830315
3482,0.000057187489228527325
3484,0.00005664252619330783
3486,0.00005610550827184873
3488,0.00005557627878493976
3490,0.00005505468496238716
3492,0.000054540577824824165
3494,0.00005403381206972106
3496,0.00005353424596142404
3498,0.00005304174122505879
3500,0.00005255616294414321
3502,0.00005207737946176011
3504,0.000051605262285147944
3506,0.00005113968599357354
3508,0.00005068052814935744
3510,0.000050227669211927754
3512,0.00004978099245478418
3514,0.00004934038388525898
3516,0.000048905732166966805
3518,0.000048476928544839666
3520,0.000048053866772648273
3522,0.000047636443042914864
3524,0.00004722455591912688
3526,0.00004681810627016484
3528,0.000046416997206861226
3530,0.00004602113402061077
3532,0.00004563042412395606
3534,0.000045244776993075426
3536,0.00004486410411210299
3538,0.000044488318919213966
3540,0.000044117336754411
3542,0.00004375107480894954
3544,0.00004338945207634352
3546,0.000043032389304894444
3548,0.000042679808951689356
3550,0.000042331635138015666
3552,0.0000419877936061426
3554,0.000041648211677421154
3556,0.000041312818211656286
3558,0.000040981543567707067
3560,0.00004065431956527211
3562,0.000040331079447819265
3564,0.00004001175784662019
3566,0.0000396962907458522
3568,0.000039384615448730615
3570,0.00003907667054463702
3572,0.00003877239587720954
3574,0.00003847173251336289
3576,0.00003817462271320714
3578,0.00003788100990083501
3580,0.000037590838635949216
3582,0.000037304054586301774
3584,0.000037020604500918846
3586,0.00003674043618408525
3588,0.00003646349847006387
3590,0.00003618974119852633
3592,0.00003591911519067147
3594,0.00003565157222601015
3596,0.00003538706501979445
3598,0.00003512554720107111
3600,0.00003486697329133902
3602,0.00003461129868379212
3604,0.000034358479623128836
3606,0.000034108473185910484
3608,0.000033861237261451554
3610,0.00003361673053322517
3612,0.000033374912460767916
3614,0.00003313574326206853
3616,0.00003289918389642564
3618,0.00003266519604776028
3620,0.000032433742108369066
3622,0.00003220478516310507
3624,0.00003197828897397304
3626,0.000031754217965126784
3628,0.000031532537208256634
3630,0.00003131321240835516
3632,0.000031096209889850124
3634,0.00003088149658309356
3636,0.00003066904001119674
3638,0.000030458808277200652
3640,0.000030250770051572183
3642,0.000030044894560016654
3644,0.000029841151571597397
3646,0.000029639511387153495
3648,0.000029439944828007167
3650,0.00002924242322495241
3652,0.000029046918407516893
3654,0.000028853402693489245
3656,0.000028661848878704406
3658,0.000028472230227079433
3660,0.000028284520460892996
3662,0.00002809869375130156
3664,0.000027914724709085678
3666,0.00002773258837562
3668,0.000027552260214060758
3670,0.00002737371610074478
3672,0.000027196932316794098
3674,0.00002702188553992059
3676,0.000026848552836425213
3678,0.00002667691165338639
3680,0.000026506939811032538
3682,0.000026338615495293778
3684,0.000026171917250527835
3686,0.000026006823972415612
3688,0.00002584331490102183
3690,0.000025681369614016345
3692,0.000025520968020051863
3694,0.00002536209035229389
3696,0.00002520471716209897
3698,0.000025048829312837236
3700,0.000024894407973855544
3702,0.000024741434614577484
3704,0.00002458989099873673
3706,0.000024439759178740253
3708,0.00002429102149015809
3710,0.000024143660546336293
3712,0.000023997659233130054
3714,0.00002385300070375383
3716,0.000023709668373745465
3718,0.000023567645916041505
3720,0.000023426917256160802
3722,0.000023287466567493796
3724,0.00002314927826669459
3726,0.0000230123370091735
3728,0.000022876627684687432
3730,0.000022742135413025645
3732,0.00002260884553978857
3734,0.00002247674363225738
3736,0.000022345815475352064
3738,0.000022216047067675805
3740,0.000022087424617643625
3742,0.000021959934539693133
3744,0.00002183356345057548
3746,0.000021708298165724447
3748,0.00002158412569570199
3750,0.000021461033242718115
3752,0.000021339008197223557
3754,0.000021218038134573345
3756,0.00002109811081175966
3758,0.00002097921416421226
3760,0.000020861336302664972
3762,0.00002074446551008655
3764,0.000020628590238674495
3766,0.000020513699106910327
3768,0.00002039978089667483
3770,0.000020286824550421904
3772,0.000020174819168409683
3774,0.000020063754005987507
3776,0.00001995361847093753
3778,0.00001984440212086972
3780,0.000019736094660668886
3782,0.000019628685939992753
3784,0.000019522165950819666
3786,0.000019416524825045065
3788,0.000019311752832125343
3790,0.000019207840376768273
3792,0.00001910477799666873
3794,0.00001900255636028885
3796,0.00001890116626468154
3798,0.000018800598633356396
3800,0.000018700844514187064
3802,0.00001860189507735917
3804,0.000018503741613357844
3806,0.00001840637553099402
3808,0.000018309788355468648
3810,0.00001821397172647393
3812,0.000018118917396330867
3814,0.000018024617228162222
3816,0.000017931063194100175
3818,0.00001783824737352793
3820,0.000017746161951354494
3822,0.00001765479921632194
3824,0.000017564151559344457
3826,0.000017474211471878456
3828,0.000017384971544323166
3830,0.000017296424464450928
3832,0.000017208563015866674
3834,0.00001712138007649594
3836,0.000017034868617100725
3838,0.000016949021699822752
3840,0.000016863832476753413
3842,0.000016779294188529968
3844,0.000016695400162957277
3846,0.000016612143813654737
3848,0.00001652951863872772
3850,0.000016447518219463117
3852,0.000016366136219048423
3854,0.00001628536638131388
3856,0.000016205202529497298
3858,0.000016125638565030886
3860,0.000016046668466349906
3862,0.00001596828628772243
3864,0.00001589048615809998
3866,0.00001581326227998854
3868,0.000015736608928339504
3870,0.000015660520449460203
3872,0.000015584991259943576
3874,0.00001551001584561667
3876,0.00001543558876050747
3878,0.00001536170462582984
3880,0.000015288358128986048
3882,0.000015215544022586698
3884,0.000015143257123487568
3886,0.000015071492311843134
3888,0.000015000244530176371
3890,0.000014929508782464547
3892,0.000014859280133240714
3894,0.000014789553706710536
3896,0.00001472032468588417
3898,0.000014651588311722967
3900,0.000014583339882300605
3902,0.000014515574751978431
3904,0.000014448288330594758
3906,0.00001438147608266777
3908,0.000014315133526611867
3910,0.000014249256233967104
3912,0.000014183839828641534
3914,0.000014118879986166192
3916,0.000014054372432962437
3918,0.00001399031294562151
3920,0.000013926697350195953
3922,0.000013863521521502784
3924,0.000013800781382438122
3926,0.000013738472903303081
3928,0.000013676592101140716
3930,0.00001361513503908381
3932,0.000013554097825713309
3934,0.000013493476614427193
3936,0.00001343326760281958
3938,0.000013373467032069914
3940,0.000013314071186342018
3942,0.000013255076392192794
3944,0.000013196479017990496
3946,0.00001313827547334229
3948,0.000013080462208530976
3950,0.000013023035713960737
3952,0.000012965992519611696
3954,0.00001290932919450313
3956,0.000012853042346165219
3958,0.00001279712862011914
3960,0.000012741584699365355
3962,0.000012686407303879978
3964,0.00001263159319011905
3966,0.000012577139150530547
3968,0.000012523042013074072
3970,0.000012469298640748011
3972,0.000012415905931124038
3974,0.00001236286081588887
3976,0.000012310160260393126
3978,0.00001225780126320711
3980,0.000012205780855683533
3982,0.000012154096101526863
3984,0.000012102744096369377
3986,0.00001205172196735363
3988,0.000012001026872721373
3990,0.000011950656001408684
3992,0.00001190060657264729
3994,0.00001185087583557195
3996,0.00001180146106883374
3998,0.00001175235958021924
4000,0.000011703568706275413
