500,8.83822992760191e-6
502,9.02062806517315e-6
504,9.213522296761069e-6
506,9.417226492448182e-6
508,9.631974295857715e-6
510,9.857892425352611e-6
512,0.000010094968877427867
514,0.00001034301572564531
516,0.000010601626569676188
518,0.000010870129229609082
520,0.000011147535037012558
522,0.000011432487069081245
524,0.000011723210897288913
526,0.00001201747281500337
528,0.000012312551927155085
530,0.00001260523368492499
532,0.000012891833076991701
534,0.000013168255311673507
536,0.000013430100000043165
538,0.000013672811262397501
540,0.00001389187081174413
542,0.000014083024368453331
544,0.000014242524733048371
546,0.000014367368959049632
548,0.000014455503954576101
550,0.00001450597580389717
552,0.000014519003604106238
554,0.00001449596796785708
556,0.000014439315767072751
558,0.000014352393780758151
560,0.00001423923236057441
562,0.000014104304521513844
564,0.000013952285635996028
566,0.000013787834893474747
568,0.000013615413329047835
570,0.000013439146152284453
572,0.000013262730686024074
574,0.00001308938630788836
576,0.000012921839684905048
578,0.00001276233718751777
580,0.00001261267629725989
582,0.000012474248632520518
584,0.000012348088492019625
586,0.000012234922232373925
588,0.00001213521514061225
590,0.000012049213618824279
592,0.000011976981424754257
594,0.000011918429416615644
596,0.000011873338767989475
598,0.000011841377996736861
600,0.00001182211443932413
602,0.000011815021042502711
604,0.000011819479571573096
606,0.000011834781568061843
608,0.0000118601286308332
610,0.00001189463382226063
612,0.000011937326168543232
614,0.0000119871602594702
616,0.000012043032770232615
618,0.000012103807240267489
620,0.000012168347596771956
622,0.000012235559716383244
624,0.00001230443889096782
626,0.00001237411962815648
628,0.000012443923085977667
630,0.000012513396940411135
632,0.000012582342853405504
634,0.000012650827997040295
636,0.000012719179107439734
638,0.000012787959890513074
640,0.000012857934782240023
642,0.000012930023632107813
644,0.000013005252563595565
646,0.000013084706044230087
648,0.000013169484256421362
650,0.00001326066850942791
652,0.00001335929599951752
654,0.000013466343969194271
656,0.00001358272238812868
658,0.00001370927372122595
660,0.000013846778126039469
662,0.000013995962451847773
664,0.000014157511604071903
666,0.000014332081108188999
668,0.000014520309994981795
670,0.000014722833393934715
672,0.000014940294442784932
674,0.00001517335529137316
676,0.000015422707098408504
678,0.000015689078996497933
680,0.000015973246041345935
682,0.00001627603617276554
684,0.000016598336204272836
686,0.000016941096829252982
688,0.000017305336588119455
690,0.000017692144684279036
692,0.000018102682467655285
694,0.000018538183322757312
696,0.000018999950603028858
698,0.000019489353143554115
700,0.000020007817759533246
702,0.00002055681799861574
704,0.00002113785826330215
706,0.000021752452260196
708,0.00002240209457529274
710,0.000023088224034426705
712,0.000023812177409812113
714,0.00002457513201297753
716,0.000025378035820897674
718,0.000026221524081184393
720,0.00002710582191497729
722,0.000028030633375717692
724,0.000028995018822867482
726,0.000029997264407966788
728,0.00003103474997124613
730,0.000032103824637652144
732,0.0000331997026535997
734,0.00003431639507876182
736,0.00003544669515001948
738,0.00003658223554673217
740,0.000037713633373602693
742,0.000038830732536755266
744,0.00003992294291817788
746,0.00004097966187566636
748,0.00004199074788104408
750,0.00004294700159525383
752,0.00004384060019400482
754,0.00004466542993469636
756,0.00004541727195334376
758,0.000046093816685744524
760,0.000046694509741021003
762,0.00004722026079385236
764,0.000047673070547227506
766,0.00004805564352755728
768,0.00004837105345227638
770,0.00004862251346722783
772,0.00004881327902579207
774,0.000048946681998704474
776,0.000049026266992499704
778,0.000049055980529604367
780,0.00004904035473568196
782,0.000048984630986945
784,0.00004889478421303347
786,0.000048777431318641316
788,0.000048639632070043996
790,0.000048488612337777943
792,0.00004833145368441016
794,0.0000481747980123083
796,0.00004802461166909339
798,0.00004788604204606137
800,0.000047763384099729206
802,0.000047660157230146974
804,0.0000475792770351378
806,0.000047523293607509086
808,0.00004749465975824387
810,0.000047495989823854925
812,0.00004753027285287437
814,0.000047601012357488466
816,0.00004771227686610435
818,0.00004786865886226098
820,0.00004807515175941954
822,0.00004833696320445784
824,0.00004865928708840881
826,0.00004904705623939661
828,0.000049504693967690115
830,0.0000500358770785461
832,0.000050643317364277297
834,0.000051328564279910396
836,0.0000520918292946063
838,0.00005293183252863845
840,0.000053845674500695264
842,0.00005482873954617175
844,0.00005587464190533481
846,0.00005697522963190213
848,0.00005812066424580324
850,0.00005929959435556845
852,0.000060499438376568896
854,0.00006170678443055259
856,0.00006290790461417275
858,0.00006408936694263055
860,0.00006523871307262908
862,0.00006634515563697952
864,0.00006740023814450983
866,0.00006839839514435553
868,0.00006933735231486561
870,0.00007021831595307197
872,0.0000710459184796835
874,0.00007182790922830198
876,0.00007257460496162348
878,0.00007329813849196115
880,0.00007401156273893739
882,0.0000747278787851273
884,0.00007545905901938843
886,0.00007621513132882084
888,0.00007700338011476025
890,0.00007782770786160108
892,0.0000786881897787368
894,0.00007958084504410532
896,0.00008049764114459894
898,0.00008142674107488215
900,0.0000823529943461498
902,0.00008325865972577197
904,0.0000841243294475125
906,0.00008493000233355537
908,0.00008565623008768638
910,0.00008628524190575174
912,0.00008680194297285285
914,0.00008719468673323395
916,0.00008745574076932503
918,0.00008758140003362228
920,0.0000875717441666063
922,0.00008743008077125521
924,0.0000871621563990041
926,0.000086775245272895
928,0.00008627723816847916
930,0.0000856758487407614
932,0.0000849780329478153
934,0.00008418968251240413
936,0.000083315610929373
938,0.0000823598069176767
940,0.0000813258922545926
942,0.00008021769460113695
944,0.00007903983522092258
946,0.00007779823747759613
948,0.0000765004824805247
950,0.0000751559682930532
952,0.00007377586230871143
954,0.00007237286650016665
956,0.00007096083761970055
958,0.000069554316801655
960,0.00006816802543098486
962,0.00006681637835970912
964,0.00006551305424263818
966,0.00006427064877163476
968,0.00006310042242718401
970,0.00006201214192841291
972,0.00006101400500715814
974,0.00006011263191249631
976,0.00005931310404684182
978,0.00005861902983434708
980,0.00005803261963795291
982,0.00005755475458349022
984,0.00005718503795124359
986,0.000056921821972503435
988,0.00005676220721755587
990,0.000056702016216183005
992,0.00005673574750953172
994,0.00005685652096372591
996,0.000057056029728023
998,0.00005732451832824317
1000,0.000057650809410557213
1002,0.00005802240267731087
1004,0.000058425667493404256
1006,0.00005884614444974156
1008,0.0000592689602328528
1010,0.00005967934472721688
1012,0.00006006322090796199
1014,0.000060407819724405785
1016,0.00006070225787300767
1018,0.00006093801034207968
1020,0.00006110921498660874
1022,0.00006121276385699046
1024,0.00006124816316821677
1026,0.0000612171755354933
1028,0.00006112328797134918
1030,0.00006097107129240618
1032,0.000060765507429653755
1034,0.00006051136005198458
1036,0.000060212652846396326
1038,0.00005987230211523636
1040,0.000059491929572603323
1042,0.00005907186020050313
1044,0.00005861129074723195
1046,0.000058108598289790255
1048,0.000057561746332309464
1050,0.000056968739091316964
1052,0.000056328073476720165
1054,0.000055639142685044525
1056,0.00005490255431149376
1058,0.000054120337827493976
1060,0.000053296029311012194
1062,0.00005243463387011199
1064,0.000051542477193640724
1066,0.000050626966486229115
1068,0.00004969628732082025
1070,0.00004875906635148492
1072,0.000047824030130510495
1074,0.000046899687479831126
1076,0.00004599405741918971
1078,0.00004511445743908308
1080,0.00004426735908296856
1082,0.00004345831051350832
1084,0.000042691919849240765
1086,0.000041971889023798624
1088,0.00004130108578517779
1090,0.0000406816409683081
1092,0.0000401150589445681
1094,0.000039602330759652135
1096,0.000039144041549278724
1098,0.00003874046607417171
1100,0.000038391648406390096
1102,0.00003809746374096342
1104,0.00003785766185817444
1106,0.00003767189283747786
1108,0.00003753971620849422
1110,0.000037460594875676276
1112,0.00003743387499030106
1114,0.00003745875262242855
1116,0.00003753422777165733
1118,0.00003765904610171301
1120,0.00003783162891898088
1122,0.00003804999244083147
1124,0.00003831165839003677
1126,0.00003861355944748091
1128,0.000038951945087832
1130,0.00003932229572370044
1132,0.00003971925568539908
1134,0.00004013659799741467
1136,0.0000405672356263108
1138,0.00004100329415077272
1140,0.00004143625885434734
1142,0.00004185720439141816
1144,0.000042257107138137546
1146,0.000042627229504444736
1148,0.00004295955313476677
1150,0.00004324722622389494
1152,0.00004348498180889545
1154,0.000043669481407635155
1156,0.00004379954332080262
1158,0.000043876227202385674
1160,0.00004390276417506367
1162,0.000043884341418980044
1164,0.00004382776788224588
1166,0.00004374106023232738
1168,0.000043632993528895675
1170,0.000043512659276700004
1172,0.00004338906597809365
1174,0.00004327080641552247
1176,0.000043165804171028444
1178,0.00004308114139319757
1180,0.00004302296183131485
1182,0.00004299643813078284
1184,0.00004300579012632488
1186,0.00004305434078358935
1188,0.000043144597782025966
1190,0.00004327835080523554
1192,0.000043456776873220985
1194,0.00004368054817908475
1196,0.000043949938727849355
1198,0.00004426492758628605
1200,0.000044625297750656515
1202,0.00004503073050234924
1204,0.00004548089555659135
1206,0.00004597553717244107
1208,0.00004651455556773503
1210,0.000047098081495586106
1212,0.00004772653994150028
1214,0.00004840069707412177
1216,0.00004912168342913394
1218,0.0000498909863467902
1220,0.00005071040615403126
1222,0.000051581973312536626
1224,0.000052507827208344666
1226,0.00005349006072390384
1228,0.000054530537580737014
1230,0.00005563069134432113
1232,0.000056791316005930854
1234,0.00005801235858227383
1236,0.0000592927247200812
1238,0.00006063010928556708
1240,0.00006202086549850349
1242,0.00006345992807356164
1244,0.00006494080736402873
1246,0.00006645567162081082
1248,0.00006799553198040508
1250,0.00006955053862969026
1252,0.0000711103862709088
1254,0.00007266481300766188
1256,0.00007420416081791707
1258,0.00007571995078740092
1260,0.00007720541583201547
1262,0.00007865593105609833
1264,0.00008006928911894194
1266,0.00008144578476463498
1268,0.00008278809641543294
1270,0.00008410097915232226
1272,0.00008539080774071268
1274,0.00008666502659882375
1276,0.00008793157330645957
1278,0.00008919834268131838
1280,0.00009047275024650725
1282,0.00009176143857858375
1284,0.00009307014955781915
1286,0.00009440376230296343
1288,0.00009576647329295653
1290,0.00009716207490100348
1292,0.000098594274353541
1294,0.00010006698949248692
1296,0.00010158456194305712
1298,0.00010315184188739931
1300,0.00010477411928778103
1302,0.00010645690040253339
1304,0.0001082055516485322
1306,0.00011002485166837798
1308,0.00011191850446862015
1310,0.00011388867077505791
1312,0.00011593557164344246
1314,0.00011805720909745654
1316,0.00012024923488721748
1318,0.0001225049823862087
1320,0.0001248156602947573
1322,0.00012717069223585367
1324,0.00012955817517465082
1326,0.0001319654227545814
1328,0.0001343795569230443
1330,0.00013678811133796523
1332,0.00013917961111984992
1334,0.00014154409393114066
1336,0.00014387353670340138
1338,0.00014616215183329968
1340,0.00014840651892697546
1342,0.00015060552608888497
1344,0.00015276011014891898
1346,0.0001548728077369279
1348,0.00015694715582942415
1350,0.00015898700636854176
1352,0.00016099583906315984
1354,0.0001629761645479642
1356,0.0001649291038082413
1358,0.00016685420913596058
1360,0.00016874955967603747
1362,0.0001706121258391036
1364,0.0001724383576146083
1366,0.0001742249182580901
1368,0.0001759694621622457
1370,0.0001776713474433172
1372,0.00017933218098912157
1374,0.0001809561147369688
1376,0.00018254984245214857
1378,0.00018412228028665724
1380,0.0001856839460352539
1382,0.00018724607736317074
1384,0.0001888195475329848
1386,0.00019041365031013
1388,0.00019203483706679752
1390,0.00019368550115573114
1392,0.00019536291755543512
1394,0.00019705845690554198
1396,0.00019875719741742616
1398,0.00020043804988933853
1400,0.00020207448493195622
1402,0.00020363590446527326
1404,0.00020508963223385784
1406,0.0002064034161798665
1408,0.00020754825033424124
1410,0.00020850125155346105
1412,0.00020924828488777292
1414,0.000209786035469569
1416,0.00021012328080085736
1418,0.0002102812190032595
1420,0.0002102928373597759
1422,0.0002102014348706809
1424,0.00021005851598792264
1426,0.00020992133129788839
1428,0.0002098503483036093
1430,0.00020990689791929314
1432,0.0002101511749787563
1434,0.00021064069219633324
1436,0.00021142921263368267
1438,0.00021256612647135712
1440,0.00021409619828181235
1442,0.00021605959051174513
1444,0.000218492063823922
1446,0.00022142526041033474
1448,0.00022488698765133652
1450,0.000228901432834359
1452,0.00023348925260428132
1454,0.00023866749214452308
1456,0.0002444492985156271
1458,0.0002508434005647204
1460,0.00025785333532268493
1462,0.00026547640910531674
1464,0.00027370239208658663
1466,0.00028251195940951813
1468,0.0002918749113009206
1470,0.00030174823014663044
1472,0.00031207406436185766
1474,0.0003227777663741566
1476,0.0003337661528377009
1478,0.00034492619515701827
1480,0.00035612438130250865
1482,0.0003672070076587915
1484,0.0003780016530061605
1486,0.0003883200466593412
1488,0.0003979624625232897
1490,0.00040672364844602783
1492,0.0004144001411740003
1494,0.0004207986359175129
1496,0.00042574489948448606
1498,0.0004290925670720985
1500,0.00043073107636218573
1502,0.0004305919941537041
1504,0.0004286530932801551
1506,0.00042493973609416397
1508,0.00041952339134570583
1510,0.0004125174140956144
1512,0.00040407050554534005
1514,0.0003943584955334082
1516,0.00038357522127907773
1518,0.0003719232973518416
1520,0.0003596054908353856
1522,0.00034681725728415977
1524,0.00033374079282393596
1526,0.0003205407524111774
1528,0.0003073616040875167
1530,0.00029432645313578543
1532,0.0002815370853914338
1534,0.00026907494259319166
1536,0.0002570027451297876
1538,0.0002453665067115618
1540,0.0002341977294926645
1542,0.00022351561721549622
1544,0.00021332919110844244
1546,0.00020363923439076874
1548,0.00019444002445720242
1550,0.00018572083688155668
1552,0.00017746722303512918
1554,0.00016966207458791088
1556,0.00016228649480894196
1558,0.00015532049968667094
1560,0.00014874357254385123
1562,0.00014253509489423218
1564,0.00013667467443410566
1566,0.00013114238874751175
1568,0.00012591896084564665
1570,0.00012098588025990412
1572,0.00011632548118166015
1574,0.00011192098714999801
1576,0.0001077565300522118
1578,0.00010381714971814149
1580,0.00010008877914122809
1582,0.00009655821932255901
1584,0.00009321310688239934
1586,0.00009004187689019864
1588,0.00008703372280395264
1590,0.00008417855496073827
1592,0.00008146695870267219
1594,0.00007889015293973096
1596,0.00007643994972868787
1598,0.00007410871527410403
1600,0.00007188933262315163
1602,0.00006977516622310135
1604,0.00006776002843211962
1606,0.00006583814801536678
1608,0.00006400414061508093
1610,0.00006225298115199629
1612,0.00006057997809341633
1614,0.00005898074950839838
1616,0.00005745120082113291
1618,0.00005598750416838382
1620,0.000054586079264754376
1622,0.000053243575679742874
1624,0.000051956856432415216
1626,0.000050722982812558855
1628,0.000049539200341015276
1630,0.000048402925786226456
1632,0.00004731173515865749
1634,0.00004626335260950737
1636,0.00004525564016487259
1638,0.00004428658823119628
1640,0.00004335430681235686
1642,0.000042457017383082675
1644,0.000041593045367495764
1646,0.00004076081317547408
1648,0.000039958833753168996
1650,0.00003918570460742423
1652,0.00003844010226701719
1654,0.000037720777146591056
1656,0.00003702654878187556
1658,0.000036356301407317245
1660,0.000035708979849567476
1662,0.000035083585712420773
1664,0.000034479173830769426
1666,0.0000338948489729546
1668,0.00003332976277256065
1670,0.000032783110872229916
1672,0.0000322541302634788
1674,0.00003174209680778488
1676,0.00003124632292539527
1678,0.00003076615543939056
1680,0.00003030097356353111
1682,0.000029850187023323573
1684,0.00002941323430058031
1686,0.000028989580992509978
1688,0.00002857871827707978
1690,0.00002818016147703405
1692,0.00002779344871554456
1694,0.00002741813965701054
1696,0.000027053814327024046
1698,0.000026700072005973597
1700,0.000026356530191178697
1702,0.000026022823622833965
1704,0.000025698603369396133
1706,0.00002538353596837324
1708,0.000025077302618775532
1710,0.000024779598421763587
1712,0.000024490131666283387
1714,0.000024208623156712236
1716,0.000023934805579755143
1718,0.00002366842290803014
1720,0.00002340922983796452
1722,0.000023156991259793134
1724,0.000022911481757606126
1726,0.000022672485137537804
1728,0.00002243979398232158
1730,0.000022213209230559198
1732,0.000021992539779166292
1734,0.000021777602107561917
1736,0.00002156821992226707
1738,0.000021364223820667713
1740,0.000021165450972781533
1742,0.000020971744819945137
1744,0.00002078295478941051
1746,0.000020598936023906155
1748,0.000020419549125280402
1750,0.00002024465991140186
1752,0.000020074139185545465
1754,0.000019907862517542124
1756,0.00001974571003601637
1758,0.00001958756623107916
1760,0.0000194333197668831
1762,0.00001928286330348452
1764,0.0000191360933274915
1766,0.000018992909991009338
1768,0.000018853216958424883
1770,0.000018716921260599543
1772,0.00001858393315606656
1774,0.000018454165998853104
1776,0.000018327536112570145
1778,0.000018203962670434655
1780,0.000018083367580908585
1782,0.000017965675378657566
1784,0.000017850813120549994
1786,0.00001773871028643317
1788,0.000017629298684438666
1790,0.000017522512360583304
1792,0.00001741828751244548
1794,0.000017316562406709187
1796,0.000017217277300379935
1798,0.000017120374365487566
1800,0.000017025797617101575
1802,0.00001693349284449411
1804,0.000016843407545295032
1806,0.000016755490862491886
1808,0.00001666969352413581
1810,0.00001658596778562189
1812,0.000016504267374419625
1814,0.000016424547437135798
1816,0.000016346764488798447
1818,0.00001627087636425653
1820,0.00001619684217159523
1822,0.000016124622247472637
1824,0.00001605417811428782
1826,0.000015985472439095505
1828,0.000015918468994186727
1830,0.00001585313261925902
1832,0.000015789429185103578
1834,0.000015727325558740638
1836,0.00001566678956993768
1838,0.000015607789979048446
1840,0.000015550296446113746
1842,0.000015494279501168173
1844,0.00001543971051569939
1846,0.000015386561675209474
1848,0.000015334805952830108
1850,0.00001528441708394594
1852,0.000015235369541782516
1854,0.000015187638513917334
1856,0.0000151411998796746
1858,0.000015096030188366087
1860,0.000015052106638342333
1862,0.000015009407056820103
1864,0.000014967909880453612
1866,0.000014927594136618553
1868,0.00001488843942537942
1870,0.000014850425902112008
1872,0.000014813534260754139
1874,0.000014777745717659158
1876,0.000014743041996027603
1878,0.000014709405310893791
1880,0.000014676818354645062
1882,0.000014645264283052327
1884,0.000014614726701791686
1886,0.000014585189653437643
1888,0.000014556637604909396
1890,0.000014529055435352453
1892,0.000014502428424438618
1894,0.00001447674224106817
1896,0.00001445198293245868
1898,0.00001442813691360567
1900,0.000014405190957100901
1902,0.000014383132183294715
1904,0.000014361948050789444
1906,0.000014341626347251409
1908,0.000014322155180529592
1910,0.000014303522970069599
1912,0.000014285718438611912
1914,0.00001426873060416404
1916,0.000014252548772236381
1918,0.000014237162528332358
1920,0.000014222561730683414
1922,0.000014208736503220114
1924,0.00001419567722877087
1926,0.000014183374542480082
1928,0.000014171819325437933
1930,0.000014161002698514318
1932,0.000014150916016389719
1934,0.000014141550861776098
1936,0.000014132899039821223
1938,0.000014124952572689983
1940,0.00001411770369431663
1942,0.000014111144845322071
1944,0.00001410526866809053
1946,0.000014100068002000183
1948,0.000014095535878802532
1950,0.00001409166551814552
1952,0.000014088450323235571
1954,0.00001408588387663391
1956,0.000014083959936182698
1958,0.000014082672431056734
1960,0.000014082015457936567
1962,0.000014081983277299055
1964,0.000014082570309821583
1966,0.000014083771132896227
1968,0.000014085580477250355
1970,0.00001408799322367027
1972,0.00001409100439982459
1974,0.000014094609177184216
1976,0.000014098802868035892
1978,0.00001410358092258638
1980,0.000014108938926154443
1982,0.000014114872596447936
1984,0.000014121377780923393
1986,0.000014128450454225567
1988,0.000014136086715704507
1990,0.000014144282787007824
1992,0.00001415303500974591
1994,0.000014162339843227907
1996,0.000014172193862266346
1998,0.000014182593755048418
2000,0.000014193536321071961
2002,0.00001420501846914424
2004,0.000014217037215441728
2006,0.000014229589681629146
2008,0.000014242673093036057
2010,0.000014256284776889407
2012,0.000014270422160600403
2014,0.000014285082770104286
2016,0.000014300264228251438
2018,0.00001431596425324852
2020,0.000014332180657148173
2022,0.000014348911344386072
2024,0.000014366154310363974
2026,0.000014383907640077615
2028,0.000014402169506788199
2030,0.000014420938170736423
2032,0.000014440211977897841
2034,0.000014459989358778623
2036,0.000014480268827250564
2038,0.000014501048979424444
2040,0.000014522328492560738
2042,0.000014544106124016775
2044,0.000014566380710229454
2046,0.00001458915116573264
2048,0.000014612416482208455
2050,0.000014636175727571615
2052,0.000014660428045086076
2054,0.000014685172652513245
2056,0.000014710408841291007
2058,0.000014736135975742924
2060,0.000014762353492316902
2062,0.000014789060898852682
2064,0.000014816257773877566
2066,0.000014843943765929756
2068,0.000014872118592908713
2070,0.000014900782041452038
2072,0.000014929933966338256
2074,0.000014959574289915077
2076,0.000014989703001552557
2078,0.000015020320157120745
2080,0.000015051425878491312
2082,0.000015083020353062727
2084,0.000015115103833308588
2086,0.000015147676636348647
2088,0.000015180739143542174
2090,0.000015214291800103261
2092,0.000015248335114737706
2094,0.00001528286965930116
2096,0.000015317896068478135
2098,0.000015353415039481614
2100,0.000015389427331772962
2102,0.000015425933766801757
2104,0.00001546293522776538
2106,0.000015500432659388013
2108,0.000015538427067718808
2110,0.000015576919519949008
2112,0.000015615911144247753
2114,0.000015655403129616384
2116,0.00001569539672576099
2118,0.000015735893242983046
2120,0.00001577689405208795
2122,0.000015818400584311236
2124,0.000015860414331262337
2126,0.000015902936844885727
2128,0.000015945969737439326
2130,0.00001598951468148994
2132,0.000016033573409925736
2134,0.000016078147715985505
2136,0.000016123239453304706
2138,0.000016168850535978146
2140,0.000016214982938639154
2142,0.00001626163869655528
2144,0.000016308819905740334
2146,0.000016356528723082786
2148,0.000016404767366490386
2150,0.000016453538115050996
2152,0.000016502843309209657
2154,0.000016552685350961692
2156,0.00001660306670406202
2158,0.000016653989894250457
2160,0.0000167054575094932
2162,0.000016757472200240337
2164,0.00001681003667969944
2166,0.00001686315372412528
2168,0.00001691682617312565
2170,0.00001697105692998332
2172,0.00001702584896199424
2174,0.00001708120530082186
2176,0.00001713712904286784
2178,0.000017193623349659023
2180,0.000017250691448250858
2182,0.00001730833663164725
2184,0.000017366562259237015
2186,0.000017425371757246938
2188,0.00001748476861921161
2190,0.00001754475640646008
2192,0.000017605338748619482
2194,0.000017666519344135703
2196,0.000017728301960811285
2198,0.00001779069043636065
2200,0.00001785368867898277
2202,0.000017917300667951512
2204,0.0000179815304542237
2206,0.00001804638216106516
2208,0.000018111859984694873
2210,0.000018177968194947425
2212,0.000018244711135953923
2214,0.000018312093226841584
2216,0.00001838011896245227
2218,0.000018448792914080037
2220,0.000018518119730228056
2222,0.000018588104137385065
2224,0.000018658750940821587
2226,0.000018730065025406228
2228,0.00001880205135644221
2230,0.000018874714980524515
2232,0.000018948061026417774
2234,0.000019022094705955343
2236,0.00001909682131495977
2238,0.000019172246234184893
2240,0.000019248374930280063
2242,0.000019325212956776618
2244,0.00001940276595509707
2246,0.000019481039655587254
2248,0.000019560039878571934
2250,0.00001963977253543401
2252,0.000019720243629717916
2254,0.000019801459258257464
2256,0.000019883425612328556
2258,0.000019966148978827218
2260,0.00002004963574147329
2262,0.000020133892382040274
2264,0.00002021892548161178
2266,0.00002030474172186494
2268,0.00002039134788638139
2270,0.000020478750861986187
2272,0.000020566957640115223
2274,0.00002065597531821159
2276,0.000020745811101151486
2278,0.000020836472302700112
2280,0.00002092796634699821
2282,0.000021020300770079702
2284,0.00002111348322142107
2286,0.0000212075214655231
2288,0.000021302423383525494
2290,0.000021398196974855122
2292,0.000021494850358908405
2294,0.000021592391776768636
2296,0.0000216908295929588
2298,0.00002179017229723065
2300,0.000021890428506390753
2302,0.000021991606966164185
2304,0.000022093716553096728
2306,0.00002219676627649624
2308,0.00002230076528041404
2310,0.00002240572284566713
2312,0.00002251164839190202
2314,0.000022618551479701165
2316,0.000022726441812732662
2318,0.000022835329239944363
2320,0.00002294522375780311
2322,0.000023056135512580196
2324,0.000023168074802683944
2326,0.000023281052081040418
2328,0.000023395077957523343
2330,0.000023510163201434202
2332,0.00002362631874403363
2334,0.000023743555681125303
2336,0.00002386188527569327
2338,0.000023981318960594064
2340,0.000024101868341304733
2342,0.000024223545198728013
2344,0.000024346361492055904
2346,0.000024470329361692973
2348,0.000024595461132240724
2350,0.00002472176931554432
2352,0.000024849266613803194
2354,0.00002497796592274686
2356,0.000025107880334877504
2358,0.000025239023142780817
2360,0.00002537140784250665
2362,0.000025505048137021063
2364,0.000025639957939731516
2366,0.000025776151378086737
2368,0.00002591364279725314
2370,0.000026052446763869508
2372,0.000026192578069881753
2374,0.00002633405173645975
2376,0.000026476883017997997
2378,0.000026621087406202283
2380,0.00002676668063426422
2382,0.00002691367868112593
2384,0.00002706209777583684
2386,0.000027211954402004958
2388,0.000027363265302344836
2390,0.00002751604748332456
2392,0.00002767031821991422
2394,0.00002782609506043824
2396,0.000027983395831534196
2398,0.00002814223864322073
2400,0.000028302641894077192
2402,0.000028464624276537793
2404,0.000028628204782303173
2406,0.000028793402707872207
2408,0.000028960237660197105
2410,0.00002912872956246493
2412,0.000029298898660008668
2414,0.00002947076552635111
2416,0.000029644351069384947
2418,0.000029819676537692588
2420,0.00002999676352700911
2422,0.00003017563398683218
2424,0.000030356310227182663
2426,0.00003053881492551971
2428,0.000030723171133814534
2430,0.00003090940228578674
2432,0.00003109753220430768
2434,0.000031287585108975045
2436,0.00003147958562386324
2438,0.000031673558785454214
2440,0.000031869530050753434
2442,0.00003206752530559601
2444,0.00003226757087314791
2446,0.00003246969352260764
2448,0.00003267392047811354
2450,0.000032880279427862546
2452,0.00003308879853344578
2454,0.000033299506439407074
2456,0.00003351243228303046
2458,0.00003372760570436271
2460,0.000033945056856477725
2462,0.00003416481641598891
2464,0.000034386915593816915
2466,0.000034611386146219354
2468,0.00003483826038609011
2470,0.00003506757119453555
2472,0.00003529935203273555
2474,0.00003553363695409705
2476,0.000035770460616708876
2478,0.00003600985829610582
2480,0.00003625186589835109
2482,0.00003649651997344614
2484,0.000036743857729077167
2486,0.00003699391704470805
2488,0.00003724673648602962
2490,0.00003750235531977565
2492,0.000037760813528916146
2494,0.000038022151828238935
2496,0.00003828641168033103
2498,0.00003855363531197135
2500,0.00003882386573094696
2502,0.00003909714674330544
2504,0.00003937352297105631
2506,0.00003965303987033474
2508,0.00003993574375004162
2510,0.00004022168179097419
2512,0.000040510902065461936
2514,0.000040803453557523166
2516,0.000041099386183558094
2518,0.00004139875081359462
2520,0.00004170159929310405
2522,0.00004200798446540392
2524,0.00004231796019466632
2526,0.00004263158138955031
2528,0.000042948904027477914
2530,0.00004326998517957386
2532,0.00004359488303628966
2534,0.00004392365693373381
2536,0.00004425636738073031
2538,0.00004459307608662861
2540,0.000044933845989888926
2542,0.00004527874128746786
2544,0.00004562782746502978
2546,0.00004598117132801076
2548,0.00004633884103356279
2550,0.000046700906123406536
2552,0.00004706743755762271
2554,0.00004743850774941253
2556,0.00004781419060085938
2558,0.000048194561539724496
2560,0.000048579697557311443
2562,0.00004896967724743456
2564,0.000049364580846528567
2566,0.00004976449027493774
2568,0.000050169489179424344
2570,0.00005057966297693777
2572,0.000050995098899687236
2574,0.00005141588604156269
2576,0.000051842115405950315
2578,0.00005227387995499047
2580,0.000052711274660328366
2582,0.00005315439655540929
2584,0.0000536033447893723
2586,0.000054058220682598704
2588,0.000054519127783973464
2590,0.000054986171929920474
2592,0.0000554594613052745
2594,0.0000559391065060558
2596,0.00005642522060421541
2598,0.00005691791921442251
2600,0.00005741732056296751
2602,0.000057923545558858236
2604,0.0000584367178671891
2606,0.00005895696398486701
2608,0.00005948441331878085
2610,0.000060019198266505186
2612,0.00006056145429963274
2614,0.00006111132004983375
2616,0.00006166893739774511
2618,0.00006223445156479599
2620,0.00006280801120808155
2622,0.00006338976851840098
2624,0.00006397987932158113
2626,0.00006457850318321254
2628,0.00006518580351692968
2630,0.00006580194769637335
2632,0.00006642710717097936
2634,0.0000670614575857435
2636,0.00006770517890511998
2638,0.00006835845554121746
2640,0.00006902147648646366
2642,0.00006969443545091807
2644,0.00007037753100441952
2646,0.00007107096672376495
2648,0.00007177495134512343
2650,0.00007248969892190011
2652,0.00007321542898827381
2654,0.000073952366728643
2656,0.00007470074315322525
2658,0.0000754607952800675
2660,0.00007623276632373606
2662,0.00007701690589096814
2664,0.00007781347018358057
2666,0.00007862272220894503
2668,0.00007944493199835414
2670,0.00008028037683361905
2672,0.0000811293414822549
2674,0.00008199211844162873
2676,0.00008286900819246256
2678,0.00008376031946210371
2680,0.00008466636949799559
2682,0.00008558748435180299
2684,0.00008652399917466956
2686,0.00008747625852410906
2688,0.00008844461668305759
2690,0.0000894294379916408
2692,0.00009043109719223943
2694,0.00009144997978846549
2696,0.00009248648241869459
2698,0.00009354101324483319
2700,0.00009461399235703504
2702,0.00009570585219511997
2704,0.00009681703798748727
2706,0.00009794800820835903
2708,0.00009909923505423424
2710,0.00010027120494048135
2712,0.00010146441901904868
2714,0.00010267939371832527
2716,0.00010391666130624215
2718,0.00010517677047776461
2720,0.00010646028696799073
2722,0.00010776779419213897
2724,0.00010909989391378191
2726,0.0001104572069427589
2728,0.00011184037386428392
2730,0.0001132500558008518
2732,0.00011468693520863932
2734,0.00011615171671019704
2736,0.00011764512796533278
2738,0.00011916792058220153
2740,0.00012072087107073492
2742,0.00012230478184067296
2744,0.00012392048224659608
2746,0.00012556882968250225
2748,0.00012725071072862865
2750,0.0001289670423533843
2752,0.00013071877317343746
2754,0.00013250688477519076
2756,0.00013433239310108166
2758,0.00013619634990436085
2760,0.00013809984427623595
2762,0.00014004400424951513
2764,0.0001420299984831527
2766,0.0001440590380323843
2768,0.0001461323782094464
2770,0.00014825132054020174
2772,0.0001504172148223475
2774,0.00015263146129125958
2776,0.00015489551289993392
2778,0.00015721087771992316
2780,0.00015957912147063566
2782,0.00016200187018487072
2784,0.00016448081301900533
2786,0.00016701770521683582
2788,0.00016961437123670555
2790,0.00017227270805223046
2792,0.00017499468863766603
2794,0.00017778236564974854
2796,0.00018063787531869598
2798,0.00018356344156197357
2800,0.00018656138033542084
2802,0.00018963410423741302
2804,0.0001927841273828863
2806,0.00019601407056531414
2808,0.00019932666672607633
2810,0.00020272476675213416
2812,0.00020621134562451423
2814,0.0002097895089418285
2816,0.0002134624998449249
2818,0.00021723370637079012
2820,0.00022110666926602104
2822,0.00022508509029256935
2824,0.00022917284106104682
2826,0.00023337397242969454
2828,0.0002376927245101699
2830,0.00024213353732462266
2832,0.00024670106216214023
2834,0.00025140017368655953
2836,0.0002562359828519107
2838,0.0002612138506863941
2840,0.0002663394030108358
2842,0.0002716185461630595
2844,0.0002770574838055828
2846,0.0002826627349005433
2848,0.00028844115294282785
2850,0.00029439994655006965
2852,0.0003005467015165314
2854,0.00030688940444698195
2856,0.0003134364680965436
2858,0.0003201967585531983
2860,0.00032717962441126546
2862,0.0003343949280967504
2864,0.0003418530795190909
2866,0.00034956507223854043
2868,0.0003575425223543017
2870,0.0003657977103355862
2872,0.00037434362603608573
2874,0.00038319401715190924
2876,0.00039236344140386144
2878,0.00040186732274698965
2880,0.0004117220119335189
2882,0.00042194485177949985
2884,0.00043255424751048957
2886,0.00044356974258706583
2888,0.0004550121004364876
2890,0.0004669033925417509
2892,0.00047926709336282156
2894,0.0004921281825858419
2896,0.0005055132552131759
2898,0.0005194506400183668
2900,0.0005339705268930067
2902,0.000549105103604022
2904,0.000564888702455989
2906,0.0005813579573087491
2908,0.000598551971329491
2910,0.0006165124957526427
2912,0.0006352841197706083
2914,0.0006549144714714618
2916,0.0006754544294614356
2918,0.0006969583444426029
2920,0.0007194842695382221
2922,0.0007430941975447662
2924,0.0007678543025116871
2926,0.0007938351820747669
2928,0.000821112095760666
2930,0.00084976519300153
2932,0.0008798797228126529
2934,0.0009115462149615782
2936,0.0009448606199730232
2938,0.0009799243924696948
2940,0.0010168444991745735
2942,0.001055733329471085
2944,0.0010967084828707517
2946,0.0011398924042879165
2948,0.0011854118349713413
2950,0.0012333970446853702
2952,0.0012839808097297068
2954,0.0013372971021119264
2956,0.0013934794580337502
2958,0.0014526589989886957
2960,0.0015149620859642875
2962,0.0015805075957110036
2964,0.0016494038163928305
2966,0.00172174496636499
2968,0.0017976073426719493
2970,0.0018770451046032498
2972,0.0019600856942095257
2974,0.002046724895603353
2976,0.002136921547577543
2978,0.0022305919613926353
2980,0.00232760416795126
2982,0.0024277722293955025
2984,0.002530850990097528
2986,0.0026365317860148423
2988,0.0027444397411649436
2990,0.002854133312927419
2992,0.0029651066705383795
2994,0.0030767952927134006
2996,0.0031885848708529635
2998,0.0032998232534300715
3000,0.0034098348332303827
3002,0.0035179365313027337
3004,0.003623454420989431
3006,0.003725740081096172
3008,0.0038241859497520543
3010,0.003918239216455425
3012,0.004007414065922357
3014,0.004091302301770523
3016,0.004169582483411389
3018,0.004242027698889454
3020,0.004308512002723186
3022,0.004369015423168488
3024,0.004423627327024597
3026,0.0044725478245700116
3028,0.00451608677072865
3030,0.004554659738128273
3032,0.004588780113871222
3034,0.004619046284481879
3036,0.00464612285533342
3038,0.0046707151303013355
3040,0.004693536709095478
3042,0.004715270981062938
3044,0.0047365283327995295
3046,0.004757801816085157
3048,0.004779424638118781
3050,0.004801533017791887
3052,0.004824037688867538
3054,0.00484660670643258
3056,0.004868661363632028
3058,0.004889386096670475
3060,0.0049077523650889335
3062,0.004922555710799017
3064,0.0049324645384538025
3066,0.004936078590451834
3068,0.0049319945569977885
3070,0.00491887571948787
3072,0.004895521974644201
3074,0.0048609360984534465
3076,0.004814381820787314
3078,0.004755429359764956
3080,0.004683984642829735
3082,0.0046002995599580265
3084,0.004504962169413182
3086,0.004398867608202728
3088,0.004283172277456651
3090,0.004159235399170047
3092,0.004028553049289438
3094,0.0038926901324553807
3096,0.0037532154607959607
3098,0.003611644229608537
3100,0.003469390928923845
3102,0.0033277343173739155
3104,0.0031877947333700646
3106,0.0030505229003511703
3108,0.002916698597144547
3110,0.0027869371346928642
3112,0.0026617014685800483
3114,0.0025413179077362286
3116,0.0024259936656990375
3118,0.0023158348607141607
3120,0.0022108639412146917
3122,0.00211103585140492
3124,0.0020162525348451487
3126,0.0019263755942811843
3128,0.0018412370858002394
3130,0.0017606485327090356
3132,0.0016844083096139648
3134,0.0016123075804359
3136,0.0015441349847812253
3138,0.0014796802628202006
3140,0.001418736995449634
3142,0.0013611046183072302
3144,0.0013065898481097577
3146,0.0012550076397282335
3148,0.0012061817735516912
3150,0.001159945155649972
3152,0.0011161398982854592
3154,0.0010746172354717642
3156,0.0010352373174231976
3158,0.0009978689186973038
3160,0.0009623890873869601
3162,0.0009286827566466972
3164,0.0008966423349289594
3166,0.0008661672873682563
3168,0.0008371637176154984
3170,0.0008095439569457236
3172,0.0007832261655165211
3174,0.0007581339491387376
3176,0.0007341959937501594
3178,0.0007113457188869791
3180,0.00068952095077
3182,0.0006686636151166822
3184,0.0006487194494192327
3186,0.0006296377341632681
3188,0.0006113710422774934
3190,0.0005938750059834992
3192,0.0005771081001413233
3194,0.0005610314411491204
3196,0.0005456086004449208
3198,0.0005308054316678806
3200,0.0005165899105599954
3202,0.0005029319867227127
3204,0.0004898034463828412
3206,0.0004771777853661816
3208,0.00046503009152340345
3210,0.0004533369358995076
3212,0.0004420762719846718
3214,0.00043122734242963853
3216,0.0004207705926525503
3218,0.00041068759080591376
3220,0.0004009609536119757
3222,0.00039157427761209266
3224,0.000382512075410644
3226,0.0003737597165266792
3228,0.00036530337249685957
3230,0.00035712996590143737
3232,0.0003492271230111008
3234,0.00034158312977662116
3236,0.0003341868909054727
3238,0.00032702789179009064
3240,0.00032009616307128734
3242,0.0003133822476376929
3244,0.00030687716987802115
3246,0.0003005724070176053
3248,0.0002944598623840827
3250,0.0002885318404594512
3252,0.00028278102358703176
3254,0.0002772004502122696
3256,0.00027178349454582654
3258,0.0002665238475461709
3260,0.0002614154991268887
3262,0.00025645272150130987
3264,0.0002516300535837973
3266,0.00024694228637325784
3268,0.00024238444925012728
3270,0.0002379517971233232
3272,0.00023363979836846094
3274,0.00022944412350305667
3276,0.00022536063454850188
3278,0.00022138537503233298
3280,0.00021751456058776152
3282,0.00021374457011059467
3284,0.00021007193743659465
3286,0.00020649334350500886
3288,0.0002030056089764823
3290,0.00019960568727584235
3292,0.00019629065803235623
3294,0.00019305772089200164
3296,0.00018990418967808678
3298,0.00018682748687821323
3300,0.00018382513843710638
3302,0.00018089476883625458
3304,0.00017803409644260714
3306,0.00017524092910979402
3308,0.00017251316001645178
3310,0.00016984876372727988
3312,0.00016724579246341382
3314,0.00016470237256959553
3316,0.00016221670116644798
3318,0.00015978704297693215
3320,0.00015741172731677334
3322,0.00015508914523931224
3324,0.00015281774682584595
3326,0.00015059603861310123
3328,0.00014842258115001138
3330,0.000146295986676465
3332,0.00014421491691715555
3334,0.00014217808098408935
3336,0.00014018423338171113
3338,0.00013823217210897653
3340,0.00013632073685305228
3342,0.0001344488072696447
3344,0.0001326153013452637
3346,0.00013081917383701004
3348,0.00012905941478573714
3350,0.00012733504809868791
3352,0.0001256451301979338
3354,0.00012398874873116293
3356,0.00012236502134156248
3358,0.00012077309449373231
3360,0.00011921214235274026
3362,0.00011768136571359888
3364,0.0001161799909785953
3366,0.00011470726918005352
3368,0.0001132624750462434
3370,0.00011184490610827994
3372,0.00011045388184597529
3374,0.00010908874287071936
3376,0.0001077488501435709
3378,0.00010643358422683969
3380,0.00010514234456753499
3382,0.00010387454881114222
3384,0.0001026296321442735
3386,0.00010140704666481494
3388,0.00010020626077826656
3390,0.00009902675861904045
3392,0.00009786803949554698
3394,0.00009672961735796018
3396,0.0000956110202876115
3398,0.0000945117900070146
3400,0.0000934314814095764
3402,0.00009236966210809645
3404,0.00009132591200120359
3406,0.00009029982285692096
3408,0.00008929099791259229
3410,0.00008829905149043907
3412,0.00008732360862805642
3414,0.00008636430472318814
3416,0.00008542078519215547
3418,0.00008449270514134273
3420,0.00008357972905117436
3422,0.00008268153047204347
3424,0.00008179779173167877
3426,0.00008092820365346168
3428,0.00008007246528522799
3430,0.00007923028363811106
3432,0.00007840137343500418
3434,0.00007758545686824003
3436,0.00007678226336610324
3438,0.0000759915293678104
3440,0.00007521299810660893
3442,0.0000744464194006617
3444,0.00007369154945140035
3446,0.00007294815064904343
3448,0.00007221599138499123
3450,0.00007149484587081997
3452,0.00007078449396361207
3454,0.00007008472099737057
3456,0.00006939531762027643
3458,0.00006871607963755886
3460,0.00006804680785975856
3462,0.00006738730795617351
3464,0.00006673739031328616
3466,0.00006609686989797929
3468,0.00006546556612535677
3470,0.00006484330273099272
3472,0.00006422990764744056
3474,0.00006362521288484018
3476,0.00006302905441546912
3478,0.00006244127206208882
3480,0.00006186170938994506
3482,0.00006129021360228567
3484,0.00006072663543926596
3486,0.00006017082908011636
3488,0.000059622652048453195
3490,0.00005908196512061705
3492,0.00005854863223692925
3494,0.00005802252041576034
3496,0.00005750349967030944
3498,0.00005699144292799716
3500,0.000056486225952378655
3502,0.00005598772726748725
3504,0.000055495828084522526
3506,0.00005501041223080027
3508,0.000054531366080884834
3510,0.00005405857848982757
3512,0.00005359194072843842
3514,0.000053131346420519607
3516,0.00005267669148199436
3518,0.00005222787406186515
3520,0.00005178479448493909
3522,0.0000513473551962602
3524,0.000050915460707190716
3526,0.000050489017543085756
3528,0.000050067934192507626
3530,0.000049652121057928464
3532,0.00004924149040787132
3534,0.000048835956330442045
3536,0.00004843543468820598
3538,0.00004803984307436508
3540,0.00004764910077019291
3542,0.000047263128703686365
3544,0.000046881849409394466
3546,0.00004650518698938618
3548,0.000046133067075320545
3550,0.00004576541679158346
3552,0.00004540216471945723
3554,0.000045043240862289744
3556,0.00004468857661163168
3558,0.00004433810471431097
3560,0.000043991759240415085
3562,0.000043649475552152685
3564,0.00004331119027356697
3566,0.000042976841261074355
3568,0.000042646367574802774
3570,0.0000423197094507051
3572,0.000041996808273423393
3574,0.00004167760654988144
3576,0.000041362047883583066
3578,0.000041050076949594654
3580,0.00004074163947019138
3582,0.00004043668219114709
3584,0.00004013515285864804
3586,0.00003983700019681243
3588,0.000039542173885797114
3590,0.00003925062454047435
3592,0.000038962303689661455
3594,0.00003867716375588724
3596,0.00003839515803567915
3598,0.00003811624068035629
3600,0.00003784036667731306
3602,0.00003756749183177942
3604,0.000037297572749043904
3606,0.000037030566817126014
3608,0.000036766432189884975
3610,0.00003650512777055249
3612,0.000036246613195677155
3614,0.000035990848819469085
3616,0.000035737795698533104
3618,0.00003548741557697972
3620,0.00003523967087190318
3622,0.000034994524659216216
3624,0.00003475194065983162
3626,0.00003451188322618091
3628,0.00003427431732906068
3630,0.000034039208544797713
3632,0.00003380652304272385
3634,0.00003357622757295225
3636,0.000033348289454446746
3638,0.00003312267656337623
3640,0.00003289935732174639
3642,0.00003267830068630123
3644,0.00003245947613768709
3646,0.00003224285366987207
3648,0.000032028403779814006
3650,0.000031816097457370483
3652,0.00003160590617544407
3654,0.00003139780188035698
3656,0.000031191756982448716
3658,0.00003098774434689102
3660,0.00003078573728471424
3662,0.0000305857095440398
3664,0.00003038763530151311
3666,0.000030191489153931898
3668,0.00002999724611006479
3670,0.000029804881582655212
3672,0.000029614371380605926
3674,0.00002942569170133935
3676,0.000029238819123329424
3678,0.000029053730598800386
3680,0.000028870403446588345
3682,0.000028688815345161487
3684,0.00002850894432579491
3686,0.000028330768765896097
3688,0.000028154267382477394
3690,0.000027979419225771635
3692,0.000027806203672987466
3694,0.00002763460042220084
3696,0.00002746458948637924
3698,0.000027296151187535447
3700,0.000027129266151007582
3702,0.000026963915299862354
3704,0.000026800079849418426
3706,0.00002663774130188704
3708,0.000026476881441127012
3710,0.000026317482327511256
3712,0.000026159526292902235
3714,0.000026002995935733653
3716,0.000025847874116195776
3718,0.000025694143951521993
3720,0.00002554178881137416
3722,0.000025390792313324283
3724,0.00002524113831843039
3726,0.000025092810926904226
3728,0.000024945794473868663
3730,0.00002480007352520275
3732,0.000024655632873472172
3734,0.000024512457533943368
3736,0.000024370532740679085
3738,0.000024229843942713705
3740,0.000024090376800306273
3742,0.00002395211718126963
3744,0.000023815051157373715
3746,0.00002367916500082148
3748,0.000023544445180795558
3750,0.000023410878360074325
3752,0.000023278451391715472
3754,0.000023147151315805803
3756,0.000023016965356275608
3758,0.00002288788091777618
3760,0.000022759885582619064
3762,0.00002263296710777565
3764,0.000022507113421935753
3766,0.000022382312622623765
3768,0.000022258552973371312
3770,0.000022135822900944893
3772,0.000022014110992627513
3774,0.000021893405993552906
3776,0.00002177369680409136
3778,0.000021654972477285927
3780,0.000021537222216337864
3782,0.000021420435372140352
3784,0.0000213046014408593
3786,0.000021189710061560324
3788,0.000021075751013880835
3790,0.000020962714215746203
3792,0.00002085058972112925
3794,0.000020739367717851854
3796,0.000020629038525427977
3798,0.000020519592592947164
3800,0.00002041102049699758
3802,0.00002030331293962787
3804,0.000020196460746346886
3806,0.00002009045486416057
3808,0.000019985286359645173
3810,0.000019880946417056015
3812,0.000019777426336471098
3814,0.000019674717531968807
3816,0.00001957281152983897
3818,0.00001947169996682662
3820,0.000019371374588407715
3822,0.00001927182724709624
3824,0.000019173049900781973
3826,0.000019075034611098292
3828,0.000018977773541819427
3830,0.000018881258957286537
3832,0.000018785483220862017
3834,0.00001869043879341144
3836,0.00001859611823181266
3838,0.00001850251418749137
3840,0.00001840961940498273
3842,0.000018317426720518412
3844,0.000018225929060638686
3846,0.000018135119440828882
3848,0.00001804499096417987
3850,0.000017955536820072
3852,0.000017866750282882085
3854,0.000017778624710712927
3856,0.000017691153544144935
3858,0.000017604330305009458
3860,0.000017518148595183325
3862,0.000017432602095404186
3864,0.000017347684564106344
3866,0.000017263389836276525
3868,0.00001717971182232926
3870,0.00001709664450700159
3872,0.000017014181948266536
3874,0.000016932318276265084
3876,0.000016851047692256362
3878,0.000016770364467585507
3880,0.000016690262942669067
3882,0.000016610737525997416
3884,0.000016531782693154017
3886,0.00001645339298585108
3888,0.000016375563010981418
3890,0.00001629828743968605
3892,0.000016221561006437434
3894,0.000016145378508137853
3896,0.000016069734803232768
3898,0.000015994624810838843
3900,0.000015920043509886378
3902,0.00001584598593827579
3904,0.000015772447192048007
3906,0.000015699422424568422
3908,0.0000156269068457242
3910,0.000015554895721134665
3912,0.00001548338437137451
3914,0.000015412368171209666
3916,0.000015341842548845492
3918,0.000015271802985187132
3920,0.000015202245013111807
3922,0.00001513316421675277
3924,0.000015064556230794783
3926,0.00001499641673978087
3928,0.000014928741477430099
3930,0.000014861526225966294
3932,0.000014794766815457381
3934,0.000014728459123165203
3936,0.000014662599072905657
3938,0.000014597182634418923
3940,0.000014532205822749585
3942,0.000014467664697636551
3944,0.000014403555362912468
3946,0.000014339873965912616
3948,0.000014276616696892958
3950,0.000014213779788457307
3952,0.000014151359514993365
3954,0.000014089352192117516
3956,0.00001402775417612823
3958,0.000013966561863467874
3960,0.00001390577169019283
3962,0.000013845380131451777
3964,0.000013785383700971924
3966,0.000013725778950553172
3968,0.000013666562469569946
3970,0.000013607730884480644
3972,0.000013549280858344538
3974,0.000013491209090346015
3976,0.000013433512315325986
3978,0.000013376187303320432
3980,0.000013319230859105843
3982,0.000013262639821751539
3984,0.000013206411064178688
3986,0.000013150541492725927
3988,0.000013095028046721501
3990,0.000013039867698061746
3992,0.000012985057450795852
3994,0.000012930594340716831
3996,0.000012876475434958489
3998,0.000012822697831598386
4000,0.00001276925865926667
