500,8.431810274124267e-6
502,8.389406754361816e-6
504,8.350486795336823e-6
506,8.315849967877732e-6
508,8.286143333664993e-6
510,8.261878533347512e-6
512,8.243450506165203e-6
514,8.2311562887374e-6
516,8.225212808560562e-6
518,8.2257729770121e-6
520,8.232939686134853e-6
522,8.246777527144796e-6
524,8.267322188381945e-6
526,8.294587571232153e-6
528,8.328570699349e-6
530,8.369254502869904e-6
532,8.416608547028921e-6
534,8.470587753848926e-6
536,8.531129145702375e-6
538,8.59814662943847e-6
540,8.671523848831794e-6
542,8.751105171460604e-6
544,8.836684954727343e-6
546,8.927995365669849e-6
548,9.024693219972853e-6
550,9.126346562002617e-6
552,9.232422025240003e-6
554,9.34227437120644e-6
556,9.455139962756215e-6
558,9.57013621499313e-6
560,9.686269186899706e-6
562,9.802451313102192e-6
564,9.917530715637556e-6
566,0.00001003033250820662
568,0.000010139711025087089
570,0.000010244610117165013
572,0.000010344126846110334
574,0.000010437572473666321
576,0.000010524524006430121
578,0.000010604860026543746
580,0.000010678776184854034
582,0.000010746778317756895
584,0.000010809654164382051
586,0.00001086842746938114
588,0.000010924300283535968
590,0.00001097859017483741
592,0.000011032668798600866
594,0.000011087907082468708
596,0.00001114563055725821
598,0.000011207086527422791
600,0.000011273423159936128
602,0.000011345679373357935
604,0.000011424783686884719
606,0.000011511559896131085
608,0.000011606737475458648
610,0.000011710964847869912
612,0.000011824824007265457
614,0.000011948845344474994
616,0.000012083521866398488
618,0.000012229322279605534
620,0.00001238670262643201
622,0.000012556116314891873
624,0.000012738022481539192
626,0.000012932892679065823
628,0.000013141215898310208
630,0.000013363501926901943
632,0.000013600283022101423
634,0.000013852113840550572
636,0.000014119569529084532
638,0.000014403241845019841
640,0.000014703733148847316
642,0.000015021648106057929
644,0.000015357582959235022
646,0.000015712112300526027
648,0.000016085773404587585
650,0.00001647904839079139
652,0.000016892344787169898
654,0.000017325975477283084
656,0.000017780139521157498
658,0.00001825490592513141
660,0.000018750203029942893
662,0.00001926581668344197
664,0.000019801400606869667
666,0.000020356502156592857
668,0.00002093060582542882
670,0.000021523195169721388
672,0.000022133831369504
674,0.00002276224351469262
676,0.00002340842239370787
678,0.000024072706691802024
680,0.00002475584882058827
682,0.000025459047708033312
684,0.00002618393803510299
686,0.000026932529365016146
688,0.00002770709364443165
690,0.000028510004655884066
692,0.000029343537205268805
694,0.000030209636530485264
696,0.000031109669539726575
698,0.00003204416945910544
700,0.00003301258503418371
702,0.00003401304537736758
704,0.000035042152455073963
706,0.00003609481523106552
708,0.00003716414228688029
710,0.000038241412472663096
712,0.00003931614450885669
714,0.000040376284913470035
716,0.000041408527691295344
718,0.000042398767948546533
720,0.00004333267514334699
722,0.00004419635178587414
724,0.000044977023539969595
726,0.00004566369164486286
728,0.00004624767336260149
730,0.000046722964336463165
732,0.00004708637889688266
734,0.000047337457228969487
736,0.00004747816528845746
738,0.000047512446122153056
740,0.00004744570226285277
742,0.00004728429351972936
744,0.00004703512230236998
746,0.000046705353148473945
748,0.00004630228073864079
750,0.000045833328802900806
752,0.000045306137652323916
754,0.00004472868514370495
756,0.00004410938622934551
758,0.000043457128232355365
760,0.00004278121847718071
762,0.00004209124249164095
764,0.000041396849547362134
766,0.00004070749426984534
768,0.00004003216713848189
770,0.00003937914377847322
772,0.00003875577532907968
774,0.000038168332646154604
776,0.000037621908104469576
778,0.000037120371921145144
780,0.00003666637590388523
782,0.0000362613962370239
784,0.00003590580774846054
786,0.00003559898420225214
788,0.00003533942163830582
790,0.00003512488381150668
792,0.00003495256970315235
794,0.000034819302451733146
796,0.00003472173675361801
798,0.00003465657808674546
800,0.00003462080271331798
802,0.00003461186338783893
804,0.00003462786325681065
806,0.00003466768062476411
808,0.00003473103056217645
810,0.00003481845542160701
812,0.00003493124408393902
814,0.00003507128755113047
816,0.000035240884710151345
818,0.00003544251559219793
820,0.000035678599924716356
822,0.000035951256714095804
824,0.00003626207705194971
826,0.00003661191853263923
828,0.000037000726656758574
830,0.00003742738703082691
832,0.000037889612237696246
834,0.00003838386867927225
836,0.000038905350857944214
838,0.00003944801259098242
840,0.00004000466554594283
842,0.00004056715428565544
844,0.00004112661300632334
846,0.00004167380212050353
848,0.000042199513269140264
850,0.00004269502054279416
852,0.00004315254562818445
854,0.000043565697523246784
856,0.000043929845310898094
858,0.00004424238626174395
860,0.00004450288099895645
862,0.000044713041145014984
864,0.00004487657053839151
866,0.00004499887633693217
868,0.00004508667904210987
870,0.00004514755926857029
872,0.00004518948326179333
874,0.00004522034871190353
876,0.00004524758783573103
878,0.00004527785688625324
880,0.00004531683126741961
882,0.00004536911435116041
884,0.0000454382568547931
886,0.0000455268730462439
888,0.000045636830862336554
890,0.00004576948608494512
892,0.00004592592694675874
894,0.000046107195790522396
896,0.00004631445914798354
898,0.00004654910655552968
900,0.00004681277036610939
902,0.00004710727172825225
904,0.00004743450940088639
906,0.00004779631602556126
908,0.000048194309534182716
910,0.00004862976522102837
912,0.0000491035273356216
914,0.00004961596927140315
916,0.00005016700035682817
918,0.00005075610685706746
920,0.00005138240693335827
922,0.000052044695533327187
924,0.00005274145645460534
926,0.00005347082520801352
928,0.00005423049681851553
930,0.00005501758536945874
932,0.00005582845433801
934,0.00005665854599669023
936,0.000057502242393446616
938,0.00005835278876941433
940,0.000059202303073296934
942,0.000060041883959066795
944,0.000060861816576142816
946,0.00006165186313940874
948,0.00006240161596186886
950,0.00006310088571799081
952,0.00006374009726165887
954,0.00006431066814276425
956,0.00006480534908944636
958,0.00006521850935706145
960,0.00006554635226684536
962,0.00006578704817075345
964,0.0000659407751423393
966,0.00006600966339602862
968,0.00006599764794137113
970,0.00006591024364095996
972,0.00006575426477039615
974,0.00006553751459856807
976,0.00006526846818915148
978,0.00006495596462325317
980,0.00006460891612161177
982,0.00006423603469339056
984,0.00006384557462714937
986,0.00006344509203054403
988,0.00006304122919317676
990,0.00006263953878473558
992,0.00006224436751079561
994,0.00006185881839105836
996,0.00006148480442966665
998,0.00006112319497525723
1000,0.00006077404181764143
1002,0.00006043685820514183
1004,0.00006011091381960423
1006,0.000059795505042036694
1008,0.00005949016399053862
1010,0.000059194781409354434
1012,0.00005890963524976087
1014,0.0000586353350381358
1016,0.00005837270777593952
1018,0.000058122660760402926
1020,0.00005788605853706354
1022,0.00005766364531526845
1024,0.00005745603241118167
1026,0.00005726375548322528
1028,0.00005708739158739771
1030,0.00005692771406068915
1032,0.00005678585573310247
1034,0.00005666344875629876
1036,0.00005656271226140101
1038,0.00005648646620784079
1040,0.00005643805972479816
1042,0.00005642121326362224
1044,0.00005643978424430473
1046,0.00005649747413186906
1048,0.000056597500099569226
1050,0.00005674225641560831
1052,0.00005693298991753057
1054,0.00005716951138543353
1056,0.00005744996139567822
1058,0.000057770646205511224
1060,0.00005812595678225487
1062,0.000058508382099052664
1064,0.00005890862569142086
1066,0.000059315831431875046
1068,0.000059717919850372004
1070,0.0000601020297529896
1072,0.0000604550514856495
1074,0.00006076422855938457
1076,0.00006101779453125438
1078,0.00006120560338797364
1080,0.00006131970581425756
1082,0.00006135482234270699
1084,0.000061308668964363
1086,0.0000611821021001633
1088,0.00006097906735859921
1090,0.00006070635802698536
1092,0.000060373211078989315
1094,0.00005999078633956116
1096,0.000059571584722207525
1098,0.000059128862381626187
1100,0.00005867608981233687
1102,0.000058226491006847304
1104,0.000057792681438403716
1106,0.00005738640837671895
1108,0.000057018385337161914
1110,0.000056698205313623204
1112,0.00005643431456413497
1114,0.00005623402900703735
1116,0.00005610357739794448
1118,0.00005604815823782516
1120,0.00005607200006198631
1122,0.000056178417053993245
1124,0.000056369853808580886
1126,0.00005664791469640364
1128,0.000057013374876976606
1130,0.00005746617176094421
1132,0.000058005377783240635
1134,0.000058629157792986906
1136,0.00005933471719076791
1138,0.00006011825003570068
1140,0.00006097489943750015
1142,0.00006189874518113141
1144,0.00006288283502794428
1146,0.00006391927564868886
1148,0.00006499939578693597
1150,0.00006611398736426471
1152,0.0000672536197348544
1154,0.00006840900903013031
1156,0.00006957141051289848
1158,0.0000707329901305512
1160,0.000071887125519754
1162,0.00007302858953182033
1164,0.0000741535822098532
1166,0.00007525959886330421
1168,0.0000763451487018838
1170,0.00007740936491164078
1172,0.0000784515672914415
1174,0.00007947084808868557
1176,0.00008046574831363423
1178,0.00008143407613847026
1180,0.00008237289399508834
1182,0.00008327867140039966
1184,0.00008414757197296093
1186,0.00008497582115354611
1188,0.00008576009037033366
1190,0.00008649783625336825
1192,0.00008718754944272292
1194,0.00008782889266609157
1196,0.00008842273554457368
1198,0.00008897111649802198
1200,0.00008947717388640061
1202,0.00008994508610812391
1204,0.00009038004500097645
1206,0.00009078826365642624
1208,0.00009117699601244736
1210,0.00009155452860713111
1212,0.00009193009962465147
1214,0.00009231370811087455
1216,0.00009271579441193556
1218,0.00009314679623778186
1220,0.00009361660724591282
1222,0.00009413398181738552
1224,0.00009470593830256722
1226,0.00009533721358690937
1228,0.00009602981636198039
1230,0.00009678271764202196
1232,0.00009759170706065247
1234,0.00009844943346719437
1236,0.0000993456383568533
1238,0.00010026758006388608
1240,0.00010120063472377364
1242,0.00010212904661295632
1244,0.00010303678632337957
1246,0.00010390846191284524
1248,0.00010473021784216082
1250,0.00010549055141722303
1252,0.00010618097847934435
1254,0.00010679649033498235
1256,0.00010733576235521193
1258,0.00010780109981578604
1260,0.000108198135272461
1262,0.00010853531955376205
1264,0.00010882327019960413
1266,0.00010907405251204768
1268,0.0001093004670803621
1270,0.00010951540446778337
1272,0.00010973130639797692
1274,0.00010995974882632584
1276,0.00011021114153506248
1278,0.00011049452575590595
1280,0.00011081744765865025
1282,0.00011118589033038491
1284,0.00011160425671550284
1286,0.00011207540627066457
1288,0.00011260075439501447
1290,0.00011318044312650214
1292,0.00011381358362029898
1294,0.00011449855756060129
1296,0.00011523334993252953
1298,0.00011601587441783368
1300,0.00011684424942700202
1302,0.0001177169897906851
1304,0.00011863309580061564
1306,0.00011959204396229652
1308,0.00012059370670397903
1310,0.00012163824511651899
1312,0.00012272602474337166
1314,0.00012385759757241189
1316,0.00012503377527321407
1318,0.00012625579401636758
1320,0.00012752554633908993
1322,0.00012884583694743322
1324,0.0001302206117661298
1326,0.0001316551145388481
1328,0.0001331559408243973
1330,0.00013473098035257953
1332,0.00013638925910100522
1334,0.0001381407066126033
1336,0.00013999587903759235
1338,0.00014196566455968875
1340,0.0001440609885665169
1342,0.00014629252590943906
1344,0.0001486704212423034
1346,0.00015120401820262989
1348,0.00015390160396150073
1350,0.000156770184894604
1352,0.00015981531785505052
1354,0.0001630410256210556
1356,0.0001664498214021862
1358,0.00017004285448606336
1360,0.00017382016808856508
1362,0.00017778103437821714
1364,0.00018192430550989324
1366,0.00018624869943960936
1368,0.00019075293123163464
1370,0.0001954356086803075
1372,0.0002002948363153756
1374,0.00020532751128915776
1376,0.00021052834185948885
1378,0.0002158886659655992
1380,0.00022139518588292908
1382,0.0002270287594719577
1384,0.0002327633964252394
1386,0.0002385655990739268
1388,0.0002443941631487365
1390,0.00025020051635383367
1392,0.00025592962404921986
1394,0.0002615214352512707
1396,0.00026691278434829726
1398,0.00027203961295366863
1400,0.0002768393423874034
1402,0.0002812532192745299
1404,0.00028522847838432337
1406,0.0002887202137452882
1408,0.00029169290877203644
1410,0.00029412163152845036
1412,0.0002959929365050565
1414,0.00029730552062116373
1416,0.0002980706598835899
1418,0.0002983124148648364
1420,0.00029806755388147823
1422,0.0002973851184702363
1424,0.0002963255576698427
1426,0.000294959388929148
1428,0.00029336539850520374
1430,0.0002916284600209625
1432,0.0002898371099246755
1434,0.0002880810578577469
1436,0.0002864488192151401
1438,0.0002850256355351756
1440,0.00028389180253266026
1442,0.00028312146707097294
1444,0.0002827818954548679
1446,0.00028293316592784197
1448,0.00028362820375036523
1450,0.0002849130589761782
1452,0.0002868273230526769
1454,0.00028940458694678463
1456,0.00029267285659311106
1458,0.00029665485761533187
1460,0.00030136817804404326
1462,0.00030682521376732555
1464,0.0003130328961878922
1466,0.0003199921950576315
1468,0.0003276974019771637
1470,0.0003361352117966
1472,0.000345283630119032
1474,0.0003551107450097084
1476,0.00036557340944057834
1478,0.0003766158877279802
1480,0.0003881685246532522
1482,0.0004001465015240489
1484,0.00041244875170701396
1486,0.0004249571223616561
1488,0.00043753589184453715
1490,0.0004500317836115139
1492,0.00046227465291605297
1494,0.0004740790518479633
1496,0.0004852468857470583
1498,0.0004955713422374592
1500,0.0005048421891517455
1502,0.000512852395798395
1504,0.0005194058452707726
1506,0.000524325702516967
1508,0.0005274628246584498
1510,0.0005287034896780324
1512,0.0005279757095483656
1514,0.0005252534951316695
1516,0.0005205586380257406
1518,0.0005139598328508702
1520,0.0005055692358831201
1522,0.0004955367988639859
1524,0.0004840428992874159
1526,0.00047128989571936923
1528,0.0004574932680993704
1530,0.00044287296717216253
1532,0.0004276455077577574
1534,0.00041201721341977446
1536,0.00039617887248818555
1538,0.0003803019150188281
1540,0.0003645360836198287
1542,0.00034900846122659076
1544,0.0003338236436120305
1546,0.00031906480533201313
1548,0.0003047954011750918
1550,0.00029106126362787367
1552,0.0002778928915284019
1554,0.0002653077675137587
1556,0.00025331258525824796
1558,0.00024190530715991615
1560,0.00023107700644775517
1562,0.00022081347370284799
1564,0.0002110965867252493
1566,0.0002019054554199059
1568,0.00019321736109767515
1570,0.00018500851350315302
1572,0.00017725465008340958
1574,0.0001699315014074542
1576,0.0001630151449391836
1578,0.00015648226707330674
1580,0.00015031035082334486
1582,0.0001444778040384088
1584,0.00013896404066369568
1586,0.0001337495254253919
1588,0.0001288157904461585
1590,0.00012414543068613707
1592,0.00011972208374276492
1594,0.0001155303984076585
1596,0.00011155599544344647
1598,0.00010778542328008348
1600,0.00010420611071252915
1602,0.00010080631818579058
1604,0.00009757508885807154
1606,0.00009450220031994014
1608,0.00009157811760157157
1610,0.0000887939479083363
1612,0.00008614139737659521
1614,0.00008361273002776227
1616,0.00008120072901236416
1618,0.00007889866017117673
1620,0.00007670023789289986
1622,0.00007459959321350858
1624,0.00007259124407841564
1626,0.00007067006767252789
1628,0.00006883127471330727
1630,0.00006707038559657409
1632,0.00006538320828286044
1634,0.00006376581781272425
1636,0.00006221453734186536
1638,0.00006072592059059846
1640,0.000059296735606811354
1642,0.00005792394974665371
1644,0.00005660471578261544
1646,0.0000553363590541864
1648,0.00005411636558180575
1650,0.00005294237107021369
1652,0.000051812150732543476
1654,0.00005072360987149105
1656,0.00004967477515864545
1658,0.000048663786557538114
1660,0.00004768888984016782
1662,0.00004674842965067948
1664,0.00004584084307352553
1666,0.000044964653666826936
1668,0.00004411846592478717
1670,0.0000433009601359121
1672,0.000042510887606462096
1674,0.00004174706622102669
1676,0.00004100837631437911
1678,0.000040293756830852324
1680,0.000039602201749393096
1682,0.00003893275675420907
1684,0.000038284516132537305
1686,0.00003765661988254352
1688,0.00003704825101571898
1690,0.00003645863303938781
1692,0.00003588702760607938
1694,0.000035332732317567975
1696,0.000034795078672342676
1698,0.000034273430146151034
1700,0.00003376718039606901
1702,0.000033275751579290546
1704,0.0000327985927785112
1706,0.00003233517852640485
1708,0.00003188500742226596
1710,0.000031447600834417124
1712,0.00003102250168246559
1714,0.000030609273293937344
1716,0.000030207498330226792
1718,0.00002981677777717614
1720,0.00002943672999594527
1722,0.0000290669898301513
1724,0.000028707207765551052
1726,0.00002835704913881006
1728,0.00002801619339215095
1730,0.00002768433337090433
1732,0.00002736117466119711
1734,0.000027046434965209387
1736,0.000026739843511611382
1738,0.000026441140498959455
1740,0.00002615007656998421
1742,0.000025866412314846693
1744,0.000025589917801570602
1746,0.000025320372131980766
1748,0.000025057563021591274
1750,0.00002480128640199143
1752,0.000024551346044374893
1754,0.000024307553202947535
1756,0.000024069726277032993
1758,0.000023837690490772428
1760,0.00002361127758938723
1762,0.000023390325551039998
1764,0.00002317467831339147
1766,0.000022964185514008844
1768,0.000022758702243834594
1770,0.000022558088812975013
1772,0.00002236221052811417
1774,0.000022170937480902437
1776,0.00002198414434670905
1778,0.000021801710193165876
1780,0.00002162351829796473
1782,0.000021449455975403246
1784,0.000021279414411204965
1786,0.00002111328850516782
1788,0.00002095097672122198
1790,0.000020792380944502665
1792,0.00002063740634506724
1794,0.000020485961247907347
1796,0.00002033795700892737
1798,0.000020193307896579673
1800,0.000020051930978864727
1802,0.00001991374601542126
1804,0.000019778675354446892
1806,0.000019646643834204793
1808,0.000019517578688885446
1810,0.000019391409458605545
1812,0.000019268067903338377
1814,0.00001914748792058121
1816,0.000019029605466576076
1818,0.00001891435848091029
1820,0.000018801686814332585
1822,0.000018691532159629572
1824,0.000018583837985415587
1826,0.00001847854947269689
1828,0.00001837561345407856
1830,0.000018274978355489398
1832,0.000018176594140306717
1834,0.000018080412255769022
1836,0.00001798638558157057
1838,0.000017894468380537123
1840,0.000017804616251287366
1842,0.00001771678608278963
1844,0.00001763093601072779
1846,0.00001754702537559484
1848,0.000017465014682436612
1850,0.000017384865562172082
1852,0.0000173065407344203
1854,0.00001723000397176745
1856,0.00001715522006541094
1858,0.000017082154792120294
1860,0.000017010774882457826
1862,0.00001694104799020461
1864,0.000016872942662940037
1866,0.00001680642831372566
1868,0.00001674147519384643
1870,0.00001667805436656464
1872,0.000016616137681843934
1874,0.00001655569775200292
1876,0.000016496707928259632
1878,0.000016439142278130002
1880,0.000016382975563645166
1882,0.000016328183220354104
1884,0.00001627474133707956
1886,0.000016222626636396735
1888,0.000016171816455805604
1890,0.000016122288729569007
1892,0.00001607402197118996
1894,0.000016026995256502756
1896,0.000015981188207353634
1898,0.00001593658097584783
1900,0.000015893154229140823
1902,0.00001585088913475261
1904,0.000015809767346384768
1906,0.000015769770990220883
1908,0.000015730882651691845
1910,0.00001569308536268825
1912,0.000015656362589202926
1914,0.000015620698219387356
1916,0.000015586076552006416
1918,0.000015552482285276517
1920,0.000015519900506072892
1922,0.000015488316679492357
1924,0.000015457716638758418
1926,0.000015428086575456163
1928,0.00001539941303008495
1930,0.000015371682882917245
1932,0.000015344883345152658
1934,0.000015319001950356462
1936,0.000015294026546172446
1938,0.000015269945286300342
1940,0.000015246746622728408
1942,0.000015224419298212201
1944,0.000015202952338990858
1946,0.00001518233504773261
1948,0.000015162556996701556
1950,0.000015143608021138028
1952,0.000015125478212845186
1954,0.000015108157913974821
1956,0.000015091637711005508
1958,0.000015075908428906613
1960,0.000015060961125481894
1962,0.00001504678708588664
1964,0.000015033377817312527
1966,0.000015020725043834682
1968,0.000015008820701415472
1970,0.000014997656933059975
1972,0.00001498722608411809
1974,0.000014977520697728498
1976,0.00001496853351039992
1978,0.000014960257447725221
1980,0.000014952685620224049
1982,0.00001494581131930998
1984,0.00001493962801337814
1986,0.000014934129344009566
1988,0.000014929309122288538
1990,0.00001492516132522947
1992,0.000014921680092309823
1994,0.00001491885972210587
1996,0.000014916694669028065
1998,0.000014915179540153014
2000,0.0000149143090921491
2002,0.0000149140782282929
2004,0.000014914481995573685
2006,0.000014915515581883385
2008,0.000014917174313289427
2010,0.000014919453651388023
2012,0.000014922349190735567
2014,0.000014925856656355797
2016,0.000014929971901320587
2018,0.00001493469090440219
2020,0.00001494000976779492
2022,0.000014945924714904274
2024,0.0000149524320882016
2026,0.000014959528347142443
2028,0.000014967210066146824
2030,0.00001497547393263969
2032,0.00001498431674514994
2034,0.000014993735411466353
2036,0.000015003726946848929
2038,0.00001501428847229413
2040,0.000015025417212852563
2042,0.000015037110495997741
2044,0.000015049365750044588
2046,0.000015062180502616313
2048,0.000015075552379158509
2050,0.000015089479101499185
2052,0.000015103958486453595
2054,0.000015118988444472717
2056,0.000015134566978334331
2058,0.00001515069218187558
2060,0.000015167362238766048
2062,0.000015184575421320341
2064,0.000015202330089349268
2066,0.000015220624689048623
2068,0.000015239457751924775
2070,0.000015258827893756146
2072,0.000015278733813589786
2074,0.000015299174292772218
2076,0.000015320148194013836
2078,0.000015341654460486047
2080,0.00001536369211495048
2082,0.0000153862602589196
2084,0.00001540935807184796
2086,0.000015432984810353563
2088,0.000015457139807468636
2090,0.00001548182247191925
2092,0.000015507032287433207
2094,0.000015532768812075593
2096,0.000015559031677611548
2098,0.000015585820588895666
2100,0.00001561313532328751
2102,0.000015640975730092862
2104,0.000015669341730030146
2106,0.000015698233314721616
2108,0.00001572765054620888
2110,0.00001575759355649237
2112,0.000015788062547094347
2114,0.000015819057788645013
2116,0.000015850579620491488
2118,0.000015882628450329152
2120,0.000015915204753855143
2122,0.00001594830907444363
2124,0.000015981942022842542
2126,0.000016016104276891508
2128,0.000016050796581260684
2130,0.000016086019747210243
2132,0.000016121774652370188
2134,0.00001615806224054039
2136,0.000016194883521510433
2138,0.000016232239570899248
2140,0.00001627013153001413
2142,0.00001630856060572911
2144,0.00001634752807038239
2146,0.000016387035261692682
2148,0.00001642708358269438
2150,0.0000164676745016912
2152,0.00001650880955222845
2154,0.000016550490333083438
2156,0.000016592718508274236
2158,0.000016635495807086426
2160,0.000016678824024117883
2162,0.00001672270501934142
2164,0.0000167671407181852
2166,0.000016812133111630928
2168,0.00001685768425632965
2170,0.000016903796274735138
2172,0.000016950471355254855
2174,0.00001699771175241837
2176,0.000017045519787063275
2178,0.000017093897846538508
2180,0.000017142848384925137
2182,0.00001719237392327451
2184,0.000017242477049863874
2186,0.000017293160420469354
2188,0.000017344426758656437
2190,0.000017396278856087873
2192,0.000017448719572849094
2194,0.000017501751837791145
2196,0.00001755537864889125
2198,0.000017609603073630995
2200,0.00001766442824939218
2202,0.000017719857383870563
2204,0.000017775893755507342
2206,0.000017832540713938676
2208,0.000017889801680463233
2210,0.000017947680148527898
2212,0.000018006179684231737
2214,0.000018065303926848397
2216,0.000018125056589366958
2218,0.000018185441459051545
2220,0.00001824646239801965
2222,0.000018308123343839497
2224,0.000018370428310146487
2226,0.000018433381387278974
2228,0.000018496986742933487
2230,0.000018561248622839666
2232,0.00001862617135145504
2234,0.00001869175933267987
2236,0.00001875801705059232
2238,0.000018824949070204087
2240,0.000018892560038236866
2242,0.00001896085468391969
2244,0.000019029837819807618
2246,0.00001909951434262189
2248,0.000019169889234111847
2250,0.000019240967561938914
2252,0.000019312754480582937
2254,0.000019385255232271216
2256,0.000019458475147930376
2258,0.000019532419648161664
2260,0.000019607094244239776
2262,0.000019682504539135642
2264,0.000019758656228563554
2266,0.00001983555510205297
2268,0.000019913207044045327
2270,0.000019991618035016338
2272,0.00002007079415262411
2274,0.000020150741572883492
2276,0.00002023146657136716
2278,0.000020312975524433695
2280,0.000020395274910483355
2282,0.000020478371311241763
2284,0.00002056227141307213
2286,0.000020646982008316452
2288,0.000020732509996666196
2290,0.000020818862386562975
2292,0.000020906046296629754
2294,0.000020994068957133145
2296,0.000021082937711477324
2298,0.00002117266001773015
2300,0.000021263243450182125
2302,0.00002135469570093871
2304,0.00002144702458154673
2306,0.000021540238024655386
2308,0.000021634344085712722
2310,0.000021729350944697925
2312,0.00002182526690789051
2314,0.000021922100409676794
2316,0.00002201986001439459
2318,0.000022118554418216767
2320,0.000022218192451074506
2322,0.000022318783078620986
2324,0.00002242033540423641
2326,0.000022522858671075072
2328,0.000022626362264155458
2330,0.00002273085571249415
2332,0.0000228363486912845
2334,0.000022942851024121024
2336,0.00002305037268527035
2338,0.000023158923801989835
2340,0.0000232685146568948
2342,0.000023379155690375354
2344,0.000023490857503063958
2346,0.000023603630858354804
2348,0.000023717486684976
2350,0.00002383243607961589
2352,0.000023948490309604537
2354,0.00002406566081565166
2356,0.000024183959214642186
2358,0.00002430339730249079
2360,0.000024423987057056617
2362,0.000024545740641119618
2364,0.000024668670405419806
2366,0.00002479278889176088
2368,0.000024918108836179697
2370,0.000025044643172182975
2372,0.000025172405034052903
2374,0.000025301407760223106
2376,0.00002543166489672663
2378,0.00002556319020071763
2380,0.00002569599764406842
2382,0.000025830101417043622
2384,0.0000259655159320533
2386,0.000026102255827486774
2388,0.000026240335971629203
2390,0.0000263797714666627
2392,0.00002652057765275411
2394,0.000026662770112231448
2396,0.000026806364673851128
2398,0.000026951377417158144
2400,0.000027097824676941497
2402,0.00002724572304778704
2404,0.00002739508938873026
2406,0.000027545940828011294
2408,0.000027698294767934706
2410,0.000027852168889836686
2412,0.000028007581159162116
2414,0.000028164549830654466
2416,0.000028323093453661042
2418,0.000028483230877556675
2420,0.000028644981257288676
2422,0.000028808364059046153
2424,0.000028973399066056783
2426,0.00002914010638451424
2428,0.00002930850644963964
2430,0.000029478620031880362
2432,0.000029650468243249745
2434,0.000029824072543811257
2436,0.000029999454748310922
2438,0.000030176637032961673
2440,0.00003035564194238374
2442,0.000030536492396704946
2444,0.00003071921169882521
2446,0.00003090382354184947
2448,0.000031090352016693446
2450,0.000031278821619866876
2452,0.00003146925726143875
2454,0.00003166168427318953
2456,0.000031856128416955226
2458,0.00003205261589316853
2460,0.000032251173349602115
2462,0.00003245182789031983
2464,0.00003265460708484107
2466,0.00003285953897752437
2468,0.000033066652097175945
2470,0.0000332759754668895
2472,0.000033487538614123564
2474,0.00003370137158102281
2476,0.00003391750493499024
2478,0.00003413596977951694
2480,0.000034356797765276915
2482,0.00003458002110149389
2484,0.00003480567256758829
2486,0.00003503378552511162
2488,0.000035264393929976936
2490,0.00003549753234499333
2492,0.000035733235952713326
2494,0.00003597154056860193
2496,0.0000362124826545367
2498,0.00003645609933264812
2500,0.00003670242839951039
2502,0.00003695150834069226
2504,0.00003720337834567907
2506,0.00003745807832317601
2508,0.000037715648916804406
2510,0.000037976131521202177
2512,0.0000382395682985405
2514,0.000038506002195468986
2516,0.000038775476960502026
2518,0.000039048037161859605
2520,0.00003932372820577588
2522,0.000039602596355289916
2524,0.000039884688749532816
2526,0.00004017005342352646
2528,0.00004045873932850922
2530,0.00004075079635280487
2532,0.00004104627534325122
2534,0.000041345228127205655
2536,0.0000416477075351455
2538,0.00004195376742388137
2540,0.0000422634627004029
2542,0.00004257684934637627
2544,0.000042893984443314137
2546,0.00004321492619843911
2548,0.00004353973397126253
2550,0.000043868468300901415
2552,0.000044201190934156946
2554,0.000044537964854378886
2556,0.00004487885431114112
2558,0.0000452239248507545
2560,0.000045573243347644063
2562,0.0000459268780366186
2564,0.00004628489854606191
2566,0.00004664737593207579
2568,0.00004701438271360585
2570,0.00004738599290858316
2572,0.000047762282071114846
2574,0.0000481433273297589
2576,0.00004852920742691942
2578,0.00004892000275939968
2580,0.00004931579542015262
2582,0.00004971666924126854
2584,0.00005012270983824284
2586,0.000050534004655567016
2588,0.000050950643013688585
2590,0.000051372716157387
2592,0.000051800317305614555
2594,0.00005223354170285328
2596,0.000052672486672040666
2598,0.000053117251669119355
2600,0.000053567938339267734
2602,0.0000540246505748713
2604,0.00005448749457529627
2606,0.000054956578908529946
2608,0.00005543201457475486
2610,0.000055913915071926136
2612,0.000056402396463424624
2614,0.00005689757744786139
2616,0.000057399579431111995
2618,0.000057908526600662173
2620,0.000058424546002350545
2622,0.000058947767619596654
2624,0.000059478324455206987
2626,0.00006001635261585525
2628,0.00006056199139933744
2630,0.00006111538338470602
2632,0.00006167667452539284
2634,0.00006224601424543412
2636,0.00006282355553891648
2638,0.00006340945507276783
2640,0.00006400387329302218
2642,0.00006460697453469353
2644,0.00006521892713539919
2646,0.00006583990355288006
2648,0.00006647008048657089
2650,0.00006710963900338117
2652,0.0000677587646678541
2654,0.00006841764767687857
2656,0.00006908648299913745
2658,0.00006976547051948302
2660,0.00007045481518843992
2662,0.00007115472717704483
2664,0.00007186542203724142
2666,0.00007258712086805989
2668,0.00007332005048782059
2670,0.00007406444361261272
2672,0.00007482053904131082
2674,0.00007558858184740413
2676,0.00007636882357792706
2678,0.00007716152245979297
2680,0.00007796694361384757
2682,0.00007878535927697406
2684,0.0000796170490325976
2686,0.00008046230004995467
2688,0.00008132140733250967
2690,0.00008219467397592098
2692,0.000083082411435978
2694,0.00008398493980695225
2696,0.00008490258811082743
2698,0.00008583569459789708
2700,0.00008678460705924313
2702,0.000087749683151635
2704,0.00008873129073541647
2706,0.0000897298082259769
2708,0.00009074562495943398
2710,0.00009177914157318916
2712,0.00009283077040204948
2714,0.00009390093589064857
2716,0.0000949900750229368
2718,0.00009609863776955199
2720,0.00009722708755392705
2722,0.00009837590173803456
2724,0.00009954557212872029
2726,0.00010073660550562727
2728,0.0001019495241717684
2730,0.00010318486652786416
2732,0.00010444318767162325
2734,0.00010572506002321094
2736,0.00010703107397821975
2738,0.00010836183858953133
2740,0.000109717982279538
2742,0.00011110015358427653
2744,0.00011250902193111663
2746,0.00011394527845174158
2748,0.00011540963683226088
2750,0.00011690283420240197
2752,0.00011842563206584438
2754,0.00011997881727388222
2756,0.00012156320304473166
2758,0.0001231796300309407
2760,0.00012482896743750712
2762,0.00012651211419346958
2764,0.00012823000017990886
2766,0.00012998358751747463
2768,0.00013177387191675146
2770,0.00013360188409498208
2772,0.0001354686912628911
2774,0.00013737539868558768
2776,0.00013932315132178283
2778,0.00014131313554582766
2780,0.0001433465809573733
2782,0.00014542476228376444
2784,0.0001475490013806171
2786,0.0001497206693363891
2788,0.00015194118868714162
2790,0.00015421203574810357
2792,0.00015653474306909869
2794,0.00015891090202137522
2796,0.00016134216552389348
2798,0.0001638302509176826
2800,0.0001663769429974761
2802,0.0001689840972104783
2804,0.00017165364303280855
2806,0.00017438758753491663
2808,0.000177188019148069
2810,0.00018005711164487565
2812,0.00018299712834776415
2814,0.0001860104265803229
2816,0.0001890994623775285
2818,0.00019226679547205595
2820,0.00019551509457514985
2822,0.00019884714297191834
2824,0.000202265844452409
2826,0.00020577422960144876
2828,0.00020937546247198506
2830,0.00021307284766857012
2832,0.0002168698378696944
2834,0.00022077004181991392
2836,0.0002247772328251446
2838,0.00022889535778713578
2840,0.00023312854681599744
2842,0.00023748112346276714
2844,0.00024195761561738457
2846,0.0002465627671211185
2848,0.00025130155014648593
2850,0.00025617917840205505
2852,0.00026120112122425575
2854,0.0002663731186234696
2856,0.00027170119735728037
2858,0.00027719168810987315
2860,0.0002828512438632127
2862,0.0002886868595528779
2864,0.00029470589310930903
2866,0.00030091608799381284
2868,0.00030732559734801735
2870,0.00031394300988564527
2872,0.00032077737766654854
2874,0.0003278382459049913
2876,0.00033513568497726265
2878,0.00034268032480792474
2880,0.00035048339182943935
2882,0.0003585567487266485
2884,0.0003669129371957028
2886,0.0003755652239666082
2888,0.0003845276503596773
2890,0.00039381508566889016
2892,0.00040344328468953374
2894,0.00041342894973353615
2896,0.0004237897975036191
2898,0.00043454463122671703
2900,0.000445713418477936
2902,0.0004573173751584521
2904,0.00046937905612387705
2906,0.0004819224529932968
2908,0.0004949730997028005
2910,0.0005085581863999854
2912,0.0005227066823064856
2914,0.000537449468202483
2916,0.0005528194792083476
2918,0.0005688518585513618
2920,0.0005855841230064405
2922,0.0006030563406843723
2924,0.0006213113218036983
2926,0.0006403948230155664
2928,0.0006603557657455552
2930,0.0006812464688608365
2932,0.0007031228957504996
2934,0.0007260449156030371
2936,0.0007500765782550887
2938,0.0007752864014413319
2940,0.0008017476685622166
2942,0.0008295387341617747
2944,0.0008587433331208464
2946,0.0008894508880605611
2948,0.0009217568075446182
2950,0.0009557627652829434
2952,0.0009915769475784958
2954,0.0010293142526183541
2956,0.0010690964207788279
2958,0.0011110520697823515
2960,0.0011553166022146664
2962,0.001202031945519034
2964,0.001251346076124112
2966,0.0013034122699259903
2968,0.00135838801117635
2970,0.0014164334813912942
2972,0.0014777095399561816
2974,0.0015423750998271547
2976,0.00161058379678317
2978,0.0016824798513065432
2980,0.0017581930312297906
2982,0.0018378326442301997
2984,0.001921480525951147
2986,0.002009183045938643
2988,0.002100942233201752
2990,0.0021967062282909292
2992,0.002296359399323949
2994,0.0023997126118439904
2996,0.0025064943082982972
2998,0.0026163432173620213
3000,0.0027288036535854294
3002,0.0028433244527494286
3004,0.002959262579339783
3006,0.0030758922980616654
3008,0.003192420485413169
3010,0.0033080081533702456
3012,0.0034217975835933428
3014,0.003532943693217842
3016,0.0036406474878287924
3018,0.0037441888545854374
3020,0.003842955663744498
3022,0.003936466297648263
3024,0.004024383352760589
3026,0.0041065173003577305
3028,0.004182820180538037
3030,0.004253370703892646
3032,0.0043183531852983405
3034,0.004378033317175038
3036,0.004432733789088318
3038,0.004482812197155567
3040,0.004528642713939734
3042,0.004570601850919342
3044,0.004609057605157364
3046,0.004644360553411621
3048,0.004676835158645669
3050,0.004706769698981823
3052,0.00473440374864911
3054,0.004759912918048952
3056,0.004783391459634089
3058,0.00480483422507534
3060,0.004824120171963036
3062,0.004841000025805447
3064,0.004855090692934572
3066,0.004865878537725684
3068,0.004872732716737599
3070,0.0048749285376898386
3072,0.004871679504029018
3074,0.004862175578797562
3076,0.004845624489964873
3078,0.004821292739616781
3080,0.004788543360223188
3082,0.0047468682230336545
3084,0.004695913593440964
3086,0.0046354983931698075
3088,0.004565625111011796
3090,0.004486483490287195
3092,0.0043984471318562765
3094,0.004302063165837178
3096,0.0041980353094283555
3098,0.004087200985887545
3100,0.003970503656999905
3102,0.0038489619699273434
3104,0.0037236375905895327
3106,0.003595603607595513
3108,0.0034659151552299625
3110,0.003335583507892886
3112,0.003205554454502396
3114,0.003076691359846235
3116,0.002949763002953429
3118,0.00282543604836346
3120,0.0027042718306112697
3122,0.002586726992319129
3124,0.0024731574027754594
3126,0.002363824701192593
3128,0.0022589047670160413
3130,0.002158497425599283
3132,0.0020626367500476777
3134,0.0019713014096471517
3136,0.0018844246275451714
3138,0.0018019034298046013
3140,0.001723606981500176
3142,0.001649383904142524
3144,0.0015790685477207562
3146,0.0015124862490412667
3148,0.0014494576473531192
3150,0.0013898021514706634
3152,0.0013333406632452215
3154,0.001279897663728304
3156,0.0012293027637027686
3158,0.0011813918118487076
3160,0.001136007643477791
3162,0.001093000541803352
3164,0.0010522284729686212
3166,0.0010135571460525594
3168,0.0009768599402884672
3170,0.0009420177338738451
3172,0.0009089186620204148
3174,0.000877457826224447
3176,0.0008475369720279166
3178,0.0008190641486740115
3180,0.0007919533609180447
3182,0.0007661242207248705
3184,0.0007415016045648398
3186,0.0007180153204226812
3188,0.0006955997873803403
3190,0.00067419372966049
3192,0.0006537398862675802
3194,0.0006341847367928204
3196,0.0006154782435214408
3198,0.0005975736096648919
3200,0.0005804270533130474
3202,0.0005639975965424403
3204,0.000548246869010538
3206,0.0005331389253005857
3208,0.0005186400752468714
3210,0.0005047187264586013
3212,0.0004913452382658979
3214,0.00047849178632899416
3216,0.0004661322371778495
3218,0.00045424203198131825
3220,0.00044279807888051936
3222,0.00043177865325854173
3224,0.00042116330535686724
3226,0.0004109327746869886
3228,0.00040106891072300995
3230,0.0003915545993970708
3232,0.00038237369495394073
3234,0.00037351095675388203
3236,0.0003649519906437714
3238,0.0003566831945454695
3240,0.00034869170793751654
3242,0.0003409653649314711
3244,0.00033349265066763843
3246,0.00032626266077664934
3248,0.0003192650636734237
3250,0.00031249006546858965
3252,0.00030592837729951543
3254,0.00029957118489885143
3256,0.0002934101202329628
3258,0.00028743723505594794
3260,0.00028164497623718175
3262,0.00027602616273156376
3264,0.00027057396407197896
3266,0.00026528188027296235
3268,0.00026014372304326155
3270,0.0002551535982129862
3272,0.0002503058892883676
3274,0.0002455952420538936
3276,0.00024101655014776316
3278,0.0002365649415422935
3280,0.0002322357658661278
3282,0.00022802458250988853
3284,0.00022392714946132942
3286,0.00021993941282009082
3288,0.00021605749694589182
3290,0.00021227769519741933
3292,0.0002085964612223314
3294,0.00020501040076169758
3296,0.00020151626393487442
3298,0.00019811093797328074
3300,0.0001947914403738102
3302,0.00019155491244471484
3304,0.00018839861321872758
3306,0.0001853199137099762
3308,0.000182316291492891
3310,0.0001793853255828289
3312,0.00017652469159954787
3314,0.00017373215719596288
3316,0.0001710055777358227
3318,0.00016834289220505773
3320,0.0001657421193425836
3322,0.00016320135397730021
3324,0.00016071876355891056
3326,0.00015829258487100778
3328,0.00015592112091563848
3330,0.00015360273795925945
3332,0.00015133586273065983
3334,0.0001491189797620328
3336,0.00014695062886494563
3338,0.00014482940273348644
3340,0.00014275394466735345
3342,0.00014072294640811187
3344,0.0001387351460822658
3346,0.00013678932624518943
3348,0.00013488431202033117
3350,0.00013301896932844568
3352,0.00013119220320193255
3354,0.00012940295617965607
3356,0.0001276502067779033
3358,0.00012593296803339456
3360,0.00012425028611450764
3362,0.0001226012389971018
3364,0.00012098493520154199
3366,0.00011940051258772273
3368,0.00011784713720507667
3370,0.00011632400219472756
3372,0.00011483032674111132
3374,0.00011336535507054057
3376,0.0001119283554943326
3378,0.00011051861949425475
3380,0.00010913546084816673
3382,0.00010777821479385887
3384,0.00010644623722919521
3386,0.00010513890394677539
3388,0.00010385560990142709
3390,0.0001025957685089322
3392,0.00010135881097447779
3394,0.00010014418564940256
3396,0.00009895135741488783
3398,0.0000977798070913124
3400,0.0000966290308720601
3402,0.00009549853978063105
3404,0.00009438785914996945
3406,0.00009329652812297569
3408,0.00009222409917322579
3410,0.00009117013764496998
3412,0.00009013422131153059
3414,0.00008911593995126422
3416,0.0000881148949402954
3418,0.00008713069886126843
3420,0.00008616297512740271
3422,0.00008521135762117202
3424,0.00008427549034696154
3426,0.00008335502709708927
3428,0.00008244963113060757
3430,0.00008155897486432957
3432,0.00008068273957555227
3434,0.00007982061511597342
3436,0.00007897229963632307
3438,0.0000781374993212547
3440,0.00007731592813406109
3442,0.00007650730757080176
3444,0.00007571136642344742
3446,0.00007492784055166628
3448,0.00007415647266289339
3450,0.00007339701210034178
3452,0.00007264921463862957
3454,0.00007191284228671174
3456,0.00007118766309782054
3458,0.0000704734509861304
3460,0.00006976998554987774
3462,0.00006907705190067686
3464,0.00006839444049878549
3466,0.00006772194699408405
3468,0.0000670593720725434
3470,0.00006640652130796597
3472,0.0000657632050187939
3474,0.00006512923812978779
3476,0.0000645044400383873
3478,0.00006388863448557375
3480,0.00006328164943106195
3482,0.00006268331693265657
3484,0.00006209347302961463
3486,0.00006151195762986336
3488,0.000060938614400927885
3490,0.00006037329066443047
3492,0.00005981583729402812
3494,0.00005926610861666086
3496,0.00005872396231698904
3498,0.000058189259344902136
3500,0.00005766186382598672
3502,0.000057141642974846306
3504,0.000056628467011169286
3506,0.00005612220907844613
3508,0.000055622745165240544
3510,0.00005512995402892343
3512,0.000054643717121781864
3514,0.000054163918519419124
3516,0.00005369044485136468
3518,0.00005322318523381675
3520,0.00005276203120444289
3522,0.00005230687665916661
3524,0.000051857617790871664
3526,0.00005141415302995737
3528,0.000050976382986681676
3530,0.00005054421039523059
3532,0.00005011754005945518
3534,0.00004969627880021971
3536,0.00004928033540430614
3538,0.000048869620574823147
3540,0.00004846404688306856
3542,0.00004806352872179746
3544,0.000047667982259848576
3546,0.000047277325398084523
3548,0.00004689147772660229
3550,0.00004651036048317238
3552,0.0000461338965128665
3554,0.000045762010228835
3556,0.00004539462757419688
3558,0.00004503167598500634
3560,0.000044673084354261393
3562,0.00004431878299692098
3564,0.000043968703615898594
3566,0.00004362277926900122
3568,0.00004328094433678386
3570,0.000042943134491290485
3572,0.000042609286665653934
3574,0.00004227933902452761
3576,0.000041953230935323175
3578,0.00004163090294022922
3580,0.000041312296728986766
3582,0.000040997355112398255
3584,0.00004068602199654753
3586,0.00004037824235770912
3588,0.000040073962217925855
3590,0.000039773128621234364
3592,0.00003947568961051911
3594,0.000039181594204976025
3596,0.00003889079237816713
3598,0.000038603235036649014
3600,0.00003831887399915762
3602,0.00003803766197633312
3604,0.00003775955255096879
3606,0.00003748450015876854
3608,0.00003721246006959807
3610,0.00003694338836921538
3612,0.00003667724194146659
3614,0.00003641397845093347
3616,0.00003615355632601986
3618,0.000035895934742464164
3620,0.000035641073607265655
3622,0.000035388933543012995
3624,0.00003513947587260321
3626,0.00003489266260434027
3628,0.000034648456417402365
3630,0.00003440682064766766
3632,0.000034167719273888246
3634,0.000033931116904202746
3636,0.000033696978762977964
3638,0.000033465270677970535
3640,0.000033235959067799715
3642,0.000033009010929722597
3644,0.00003278439382770358
3646,0.00003256207588076996
3648,0.00003234202575164578
3650,0.000032124212635656505
3652,0.00003190860624989697
3654,0.000031695176822655646
3656,0.000031483895083088245
3658,0.000031274732251133995
3660,0.00003106766002766806
3662,0.000030862650584883773
3664,0.00003065967655689866
3666,0.000030458711030578286
3668,0.00003025972753657212
3670,0.000030062700040555883
3672,0.00002986760293467494
3674,0.000029674411029183492
3676,0.00002948309954427451
3678,0.0000292936441020953
3680,0.000029106020718944056
3682,0.000028920205797642665
3684,0.000028736176120081193
3686,0.000028553908839929698
3688,0.000028373381475513078
3690,0.000028194571902844775
3692,0.000028017458348815333
3694,0.000027842019384531854
3696,0.00002766823391880457
3698,0.00002749608119177683
3700,0.00002732554076869483
3702,0.00002715659253381374
3704,0.00002698921668443667
3706,0.00002682339372508327
3708,0.000026659104461784695
3710,0.00002649632999650189
3712,0.000026335051721664062
3714,0.00002617525131482447
3716,0.000026016910733430595
3718,0.00002586001220970594
3720,0.000025704538245640783
3722,0.000025550471608089106
3724,0.000025397795323969305
3726,0.000025246492675566036
3728,0.00002509654719593084
3730,0.000024947942664379213
3732,0.000024800663102081663
3734,0.000024654692767746748
3736,0.00002451001615339367
3738,0.00002436661798021251
3740,0.000024224483194509893
3742,0.00002408359696373811
3744,0.000023943944672605814
3746,0.00002380551191926825
3748,0.000023668284511595284
3750,0.000023532248463515334
3752,0.000023397389991433515
3754,0.00002326369551072217
3756,0.00002313115163228232
3758,0.000022999745159174136
3760,0.000022869463083315073
3762,0.000022740292582244012
3764,0.00002261222101594994
3766,0.000022485235923763665
3768,0.000022359325021311176
3770,0.00002223447619752724
3772,0.00002211067751172789
3774,0.000021987917190740425
3776,0.000021866183626089733
3778,0.000021745465371239587
3780,0.000021625751138887716
3782,0.00002150702979831351
3784,0.000021389290372777077
3786,0.000021272522036968655
3788,0.000021156714114507123
3790,0.000021041856075486718
3792,0.000020927937534070653
3794,0.000020814948246130865
3796,0.000020702878106932727
3798,0.00002059171714886376
3800,0.0000204814555392055
3802,0.00002037208357794743
3804,0.00002026359169564218
3806,0.00002015597045130111
3808,0.000020049210530329292
3810,0.00001994330274249924
3812,0.000019838238019962364
3814,0.000019734007415297456
3816,0.000019630602099595452
3818,0.000019528013360579573
3820,0.000019426232600760247
3822,0.000019325251335623946
3824,0.000019225061191855348
3826,0.000019125653905592015
3828,0.000019027021320711
3830,0.000018929155387146656
3832,0.000018832048159239026
3834,0.00001873569179411216
3836,0.0000186400785500818
3838,0.000018545200785091718
3840,0.000018451050955178238
3842,0.000018357621612962256
3844,0.000018264905406168316
3846,0.000018172895076170054
3848,0.000018081583456561563
3850,0.000017990963471754163
3852,0.000017901028135597957
3854,0.00001781177055002785
3856,0.000017723183903733292
3858,0.00001763526147085156
3860,0.000017547996609683824
3862,0.00001746138276143376
3864,0.000017375413448968142
3866,0.000017290082275598995
3868,0.000017205382923886893
3870,0.000017121309154465043
3872,0.000017037854804883587
3874,0.00001695501378847388
3876,0.0000168727800932323
3878,0.00001679114778072317
3880,0.000016710110985000464
3882,0.000016629663911547896
3884,0.00001654980083623709
3886,0.000016470516104303398
3888,0.0000163918041293391
3890,0.000016313659392303615
3892,0.000016236076440550363
3894,0.000016159049886870072
3896,0.00001608257440855004
3898,0.000016006644746449225
3900,0.000015931255704088715
3902,0.000015856402146757415
3904,0.00001578207900063253
3906,0.000015708281251914654
3908,0.000015635003945977227
3910,0.00001556224218652988
3912,0.00001548999113479572
3914,0.000015418246008702017
3916,0.000015347002082084167
3918,0.00001527625468390271
3920,0.000015205999197473091
3922,0.00001513623105970792
3924,0.000015066945760371591
3926,0.000014998138841346934
3928,0.000014929805895913732
3930,0.00001486194256803885
3932,0.000014794544551677804
3934,0.00001472760759008752
3936,0.0000146611274751501
3938,0.00001459510004670738
3940,0.00001452952119190613
3942,0.000014464386844553599
3944,0.000014399692984483345
3946,0.00001433543563693107
3948,0.000014271610871920325
3950,0.00001420821480365787
3952,0.00001414524358993858
3954,0.000014082693431559647
3956,0.000014020560571743982
3958,0.000013958841295572575
3960,0.000013897531929425758
3962,0.000013836628840433106
3964,0.000013776128435931891
3966,0.000013716027162933917
3968,0.00001365632150760059
3970,0.000013597007994726055
3972,0.00001353808318722832
3974,0.000013479543685648146
3976,0.000013421386127655624
3978,0.000013363607187564307
3980,0.000013306203575852703
3982,0.00001324917203869309
3984,0.000013192509357487449
3986,0.000013136212348410439
3988,0.00001308027786195928
3990,0.0000130247027825104
3992,0.000012969484027882781
3994,0.000012914618548907835
3996,0.000012860103329005744
3998,0.000012805935383768095
4000,0.000012752111760546804
