500,0.000010123312051449628
502,0.000010062579432908451
504,9.986659533723488e-6
506,9.897859878014804e-6
508,9.79867126120949e-6
510,9.691637950891464e-6
512,9.579244253447423e-6
514,9.463823992832666e-6
516,9.347495555716603e-6
518,9.232121893932853e-6
520,9.119292575496345e-6
522,9.01032369163469e-6
524,8.906271016084363e-6
526,8.807952036219108e-6
528,8.715973082315863e-6
530,8.630758558072948e-6
532,8.552580068074016e-6
534,8.481583951458187e-6
536,8.417816319631113e-6
538,8.36124514785334e-6
540,8.311779295304654e-6
542,8.269284545469274e-6
544,8.233596891376455e-6
546,8.204533360309963e-6
548,8.181900698897832e-6
550,8.165502237022753e-6
552,8.155143229055207e-6
554,8.150634941597548e-6
556,8.151797723752435e-6
558,8.158463262449292e-6
560,8.170476193714504e-6
562,8.187695212102462e-6
564,8.209993795305487e-6
566,8.237260639304199e-6
568,8.269399881131776e-6
570,8.306331171099968e-6
572,8.347989643809091e-6
574,8.394325827066499e-6
576,8.445305519613865e-6
578,8.500909661991408e-6
580,8.561134219663156e-6
582,8.62599009344798e-6
584,8.695503069140125e-6
586,8.769713815787874e-6
588,8.848677940288245e-6
590,8.932466104632391e-6
592,9.021164211206623e-6
594,9.1148736609412e-6
596,9.213711688741844e-6
598,9.317811780488583e-6
600,9.427324175903352e-6
602,9.542416461740464e-6
604,9.663274260017222e-6
606,9.790102016354492e-6
608,9.9231238939216e-6
610,0.000010062584778960528
612,0.000010208751404386714
614,0.000010361913598512693
616,0.000010522385666500255
618,0.000010690507912698138
620,0.000010866648312542549
622,0.000011051204343159127
624,0.000011244604982171282
626,0.000011447312884445484
628,0.00001165982674653085
630,0.00001188268386830289
632,0.000012116462920704372
634,0.000012361786927367377
636,0.000012619326466144891
638,0.000012889803093980638
640,0.000013173992994853916
642,0.000013472730845438366
644,0.000013786913886217038
646,0.000014117506176608804
648,0.000014465543000571102
650,0.000014832135373391533
652,0.000015218474580030077
654,0.00001562583664927667
656,0.000016055586634749754
658,0.000016509182531695092
660,0.00001698817860564372
662,0.000017494227842889238
664,0.000018029083150721165
666,0.00001859459683432724
668,0.000019192717753907167
670,0.0000198254854163648
672,0.00002049502007768918
674,0.000021203507722200054
676,0.000021953178542080857
678,0.000022746277266558754
680,0.00002358502339059646
682,0.000024471559040718902
684,0.00002540788191339208
686,0.000026395760466344553
688,0.000027436628392083434
690,0.00002853145543773808
692,0.000029680591969525455
694,0.00003088358546193466
696,0.0000321389685041255
698,0.00003344402016731019
700,0.00003479450587672776
702,0.000036184405445655244
704,0.00003760564470378648
706,0.00003904785301162347
708,0.000040498176366342684
710,0.00004194118276023506
712,0.00004335890137494461
714,0.00004473103799125866
716,0.00004603540331830794
718,0.000047248576743508114
720,0.00004834680433453489
722,0.00004930709789350314
724,0.000050108465332090116
726,0.000050733168241514006
728,0.0000511678786372001
730,0.00005140460140088657
732,0.00005144124669590151
734,0.00005128177692405642
736,0.000050935908816775965
738,0.00005041841155800644
740,0.00004974809364135884
742,0.00004894660421077455
744,0.00004803718402600264
746,0.00004704348819037694
748,0.00004598857350639958
750,0.000044894106244991775
752,0.00004377980938688149
754,0.000042663138033143246
756,0.000041559150825296276
758,0.000040480534348780046
760,0.00003943773520951136
762,0.000038439158370509804
764,0.000037491397794612514
766,0.00003659947416048058
768,0.00003576706271392742
770,0.000034996701188631926
772,0.00003428997280239175
774,0.00003364766268609008
776,0.00003306988807534104
778,0.00003255620362570281
780,0.00003210568371183856
782,0.00003171698386156619
784,0.000031388383775874515
786,0.00003111781482044554
788,0.0000309028754916582
790,0.00003074083914531868
792,0.00003062865915244759
794,0.00003056297746822586
796,0.000030540143148257844
798,0.0000305562473336403
800,0.00003060718033242672
802,0.00003068871436888875
804,0.00003079661222373758
806,0.00003092675749989348
808,0.000031075297155297516
810,0.00003123878217794231
812,0.00003141428902978617
814,0.00003159950391341287
816,0.00003179275475978436
818,0.000031992982088079935
820,0.0000321996486613799
822,0.00003241259755606644
824,0.0000326318769918799
826,0.00003285755637087146
828,0.000033089560400577256
830,0.00003332754663827493
832,0.00003357084664233351
834,0.00003381848291489118
836,0.00003406926393229919
838,0.00003432194887467192
840,0.00003457546342287387
842,0.00003482913960167228
844,0.00003508294757943296
846,0.00003533768680139652
848,0.00003559510836306253
850,0.000035857949605015714
852,0.00003612987390044015
854,0.00003641532110671802
856,0.000036719284645602314
858,0.000037047037765579997
860,0.000037403833455760605
862,0.000037794600178974456
864,0.00003822365045591978
866,0.00003869441315244553
868,0.00003920919477830639
870,0.00003976897141471288
872,0.000040373211664243635
874,0.00004101973230032758
876,0.00004170459165611822
878,0.00004242203044317779
880,0.00004316447454607001
882,0.000043922618073803933
884,0.000044685606073118934
886,0.00004544133334452668
888,0.000046176867609671586
890,0.00004687899151936661
892,0.000047534839629065184
894,0.00004813258609579985
896,0.00004866212058297678
898,0.00004911563859699747
900,0.00004948807257611824
902,0.000049777303751327694
904,0.00004998412106176215
906,0.000050111927733739015
908,0.00005016623162975515
910,0.00005015398483895762
912,0.000050082855619804255
914,0.000049960519246027166
916,0.0000497940444373973
918,0.00004958943230462672
920,0.000049351339717423635
922,0.000049082993250675415
924,0.00004878627702871072
926,0.00004846196034668723
928,0.000048110020216146
930,0.00004773001022131138
932,0.00004732142959869827
934,0.000046884053789070576
936,0.00004641819790298792
938,0.000045924895628868984
940,0.00004540598661282788
942,0.000044864114507385395
944,0.00004430264560911333
946,0.00004372552440409586
948,0.000043137087332633506
950,0.000042541859190907106
952,0.00004194435709067849
954,0.000041348924250780264
956,0.00004075961012046067
958,0.000040180105210784046
960,0.000039613729941244975
962,0.000039063468473306794
964,0.00003853203241691278
966,0.00003802193644429395
968,0.00003753556847445074
970,0.00003707524070608197
972,0.00003664321331674359
974,0.00003624168878889764
976,0.00003587278032030303
978,0.00003553846173026953
980,0.000035240508288744354
982,0.00003498043806866787
984,0.000034759462203494334
986,0.00003457845041813431
988,0.00003443791593757648
990,0.000034338021721712
992,0.00003427860805715688
994,0.0000342592398008003
996,0.000034279269873987
998,0.0000343379138459592
1000,0.00003443432865538915
1002,0.00003456768692247693
1004,0.00003473723728166565
1006,0.0000349423411439922
1008,0.00003518247759333981
1010,0.00003545721078722635
1012,0.00003576611799859634
1014,0.00003610868075865263
1016,0.00003648414579562287
1018,0.00003689136606380034
1020,0.0000373286348249963
1022,0.000037793527464407996
1024,0.000038282766657675756
1026,0.00003879212681659486
1028,0.00003931639340780327
1030,0.00003984939146331261
1032,0.00004038409484126639
1034,0.00004091282294208834
1036,0.00004142752425953659
1038,0.00004192013652524308
1040,0.00004238300226640661
1042,0.00004280930813596076
1044,0.00004319350870381946
1046,0.00004353169272774328
1048,0.00004382185361193145
1050,0.00004406403572354571
1052,0.00004426034279219254
1054,0.000044414810911660444
1056,0.00004453316351299002
1058,0.00004462247649068028
1060,0.00004469078707609008
1062,0.000044746680085686126
1064,0.00004479888094674058
1066,0.000044855878112843266
1068,0.00004492558986620073
1070,0.000045015083479589095
1072,0.00004513034920552097
1074,0.00004527612801494572
1076,0.000045455790472955875
1078,0.000045671264387834193
1080,0.000045923010482554576
1082,0.00004621004774104838
1084,0.000046530032558875263
1086,0.000046879397538539423
1088,0.00004725355581521732
1090,0.0000476471743712505
1092,0.00004805451441424121
1094,0.00004846982867656209
1096,0.00004888779540565399
1098,0.00004930395870720963
1100,0.00004971513726229586
1102,0.0000501197607792857
1104,0.0000505180975846061
1106,0.00005091234768380445
1108,0.000051306591750237684
1110,0.00005170660459447062
1112,0.00005211955788475039
1114,0.000052553647932287504
1116,0.00005301768843134755
1118,0.00005352070522872469
1120,0.00005407156214670121
1122,0.00005467863610983606
1124,0.000055349548879132535
1126,0.00005609095355607336
1128,0.00005690836782094153
1130,0.000057806042948395276
1132,0.00005878685774682431
1134,0.00005985222911865366
1136,0.00006100203523276139
1138,0.00006223455260803462
1140,0.00006354641397869645
1142,0.0000649325988239328
1144,0.00006638647194317013
1146,0.00006789988636236603
1148,0.00006946336407380413
1150,0.00007106636081065712
1152,0.00007269760907606423
1154,0.00007434551794325576
1156,0.00007599859110447564
1158,0.00007764581001418345
1160,0.00007927692121533591
1162,0.00008088257008150051
1164,0.0000824542394196668
1166,0.0000839839798439013
1168,0.00008546395545020091
1170,0.00008688586648001578
1172,0.00008824034280751258
1174,0.00008951642155113207
1176,0.00009070122445015563
1178,0.00009177993422533564
1180,0.0000927361350612038
1182,0.00009355253414950726
1184,0.00009421202470970666
1186,0.00009469899396580553
1188,0.00009500073175694771
1190,0.00009510876663417973
1192,0.00009501995426698166
1194,0.00009473717083274274
1196,0.0000942695181893177
1198,0.0000936320177630638
1200,0.00009284484170778459
1202,0.00009193218838791196
1204,0.00009092094412846974
1206,0.00008983928072866726
1208,0.0000887153216120743
1210,0.0000875759766473397
1212,0.00008644600627719776
1214,0.00008534733816581419
1216,0.00008429862981634286
1218,0.00008331505100088774
1220,0.0000824082501856329
1222,0.00008158646750519532
1224,0.0000808547605370098
1226,0.00008021531535537131
1228,0.00007966782165785412
1230,0.00007920989530127666
1232,0.00007883753326267823
1234,0.00007854558463389513
1236,0.0000783282174922123
1238,0.00007817935696639482
1240,0.00007809306672156722
1242,0.00007806384663580952
1244,0.00007808682517868066
1246,0.00007815783615134597
1248,0.00007827338461271542
1250,0.00007843052319925659
1252,0.00007862667416521079
1254,0.00007885944110916086
1256,0.00007912645540562146
1258,0.0000794252952956212
1260,0.00007975350148293904
1262,0.00008010869432399702
1264,0.00008048877755634249
1266,0.00008089219562672159
1268,0.00008131819951038519
1270,0.00008176707207196388
1272,0.00008224026961082273
1274,0.00008274045039869106
1276,0.0000832713809368234
1278,0.0000838377321740324
1280,0.00008444479661210905
1282,0.00008509816955364917
1284,0.00008580344188809315
1286,0.00008656594781399047
1288,0.00008739060029847624
1290,0.0000882818322301667
1292,0.00008924364466455828
1294,0.0000902797476388893
1296,0.00009139376578745017
1298,0.00009258947213245739
1300,0.0000938710102446323
1302,0.00009524306806536264
1304,0.00009671097567493
1306,0.0000982807126517093
1308,0.00009995882590411884
1310,0.0001017522730551071
1312,0.00010366821700882784
1314,0.00010571380256071778
1316,0.00010789594538891099
1318,0.00011022115817086252
1320,0.00011269542930981862
1322,0.00011532415849423302
1324,0.00011811214163285641
1326,0.00012106358698399704
1328,0.00012418213573169175
1330,0.00012747085496894674
1332,0.00013093217006898822
1334,0.00013456770759748515
1336,0.00013837802962310912
1338,0.00014236225516031843
1340,0.00014651758324901108
1342,0.00015083875268814218
1344,0.0001553174929437577
1346,0.00015994203630827653
1348,0.00016469677026598732
1350,0.00016956210896990415
1352,0.00017451465216667658
1354,0.00017952767808841573
1356,0.00018457198422470623
1358,0.00018961704858492699
1360,0.00019463243811475295
1362,0.00019958934630488284
1364,0.0002044621059510898
1366,0.0002092295027830066
1368,0.00021387571716035333
1370,0.000218390747363846
1372,0.00022277021859770375
1374,0.00022701455197960655
1376,0.00023112754896202658
1378,0.00023511452735023515
1380,0.0002389802127613894
1382,0.00024272663259694148
1384,0.00024635127047840634
1386,0.00024984571483110523
1388,0.0002531949786062127
1390,0.0002563775855134811
1392,0.00025936642256679294
1394,0.0002621302622627495
1396,0.00026463577413278537
1398,0.0002668497878708269
1400,0.0002687415492271459
1402,0.000270284730664413
1404,0.00027145901900245666
1406,0.0002722511906248767
1408,0.0002726556822813004
1410,0.0002726747495388844
1412,0.00027231835560977846
1414,0.0002716039395542434
1416,0.00027055617631216775
1418,0.0002692067755853512
1420,0.0002675942941810867
1422,0.0002657638799329254
1424,0.00026376684152293475
1426,0.0002616599532496857
1428,0.0002595044507526195
1430,0.00025736473744089096
1432,0.0002553068828234352
1434,0.0002533970366911234
1436,0.0002516998980072606
1438,0.0002502773640590737
1440,0.00024918745079130326
1442,0.00024848352992499237
1444,0.00024821388310030355
1446,0.00024842153579403135
1448,0.0002491443082358192
1450,0.00025041500752098056
1452,0.0002522616826925116
1454,0.00025470786970231387
1456,0.0002577727627536465
1458,0.0002614712600582332
1460,0.0002658138438659496
1462,0.00027080626596563575
1464,0.0002764490206561269
1466,0.0002827365979112921
1468,0.00028965652089731395
1470,0.0002971881850668817
1472,0.00030530153162484165
1474,0.0003139556068332199
1476,0.0003230970804525013
1478,0.0003326588207834414
1480,0.00034255864829711247
1482,0.00035269841143650263
1484,0.00036296354244752836
1486,0.00037322325319628805
1488,0.0003833315166322712
1490,0.00039312894659797846
1492,0.0004024456378651556
1494,0.0004111049638395922
1496,0.0004189282582354368
1498,0.0004257402368431384
1500,0.00043137495224630025
1502,0.000435682020335213
1504,0.0004385328115154164
1506,0.0004398262594403119
1508,0.00043949390711956143
1510,0.0004375037928017044
1512,0.00043386279210057776
1514,0.00042861709707501394
1516,0.0004218506394763548
1518,0.0004136814502688472
1520,0.00040425616654261566
1522,0.0003937431095153591
1524,0.000382324518453573
1526,0.00037018860035414555
1528,0.000357522030929262
1530,0.0003445034301582401
1532,0.0003312981656218273
1534,0.0003180546472145468
1536,0.00030490210256057105
1538,0.00029194968749329575
1540,0.00027928670068519894
1542,0.00026698363448009036
1544,0.00025509379598648654
1546,0.00024365526106005756
1548,0.0002326929666945192
1550,0.00022222079463321448
1552,0.00021224354386897607
1554,0.00020275872821228072
1556,0.00019375816568926026
1558,0.00018522934916802628
1560,0.00017715660319658343
1562,0.00016952204186124984
1564,0.00016230634790028708
1566,0.00015548939556931326
1568,0.00014905073987999344
1570,0.00014296999362000564
1572,0.00013722711159795743
1574,0.00013180259925232122
1576,0.00012667766039009526
1578,0.00012183429654675978
1580,0.00011725536837835823
1582,0.00011292462765319513
1584,0.0001088267268161002
1586,0.00010494721174403189
1588,0.00010127250217847033
1590,0.00009778986338289013
1592,0.00009448737180644547
1594,0.00009135387691247928
1596,0.00008837896082922404
1598,0.00008555289707935348
1600,0.00008286660932687075
1602,0.00008031163082887416
1604,0.00007788006508317574
1606,0.00007556454800990266
1608,0.00007335821188732345
1610,0.00007125465117205807
1612,0.00006924789026575494
1614,0.00006733235323957256
1616,0.00006550283549063274
1618,0.00006375447727801877
1620,0.00006208273906748426
1622,0.0000604833786019245
1624,0.000058952429607344044
1626,0.00005748618204035538
1628,0.000056081163782238525
1630,0.00005473412368556213
1632,0.00005344201588175109
1634,0.000052201985261352305
1636,0.000051011354042768576
1638,0.00004986760934964534
1640,0.00004876839172171932
1642,0.00004771148448862722
1644,0.00004669480394082421
1646,0.000045716390236301824
1648,0.00004477439898617003
1650,0.00004386709346634494
1652,0.000042992837406540694
1654,0.00004215008831149011
1656,0.000041337391272809014
1658,0.00004055337323317736
1660,0.000039796737667538845
1662,0.00003906625964883122
1664,0.000038360781268358484
1666,0.00003767920738331797
1668,0.000037020501666208786
1670,0.00003638368293288751
1672,0.00003576782172791246
1674,0.00003517203714754211
1676,0.00003459549388233666
1678,0.000034037399462765545
1680,0.00003349700169255767
1682,0.000032973586255754775
1684,0.00003246647448455082
1686,0.00003197502127602905
1688,0.000031498613146852764
1690,0.000031036666415830755
1692,0.000030588625505072095
1694,0.000030153961351173012
1696,0.000029732169918546135
1698,0.000029322770807615003
1700,0.000028925305951159032
1702,0.000028539338392610095
1704,0.000028164451140575933
1706,0.000027800246094300586
1708,0.000027446343035172324
1710,0.000027102378679756872
1712,0.00002676800579017196
1714,0.000026442892337929946
1716,0.000026126720717661624
1718,0.000025819187007397514
1720,0.00002552000027232567
1722,0.00002522888190916848
1724,0.00002494556502852708
1726,0.00002466979387273185
1728,0.000024401323266912956
1730,0.000024139918101166483
1732,0.000023885352841841383
1734,0.000023637411070110193
1736,0.000023395885046114476
1738,0.000023160575297093386
1740,0.000022931290228013363
1742,0.00002270784575331782
1744,0.000022490064948509105
1746,0.000022277777720361832
1748,0.000022070820494646977
1750,0.000021869035920320453
1752,0.000021672272589199248
1754,0.000021480384770211922
1756,0.00002129323215737022
1758,0.000021110679630663538
1760,0.000020932597029129536
1762,0.000020758858935401917
1764,0.00002058934447108082
1766,0.00002042393710231272
1768,0.00002026252445500512
1770,0.00002010499813913727
1772,0.000019951253581661514
1774,0.000019801189867521074
1776,0.000019654709588339047
1778,0.00001951171869836056
1780,0.00001937212637725535
1782,0.000019235844899411567
1784,0.00001910278950937371
1786,0.000018972878303098305
1788,0.000018846032114720038
1790,0.000018722174408539302
1792,0.000018601231175958805
1794,0.00001848313083711276
1796,0.000018367804146946997
1798,0.000018255184105522118
1800,0.000018145205872324844
1802,0.000018037806684384832
1804,0.000017932925778005753
1806,0.000017830504313929942
1808,0.000017730485305766247
1810,0.00001763281355151981
1812,0.000017537435568071694
1814,0.000017444299528464458
1816,0.000017353355201857424
1818,0.000017264553896023197
1820,0.00001717784840226336
1822,0.00001709319294262831
1824,0.000017010543119331845
1826,0.000016929855866257338
1828,0.000016851089402457373
1830,0.00001677420318755408
1832,0.000016699157878952198
1834,0.00001662591529078134
1836,0.000016554438354488356
1838,0.00001648469108100464
1840,0.000016416638524417097
1842,0.000016350246747075088
1844,0.00001628548278606905
1846,0.00001622231462101978
1848,0.000016160711143120246
1850,0.000016100642125374864
1852,0.000016042078193983833
1854,0.00001598499080082249
1856,0.000015929352196968427
1858,0.00001587513540723118
1860,0.000015822314205641416
1862,0.00001577086309185888
1864,0.000015720757268460072
1866,0.000015671972619068502
1868,0.000015624485687292286
1870,0.000015578273656435334
1872,0.00001553331432994999
1874,0.00001548958611260058
1876,0.000015447067992308618
1878,0.00001540573952265182
1880,0.000015365580805990365
1882,0.000015326572477195008
1884,0.00001528869568795288
1886,0.000015251932091627797
1888,0.00001521626382865303
1890,0.000015181673512435428
1892,0.000015148144215750747
1894,0.000015115659457610928
1896,0.000015084203190584865
1898,0.000015053759788555144
1900,0.00001502431403489382
1902,0.00001499585111104119
1904,0.000014968356585472136
1906,0.000014941816403035293
1908,0.000014916216874650902
1910,0.000014891544667353903
1912,0.000014867786794669269
1914,0.000014844930607307197
1916,0.000014822963784166329
1918,0.000014801874323633597
1920,0.000014781650535169786
1922,0.000014762281031170405
1924,0.00001474375471909183
1926,0.000014726060793833107
1928,0.00001470918873036425
1930,0.000014693128276592154
1932,0.000014677869446455665
1934,0.000014663402513241703
1936,0.0000146497180031146
1938,0.000014636806688851193
1940,0.000014624659583774432
1942,0.000014613267935878658
1944,0.000014602623222139917
1946,0.000014592717143004854
1948,0.000014583541617052181
1950,0.000014575088775820783
1952,0.000014567350958798793
1954,0.000014560320708568246
1956,0.00001455399076610009
1958,0.00001454835406619448
1960,0.00001454340373306159
1962,0.000014539133076038283
1964,0.000014535535585436126
1966,0.000014532604928516544
1968,0.000014530334945588887
1970,0.000014528719646227494
1972,0.000014527753205603885
1974,0.000014527429960930432
1976,0.000014527744408011922
1978,0.000014528691197901629
1980,0.000014530265133658578
1982,0.000014532461167202849
1984,0.000014535274396265872
1986,0.000014538700061432744
1988,0.000014542733543273758
1990,0.000014547370359562446
1992,0.000014552606162577418
1994,0.000014558436736485538
1996,0.000014564857994803977
1998,0.000014571865977938767
2000,0.000014579456850797598
2002,0.000014587626900474663
2004,0.000014596372534005453
2006,0.000014605690276189433
2008,0.000014615576767478692
2010,0.000014626028761930607
2012,0.000014637043125222723
2014,0.000014648616832728112
2016,0.000014660746967649462
2018,0.000014673430719210295
2020,0.00001468666538090168
2022,0.000014700448348783004
2024,0.00001471477711983521
2026,0.000014729649290365188
2028,0.000014745062554459846
2030,0.00001476101470248864
2032,0.000014777503619653202
2034,0.00001479452728458284
2036,0.000014812083767974787
2038,0.000014830171231277965
2040,0.000014848787925419196
2042,0.000014867932189570786
2044,0.000014887602449958452
2046,0.000014907797218708562
2048,0.000014928515092733772
2050,0.000014949754752656094
2052,0.00001497151496176652
2054,0.000014993794565020306
2056,0.000015016592488067134
2058,0.00001503990773631527
2060,0.000015063739394029032
2062,0.000015088086623458716
2064,0.000015112948664002351
2066,0.000015138324831398521
2068,0.000015164214516949598
2070,0.000015190617186774752
2072,0.000015217532381092095
2074,0.000015244959713529362
2076,0.000015272898870462538
2078,0.000015301349610381906
2080,0.000015330311763284897
2082,0.000015359785230095342
2084,0.000015389769982108493
2086,0.000015420266060461472
2088,0.000015451273575628512
2090,0.000015482792706940743
2092,0.000015514823702129932
2094,0.00001554736687689584
2096,0.000015580422614496807
2098,0.000015613991365363154
2100,0.00001564807364673304
2102,0.000015682670042310474
2104,0.000015717781201945077
2106,0.00001575340784133331
2108,0.0000157895507417409
2110,0.00001582621074974606
2112,0.000015863388777003382
2114,0.000015901085800027963
2116,0.00001593930285999969
2118,0.000015978041062587235
2120,0.000016017301577791778
2122,0.000016057085639809984
2124,0.00001609739454691623
2126,0.000016138229661363803
2128,0.000016179592409304824
2130,0.000016221484280728887
2132,0.00001626390682942007
2134,0.000016306861672932302
2136,0.000016350350492582888
2138,0.000016394375033464014
2140,0.000016438937104472238
2142,0.000016484038578355706
2144,0.000016529681391779125
2146,0.00001657586754540625
2148,0.000016622599103999982
2150,0.00001666987819653985
2152,0.000016717707016356853
2154,0.000016766087821285653
2156,0.00001681502293383404
2158,0.000016864514741369588
2160,0.00001691456569632353
2162,0.000016965178316411808
2164,0.000017016355184873285
2166,0.000017068098950725072
2168,0.00001712041232903509
2170,0.000017173298101211718
2172,0.00001722675911531066
2174,0.000017280798286359048
2176,0.000017335418596696743
2178,0.000017390623096334957
2180,0.000017446414903332227
2182,0.000017502797204187754
2184,0.00001755977325425225
2186,0.00001761734637815631
2188,0.000017675519970256386
2190,0.000017734297495098543
2192,0.000017793682487899983
2194,0.000017853678555048484
2196,0.000017914289374619954
2198,0.00001797551869691406
2200,0.00001803737034500822
2202,0.00001809984821533
2204,0.000018162956278248096
2206,0.000018226698578682092
2208,0.000018291079236731076
2210,0.00001835610244832138
2212,0.000018421772485873556
2214,0.000018488093698988818
2216,0.00001855507051515513
2218,0.00001862270744047315
2220,0.000018691009060402274
2222,0.000018759980040526954
2224,0.00001882962512734356
2226,0.000018899949149068026
2228,0.000018970957016464556
2230,0.000019042653723695563
2232,0.00001911504434919323
2234,0.0000191881340565529
2236,0.000019261928095448635
2238,0.000019336431802571153
2240,0.000019411650602588565
2242,0.0000194875900091302
2244,0.000019564255625793808
2246,0.000019641653147176505
2248,0.000019719788359929847
2250,0.000019798667143839378
2252,0.000019878295472928983
2254,0.000019958679416590504
2256,0.000020039825140738965
2258,0.000020121738908993876
2260,0.000020204427083886944
2262,0.000020287896128096727
2264,0.000020372152605710597
2266,0.000020457203183514556
2268,0.000020543054632311292
2270,0.000020629713828267013
2272,0.000020717187754287552
2274,0.000020805483501424266
2276,0.000020894608270310206
2278,0.00002098456937262722
2280,0.00002107537423260437
2282,0.000021167030388548404
2284,0.00002125954549440682
2286,0.00002135292732136404
2288,0.00002144718375947145
2290,0.000021542322819311872
2292,0.000021638352633699126
2294,0.00002173528145941337
2296,0.000021833117678972892
2298,0.000021931869802443118
2300,0.00002203154646928347
2302,0.00002213215645023292
2304,0.00002223370864923494
2306,0.000022336212105402684
2308,0.00002243967599502516
2310,0.000022544109633615283
2312,0.000022649522478000612
2314,0.000022755924128457692
2316,0.00002286332433089082
2318,0.000022971732979056266
2320,0.000023081160116832873
2322,0.000023191615940539826
2324,0.00002330311080130295
2326,0.000023415655207470187
2328,0.000023529259827077532
2330,0.000023643935490366446
2332,0.000023759693192353843
2334,0.000023876544095455776
2336,0.00002399449953216604
2338,0.000024113571007790863
2340,0.00002423377020324086
2342,0.000024355108977881633
2344,0.000024477599372444227
2346,0.000024601253611996747
2348,0.000024726084108978615
2350,0.000024852103466298804
2352,0.000024979324480499398
2354,0.000025107760144986214
2356,0.000025237423653327703
2358,0.00002536832840262391
2360,0.000025500487996947
2362,0.000025633916250855024
2364,0.00002576862719298063
2366,0.000025904635069696397
2368,0.000026041954348858657
2370,0.000026180599723631582
2372,0.000026320586116393482
2374,0.00002646192868272714
2376,0.000026604642815496295
2378,0.00002674874414901027
2380,0.000026894248563278796
2382,0.00002704117218835928
2384,0.000027189531408798686
2386,0.00002733934286817229
2388,0.00002749062347372173
2390,0.000027643390401094644
2392,0.00002779766109918853
2394,0.000027953453295101197
2396,0.00002811078499919063
2398,0.0000282696745102467
2400,0.00002843014042077779
2402,0.000028592201622414958
2404,0.000028755877311436665
2406,0.000028921186994417058
2408,0.00002908815049400095
2410,0.000029256787954808554
2412,0.000029427119849473537
2414,0.00002959916698481736
2416,0.00002977295050816379
2418,0.00002994849191379688
2420,0.00003012581304956623
2422,0.000030304936123643287
2424,0.000030485883711432512
2426,0.000030668678762641645
2428,0.000030853344608514905
2430,0.000031039904969233596
2432,0.00003122838396148845
2434,0.00003141880610622821
2436,0.000031611196336589056
2438,0.00003180558000600975
2440,0.00003200198289653741
2442,0.00003220043122732892
2444,0.00003240095166335336
2446,0.000032603571324300626
2448,0.00003280831779370212
2450,0.000033015219128268904
2452,0.00003322430386745349
2454,0.00003343560104324116
2456,0.000033649140190177246
2458,0.00003386495135563679
2460,0.000034083065110343195
2462,0.000034303512559142814
2464,0.00003452632535204265
2466,0.00003475153569551825
2468,0.000034979176364099714
2470,0.00003520928071224318
2472,0.0000354418826864962
2474,0.000035677016837965176
2476,0.00003591471833509319
2478,0.0000361550229767576
2480,0.00003639796720569589
2482,0.000036643588122269683
2484,0.00003689192349857649
2486,0.00003714301179291903
2488,0.000037396892164642957
2490,0.0000376536044893531
2492,0.00003791318937451992
2494,0.00003817568817548706
2496,0.00003844114301189222
2498,0.00003870959678451323
2500,0.00003898109319255221
2502,0.00003925567675137069
2504,0.00003953339281068917
2506,0.000039814287573265116
2508,0.00004009840811406379
2510,0.000040385802399936765
2512,0.00004067651930982354
2514,0.0000409706086554922
2516,0.000041268121202835635
2518,0.00004156910869374038
2520,0.00004187362386854551
2522,0.000042181720489110276
2524,0.00004249345336250892
2526,0.0000428088783653726
2528,0.000043128052468898405
2530,0.0000434510337645467
2532,0.000043777881490448205
2534,0.00004410865605854367
2536,0.00004444341908247909
2538,0.00004478223340628089
2540,0.00004512516313383588
2542,0.00004547227365920207
2544,0.000045823631697777046
2546,0.00004617930531835197
2548,0.000046539363976079754
2550,0.000046903878546387794
2552,0.000047272921359865787
2554,0.00004764656623816131
2556,0.000048024888530916235
2558,0.00004840796515377878
2560,0.000048795874627527185
2562,0.00004918869711834215
2564,0.00004958651447926706
2566,0.000049989410292895936
2568,0.000050397469915331045
2570,0.000050810780521453516
2572,0.00005122943115155178
2574,0.000051653512759355085
2576,0.00005208311826152021
2578,0.00005251834258862202
2580,0.00005295928273770084
2582,0.00005340603782642028
2584,0.00005385870914889319
2586,0.00005431740023323416
2588,0.00005478221690090012
2590,0.000055253267327882935
2592,0.000055730662107820194
2594,0.00005621451431709343
2596,0.00005670493958198578
2598,0.00005720205614797366
2600,0.000057705984951230694
2602,0.00005821684969242473
2604,0.00005873477691289286
2606,0.00005925989607328214
2608,0.00005979233963474787
2610,0.00006033224314280512
2612,0.00006087974531393301
2614,0.0000614349881250357
2616,0.00006199811690586831
2618,0.00006256928043454083
2620,0.0000631486310362177
2622,0.00006373632468513632
2624,0.00006433252111007207
2626,0.00006493738390338465
2628,0.00006555108063378465
2630,0.00006617378296296685
2632,0.00006680566676626238
2634,0.00006744691225746914
2636,0.0000680977041180266
2638,0.00006875823163070898
2640,0.0000694286888180186
2642,0.00007010927458546908
2644,0.00007080019286995738
2646,0.00007150165279343223
2648,0.00007221386882207664
2650,0.00007293706093123147
2652,0.00007367145477629882
2654,0.00007441728186987408
2656,0.00007517477976536772
2658,0.0000759441922473905
2660,0.00007672576952918824
2662,0.0000775197684574266
2664,0.0000783264527246403
2666,0.00007914609308967672
2668,0.0000799789676064801
2670,0.0000808253618615786
2672,0.00008168556922065569
2674,0.00008255989108460489
2676,0.00008344863715548773
2678,0.000084352125712835
2680,0.00008527068390075447
2682,0.00008620464802633038
2684,0.00008715436386982625
2686,0.0000881201870072273
2688,0.0000891024831456873
2690,0.00009010162847247352
2692,0.00009111801001803453
2694,0.00009215202603384794
2696,0.00009320408638574015
2698,0.00009427461296340716
2700,0.0000953640401069027
2702,0.00009647281505090339
2704,0.0000976013983876023
2706,0.00009875026454912958
2708,0.00009991990231044671
2710,0.00010111081531371454
2712,0.00010232352261518874
2714,0.00010355855925575577
2716,0.00010481647685628446
2718,0.00010609784423903415
2720,0.00010740324807643082
2722,0.00010873329356859691
2724,0.00011008860515109981
2726,0.00011146982723446905
2728,0.00011287762497712116
2730,0.00011431268509342712
2732,0.00011577571669875955
2734,0.00011726745219346444
2736,0.00011878864818781876
2738,0.00012034008647015759
2740,0.0001219225750204868
2742,0.00012353694907203712
2744,0.00012518407222336506
2746,0.00012686483760376643
2748,0.00012858016909493938
2750,0.00013033102261201499
2752,0.00013211838744727085
2754,0.00013394328768005038
2756,0.00013580678365663362
2758,0.0001377099735440473
2760,0.00013965399496205426
2762,0.0001416400266978399
2764,0.0001436692905082063
2766,0.00014574305301440026
2768,0.00014786262769504008
2770,0.0001500293769829699
2772,0.00015224471447225886
2774,0.00015451010724198432
2776,0.0001568270783038852
2778,0.00015919720918145962
2780,0.00016162214262859886
2782,0.00016410358549641228
2784,0.00016664331175750128
2786,0.0001692431656975899
2788,0.00017190506528512155
2790,0.0001746310057301866
2792,0.00017742306324495976
2794,0.00018028339901870837
2796,0.00018321426342137937
2798,0.00018621800045080062
2800,0.00018929705243964112
2802,0.00019245396503947133
2804,0.00019569139250056393
2806,0.00019901210326747694
2808,0.0002024189859119798
2810,0.0002059150554265303
2812,0.000209503459903291
2814,0.0002131874876256077
2816,0.00021697057460096818
2818,0.00022085631256673442
2820,0.00022484845750240858
2822,0.00022895093868487452
2824,0.0002331678683259678
2826,0.00023750355183488925
2828,0.00024196249875141872
2830,0.00024654943439962086
2832,0.00025126931231580417
2834,0.0002561273275089167
2836,0.00026112893061637564
2838,0.0002662798430235668
2840,0.00027158607302095255
2842,0.00027705393307893273
2844,0.00028269005832736046
2846,0.0002885014263339705
2848,0.0002944953782839797
2850,0.00030067964167183604
2852,0.0003070623546255615
2854,0.00031365209199444503
2856,0.0003204578933420359
2858,0.00032748929299855124
2860,0.0003347563523400083
2862,0.0003422696944756948
2864,0.0003500405415410701
2866,0.00035808075480992397
2868,0.0003664028778576602
2870,0.0003750201830269865
2872,0.00038394672146811927
2874,0.00039319737704787184
2876,0.00040278792444569625
2878,0.0004127350917798353
2880,0.0004230566281331336
2882,0.00043377137637559535
2884,0.00044489935170920073
2886,0.0004564618263894596
2888,0.0004684814211071542
2890,0.0004809822035420107
2892,0.0004939897946266641
2894,0.0005075314830829942
2896,0.0005216363488119974
2898,0.0005363353957306694
2900,0.0005516616946520476
2902,0.0005676505367939983
2904,0.0005843395984738792
2906,0.0006017691174940412
2908,0.0006199820816398272
2910,0.0006390244295880891
2912,0.0006589452643487719
2914,0.0006797970791206098
2916,0.0007016359951170946
2918,0.0007245220104894638
2920,0.000748519258914168
2922,0.0007736962756929793
2924,0.0008001262682994035
2926,0.0008278873871549995
2928,0.0008570629909885265
2930,0.000887741899370844
2932,0.0009200186228791957
2934,0.0009539935587784238
2936,0.0009897731370746715
2938,0.0010274698982771168
2940,0.0010672024802017067
2942,0.0011090954867176335
2944,0.0011532792065831793
2946,0.001199889145632552
2948,0.0012490653308440767
2950,0.0013009513406287887
2952,0.0013556930125042284
2954,0.001413436777691011
2956,0.0014743275725967327
2958,0.0015385062800015946
2960,0.0016061066581174674
2962,0.001677251723219581
2964,0.0017520495604252946
2966,0.001830588546219448
2968,0.0019129319743100802
2970,0.0019991120828673193
2972,0.0020891234873629933
2974,0.0021829160329709567
2976,0.0022803871009484463
2978,0.0023813734447018114
2980,0.0024856427048871458
2982,0.002592884869080006
2984,0.002702704105319291
2986,0.0028146116060233824
2988,0.0029280203123221225
2990,0.003042242616381544
2992,0.003156492313240426
2994,0.0032698921351951397
2996,0.0033814880897106467
2998,0.003490271486454354
3000,0.00359520895824937
3002,0.0036952799746416817
3004,0.0037895203856139537
3006,0.003877069534422912
3008,0.003957217593004025
3010,0.004029449159474656
3012,0.004093478952419344
3014,0.004149275729508989
3016,0.004197071367974071
3018,0.004237353311415757
3020,0.004270840173150565
3022,0.004298441988573537
3024,0.004321208190396535
3026,0.004340267610134139
3028,0.0043567655101068945
3030,0.004371802738916362
3032,0.004386381604326086
3034,0.004401362086884977
3036,0.00441743074207495
3038,0.004435083228297275
3040,0.004454619994074728
3042,0.004476153368263246
3044,0.00449962321464196
3046,0.004524817539986736
3048,0.004551394105827124
3050,0.0045788993116721195
3052,0.0046067814652592555
3054,0.004634396998532565
3056,0.004661010044639854
3058,0.00468578773957616
3060,0.004707795250882698
3062,0.004725995479653969
3064,0.004739258360103547
3066,0.0047463836073134095
3068,0.004746138764413249
3070,0.004737311795380552
3072,0.004718774720278821
3074,0.00468955241854728
3076,0.004648889216281436
3078,0.004596305561917989
3080,0.004531638080622558
3082,0.004455058401544474
3084,0.004367068948891883
3086,0.004268476814576789
3088,0.004160349336911817
3090,0.004043956699936551
3092,0.0039207075792028504
3094,0.0037920836628853537
3096,0.003659578005054145
3098,0.0035246409166027944
3100,0.0033886357398804825
3102,0.0032528055832958458
3104,0.0031182510274080344
3106,0.0029859180034093233
3108,0.002856594494298844
3110,0.0027309143992495957
3112,0.0026093667989951796
3114,0.002492308922010553
3116,0.002379981290832425
3118,0.0022725237782088513
3120,0.00216999158189556
3122,0.002072370401367935
3124,0.0019795903463485634
3126,0.001891538312853584
3128,0.0018080687229264894
3130,0.001729012640990243
3132,0.0016541853581883274
3134,0.0015833925833105098
3136,0.0015164354022855768
3138,0.0014531141745119734
3140,0.0013932315291444195
3142,0.001336594612302393
3144,0.0012830167203084209
3146,0.0012323184368101389
3148,0.0011843283745136596
3150,0.001138883606186652
3152,0.0010958298550804162
3154,0.0010550215021814437
3156,0.0010163214567552822
3158,0.0009796009273952194
3160,0.0009447391230794411
3162,0.000911622907390067
3164,0.0008801464238682014
3166,0.0008502107062921234
3168,0.0008217232843080119
3170,0.0007945977921703655
3172,0.0007687535862384001
3174,0.0007441153752199038
3176,0.0007206128658671893
3178,0.0006981804258379564
3180,0.000676756764677208
3182,0.0006562846333060749
3184,0.000636710541980047
3186,0.0006179844963708789
3188,0.0006000597512079065
3190,0.000582892580765356
3192,0.0005664420653863419
3194,0.0005506698931788729
3196,0.0005355401759942923
3198,0.0005210192787962829
3200,0.0005070756615427382
3202,0.0004936797327286728
3204,0.00048080371377222467
3206,0.0004684215134648982
3208,0.00045650861174934123
3210,0.0004450419521315605
3212,0.0004339998420783443
3214,0.0004233618607939259
3216,0.00041310877381195606
3218,0.0004032224538792428
3220,0.00039368580764617814
3222,0.0003844827077151393
3224,0.00037559792963235273
3226,0.0003670170934407125
3228,0.00035872660944089133
3230,0.00035071362783581724
3232,0.0003429659919593125
3234,0.0003354721948134767
3236,0.0003282213386613732
3238,0.00032120309744183763
3240,0.0003144076817918887
3242,0.0003078258064793961
3244,0.00030144866006444733
3246,0.0002952678766223638
3248,0.00028927550937463955
3250,0.0002834640060863121
3252,0.0002778261860994984
3254,0.00027235521888313493
3256,0.00026704460398841633
3258,0.00026188815230810064
3260,0.00025687996854581257
3262,0.0002520144348087797
3264,0.0002472861952441468
3266,0.00024269014164516407
3268,0.00023822139995920467
3270,0.0002338753176347536
3272,0.00022964745174928377
3274,0.0002255335578643182
3276,0.0002215295795580064
3278,0.0002176316385892533
3280,0.0002138360256508437
3282,0.00021013919167214932
3284,0.00020653773963489144
3286,0.0002030284168680955
3288,0.000199608107790826
3290,0.00019627382707355204
3292,0.00019302271319107805
3294,0.0001898520223418996
3296,0.00018675912271061927
3298,0.00018374148905169895
3300,0.00018079669757433954
3302,0.0001779224211096809
3304,0.00017511642454280923
3306,0.00017237656049325914
3308,0.00016970076522880603
3310,0.00016708705479837255
3312,0.00016453352137082435
3314,0.00016203832976731297
3316,0.00015959971417564211
3318,0.0001572159750358926
3320,0.0001548854760872452
3322,0.00015260664156659638
3324,0.0001503779535501681
3326,0.00014819794942987947
3328,0.00014606521951677235
3330,0.00014397840476427202
3332,0.00014193619460451865
3334,0.00013993732489143016
3336,0.00013798057594454943
3338,0.00013606477068809833
3340,0.0001341887728800029
3342,0.00013235148542597416
3344,0.0001305518487740268
3346,0.0001287888393850978
3348,0.0001270614682756849
3350,0.00012536877962867037
3352,0.00012370984946872133
3354,0.0001220837843988694
3356,0.00012048972039507364
3358,0.00011892682165575413
3360,0.00011739427950345915
3362,0.00011589131133599101
3364,0.00011441715962446925
3366,0.0001129710909559524
3368,0.00011155239511837368
3370,0.00011016038422567228
3372,0.0001087943918811202
3374,0.00010745377237695469
3376,0.00010613789992853128
3378,0.00010484616794131007
3380,0.00010357798830907945
3382,0.0001023327907419084
3384,0.00010111002212239944
3386,0.00009990914588889117
3388,0.00009872964144433054
3390,0.00009757100358960353
3392,0.00009643274198017661
3394,0.00009531438060496077
3396,0.00009421545728636704
3398,0.00009313552320057636
3400,0.00009207414241709591
3402,0.00009103089145672166
3404,0.00009000535886707327
3406,0.00008899714481490702
3408,0.00008800586069445533
3410,0.00008703112875107657
3412,0.00008607258171953642
3414,0.00008512986247627477
3416,0.00008420262370504379
3418,0.0000832905275753341
3420,0.0000823932454330326
3422,0.00008151045750278462
3424,0.00008064185260155647
3426,0.00007978712786292034
3428,0.00007894598847160513
3430,0.00007811814740787929
3432,0.00007730332520135172
3434,0.00007650124969379662
3436,0.00007571165581062637
3438,0.00007493428534065415
3440,0.00007416888672380468
3442,0.00007341521484644688
3444,0.00007267303084403768
3446,0.00007194210191077997
3448,0.00007122220111601145
3450,0.00007051310722705363
3452,0.00006981460453826304
3454,0.00006912648270603705
3456,0.00006844853658953934
3458,0.00006778056609691903
3460,0.00006712237603680807
3462,0.00006647377597489123
3464,0.00006583458009535121
3466,0.00006520460706700084
3468,0.00006458367991392186
3470,0.00006397162589043753
3472,0.0000633682763602546
3474,0.00006277346667961562
3476,0.00006218703608431116
3478,0.00006160882758040607
3480,0.00006103868783854134
3482,0.00006047646709167869
3484,0.000059922019036159645
3486,0.00005937520073595756
3488,0.000058835872530004995
3490,0.000058303897942484075
3492,0.00005777914359597221
3494,0.00005726147912733966
3496,0.00005675077710629973
3498,0.00005624691295651638
3500,0.000055749764879178086
3502,0.00005525921377894977
3504,0.00005477514319221918
3506,0.00005429743921755624
3508,0.000053825990448308114
3510,0.00005336068790725512
3512,0.00005290142498325585
3514,0.000052448097369812534
3516,0.0000520006030054905
3518,0.00005155884201612787
3520,0.00005112271665877444
3522,0.00005069213126730073
3524,0.000050266992199620644
3526,0.00004984720778647313
3528,0.00004943268828171056
3530,0.000049023345814043255
3532,0.000048619094340191634
3534,0.00004821984959939928
3536,0.00004782552906926192
3538,0.00004743605192282876
3540,0.00004705133898693481
3542,0.000046671312701723714
3544,0.000046295897081322404
3546,0.000045925017675630306
3548,0.00004555860153318716
3550,0.000045196577165084605
3552,0.00004483887450988839
3554,0.00004448542489953872
3556,0.00004413616102619784
3558,0.00004379101691001487
3560,0.0000434499278677789
3562,0.000043112830482432596
3564,0.000042779662573419346
3566,0.00004245036316783788
3568,0.00004212487247237966
3570,0.0000418031318460244
3572,0.000041485083773470786
3574,0.000041170671839279515
3576,0.00004085984070270722
3578,0.00004055253607320999
3580,0.00004024870468659631
3582,0.00003994829428180984
3584,0.00003965125357832301
3586,0.00003935753225412316
3588,0.0000390670809242735
3590,0.00003877985112003192
3592,0.00003849579526851089
3594,0.0000382148666728627
3596,0.00003793701949297439
3598,0.00003766220872665765
3600,0.000037390390191318986
3602,0.00003712152050609643
3604,0.00003685555707444903
3606,0.000036592458067186224
3608,0.00003633218240592437
3610,0.00003607468974695812
3612,0.00003581994046553492
3614,0.000035567895640521106
3616,0.00003531851703944827
3618,0.00003507176710392962
3620,0.00003482760893543541
3622,0.000034586006281417685
3624,0.000034346923521774434
3626,0.00003411032565564374
3628,0.00003387617828851865
3630,0.0000336444476196742
3632,0.00003341510042989745
3634,0.00003318810406951277
3636,0.00003296342644669391
3638,0.00003274103601605517
3640,0.00003252090176751403
3642,0.00003230299321541788
3644,0.00003208728038792781
3646,0.00003187373381665238
3648,0.00003166232452652476
3650,0.0000314530240259167
3652,0.000031245804296983015
3654,0.00003104063778623049
3656,0.00003083749739530522
3658,0.00003063635647199257
3660,0.00003043718880142439
3662,0.000030239968597487708
3664,0.00003004467049442987
3666,0.000029851269538655023
3668,0.000029659741180706773
3670,0.000029470061267432433
3672,0.000029282206034324003
3674,0.000029096152098031412
3676,0.000028911876449043635
3678,0.0000287293564445333
3680,0.000028548569801360695
3682,0.000028369494589233168
3684,0.000028192109224015805
3686,0.00002801639246118983
3688,0.00002784232338945477
3690,0.000027669881424470963
3692,0.00002749904630273877
3694,0.000027329798075611136
3696,0.00002716211710343628
3698,0.000026995984049827093
3700,0.000026831379876054276
3702,0.000026668285835560146
3704,0.000026506683468590094
3706,0.000026346554596938894
3708,0.000026187881318808956
3710,0.000026030646003777937
3712,0.000025874831287872983
3714,0.000025720420068748948
3716,0.000025567395500968328
3718,0.000025415740991380142
3720,0.00002526544019459572
3722,0.000025116477008558776
3724,0.00002496883557020781
3726,0.000024822500251228395
3728,0.000024677455653893446
3730,0.00002453368660698916
3732,0.0000243911781618249
3734,0.000024249915588324715
3736,0.00002410988437119896
3738,0.00002397107020619378
3740,0.00002383345899641694
3742,0.000023697036848738098
3744,0.000023561790070261754
3746,0.000023427705164871355
3748,0.000023294768829842788
3750,0.000023162967952525708
3752,0.00002303228960709118
3754,0.00002290272105134409
3756,0.000022774249723598905
3758,0.000022646863239617236
3760,0.00002252054938960596
3762,0.00002239529613527441
3764,0.000022271091606949386
3766,0.000022147924100746645
3768,0.000022025782075797637
3770,0.000021904654151530235
3772,0.000021784529105002287
3774,0.000021665395868286787
3776,0.00002154724352590756
3778,0.00002143006131232433
3780,0.000021313838609466064
3782,0.0000211985649443116
3784,0.000021084229986516437
3786,0.00002097082354608478
3788,0.000020858335571085763
3790,0.000020746756145412974
3792,0.000020636075486586275
3794,0.000020526283943595056
3796,0.000020417371994782022
3798,0.000020309330245766658
3800,0.00002020214942740742
3802,0.00002009582039380205
3804,0.000019990334120324913
3806,0.00001988568170170086
3808,0.00001978185435011463
3810,0.00001967884339335512
3812,0.000019576640272993848
3814,0.000019475236542596768
3816,0.00001937462386596885
3818,0.000019274794015430654
3820,0.000019175738870126342
3822,0.000019077450414362346
3824,0.000018979920735976126
3826,0.000018883142024734416
3828,0.000018787106570760326
3830,0.000018691806762988664
3832,0.000018597235087648995
3834,0.000018503384126775766
3836,0.00001841024655674504
3838,0.00001831781514683721
3840,0.000018226082757825262
3842,0.00001813504234058796
3844,0.000018044686934747534
3846,0.0000179550096673314
3848,0.00001786600375145725
3850,0.000017777662485041356
3852,0.00001768997924952924
3854,0.000017602947508648668
3856,0.000017516560807184162
3858,0.00001743081276977286
3860,0.00001734569709972116
3862,0.000017261207577841824
3864,0.000017177338061311046
3866,0.000017094082482545204
3868,0.0000170114348480968
3870,0.00001692938923756931
3872,0.000016847939802550502
3874,0.000016767080765563885
3876,0.00001668680641903799
3878,0.000016607111124293034
3880,0.000016527989310544726
3882,0.000016449435473924845
3884,0.00001637144417651825
3886,0.000016294010045416047
3888,0.0000162171277717846
3890,0.000016140792109950028
3892,0.000016064997876497962
3894,0.000015989739949388267
3896,0.00001591501326708435
3898,0.000015840812827696946
3900,0.000015767133688141944
3902,0.00001569397096331209
3904,0.000015621319825262277
3906,0.000015549175502408172
3908,0.0000154775332787379
3910,0.000015406388493036597
3912,0.00001533573653812356
3914,0.000015265572860101763
3916,0.000015195892957619493
3918,0.000015126692381143942
3920,0.000015057966732246452
3922,0.000014989711662899272
3924,0.000014921922874783577
3926,0.000014854596118608539
3928,0.000014787727193441283
3930,0.000014721311946047496
3932,0.000014655346270242503
3934,0.000014589826106252633
3936,0.00001452474744008668
3938,0.00001446010630291728
3940,0.000014395898770472016
3942,0.000014332120962434098
3944,0.000014268769041852404
3946,0.00001420583921456078
3948,0.000014143327728606368
3950,0.000014081230873686857
3952,0.000014019544980596432
3954,0.00001395826642068035
3956,0.000013897391605297927
3958,0.0000138369169852938
3960,0.000013776839050477345
3962,0.000013717154329110075
3964,0.000013657859387400898
3966,0.000013598950829009095
3968,0.000013540425294554876
3970,0.00001348227946113739
3972,0.000013424510041860039
3974,0.000013367113785363014
3976,0.000013310087475362907
3978,0.000013253427930199195
3980,0.000013197132002387676
3982,0.000013141196578180488
3984,0.000013085618577132839
3986,0.000013030394951676113
3988,0.00001297552268669744
3990,0.00001292099879912548
3992,0.000012866820337522362
3994,0.0000128129843816817
3996,0.000012759488042232552
3998,0.000012706328460249215
4000,0.000012653502806866788
