500,7.7882842006898e-6
502,7.761686520414352e-6
504,7.735034718044044e-6
506,7.709329569472231e-6
508,7.685502769832064e-6
510,7.664396693292259e-6
512,7.646753610758034e-6
514,7.633212944041804e-6
516,7.624314783252163e-6
518,7.620507853819862e-6
520,7.62216028871733e-6
522,7.629571843767221e-6
524,7.642986513701121e-6
526,7.66260481279332e-6
528,7.688595247836491e-6
530,7.721104721412327e-6
532,7.760267759581221e-6
534,7.806214566328e-6
536,7.859077976110592e-6
538,7.918999414796151e-6
540,7.986133996362093e-6
542,8.06065488474987e-6
544,8.142757042372825e-6
546,8.232660472729503e-6
548,8.330613046871708e-6
550,8.436892983658337e-6
552,8.551811032579396e-6
554,8.675712385683647e-6
556,8.808978321590693e-6
558,8.952027559196419e-6
560,9.105317270723775e-6
562,9.269343672261966e-6
564,9.444642073746416e-6
566,9.63178622820141e-6
568,9.831386770660075e-6
570,0.000010044088479152011
572,0.0000102705660222892
574,0.000010511517779388961
576,0.000010767657229484627
578,0.000011039701305820288
580,0.00001132835500510099
582,0.000011634291431164216
584,0.000011958126350084756
586,0.000012300386252787063
588,0.000012661468884214136
590,0.000013041595236692116
592,0.000013440752162431252
594,0.000013858625091662326
596,0.000014294520915823693
598,0.00001474728198364966
600,0.000015215193432869393
602,0.000015695887790489244
604,0.000016186252918254764
606,0.00001668235186400933
608,0.000017179365774037353
610,0.000017671573315982078
612,0.000018152381448264453
614,0.00001861442207835034
616,0.000019049726362414752
618,0.000019449982473559376
620,0.0000198068734493902
622,0.000020112479869583563
624,0.000020359719254452542
626,0.000020542782767539
628,0.000020657523021252534
630,0.00002070174707794118
632,0.000020675377292059822
634,0.000020580458592237558
636,0.00002042101122497133
638,0.00002020274861262135
640,0.000019932696492316205
642,0.000019618758805192553
644,0.000019269276836162346
646,0.000018892621878400858
648,0.000018496850679927908
650,0.00001808944009499871
652,0.000017677105326834718
654,0.0000172656966475207
656,0.000016860163249497085
658,0.000016464569826821464
660,0.000016082150994639524
662,0.00001571538992123618
664,0.00001536610978632626
666,0.000015035569266056217
668,0.000014724555751374401
670,0.000014433472186783474
672,0.000014162415167503479
674,0.000013911243246152105
676,0.000013679635320853396
678,0.000013467139575015306
680,0.000013273213789252375
682,0.0000130972580160596
684,0.000012938640654528745
686,0.000012796718929831456
688,0.000012670854703027434
690,0.000012560426433954574
692,0.000012464838008875123
694,0.000012383525034863247
696,0.000012315959100258699
698,0.000012261650407764163
700,0.000012220149105052698
702,0.000012191045567162428
704,0.000012173969825064037
706,0.00001216859028504263
708,0.000012174611843539669
710,0.000012191773471817111
712,0.000012219845324707035
714,0.000012258625418870254
716,0.000012307935930079907
718,0.000012367619178207574
720,0.00001243753340506412
722,0.000012517548505723635
724,0.000012607541948501693
726,0.000012707395209314832
728,0.000012816991144716878
730,0.00001293621281974846
732,0.000013064944369300888
734,0.00001320307447537396
736,0.000013350502954529146
738,0.000013507150741669555
740,0.000013672973215752674
742,0.000013847976356909561
744,0.000014032234707976103
746,0.000014225909630124913
748,0.000014429266008504319
750,0.000014642685488335806
752,0.000014866674568058326
754,0.0000151018664307956
756,0.000015349016161243955
758,0.00001560898981268057
760,0.00001588274848392868
762,0.00001617132900307845
764,0.000016475822934682666
766,0.00001679735545741574
768,0.000017137065294114715
770,0.000017496086440826187
772,0.000017875532054876537
774,0.00001827648061071239
776,0.000018699964359453026
778,0.000019146960233893124
780,0.000019618383588431012
782,0.000020115085486151127
784,0.00002063785455058693
786,0.00002118742457392311
788,0.00002176448899031349
790,0.00002236972286153203
792,0.00002300381209691213
794,0.00002366748823151618
796,0.000024361565324017297
798,0.000025086973656444864
800,0.000025844783290605217
802,0.00002663620958014586
804,0.000027462592808570647
806,0.000028325345391436488
808,0.000029225862451156494
810,0.000030165394699722267
812,0.000031144885962143145
814,0.000032164780883719
816,0.0000332248111118877
818,0.00003432377050411286
820,0.00003545929186646553
822,0.000036627639609709564
824,0.000037823534624728657
826,0.00003904002943254996
828,0.00004026845268059649
830,0.000041498441423776575
832,0.00004271807629326269
834,0.000043914127769560035
836,0.000045072411145317774
838,0.00004617823427390569
840,0.00004721690803273991
842,0.0000481742778435395
844,0.0000490372291505205
846,0.00004979412311675568
848,0.00005043513143180771
850,0.00005095245858781019
852,0.00005134046123148597
854,0.000051595691058669676
856,0.000051716895045472306
858,0.0000517050024937525
860,0.00005156311424391432
862,0.000051296490659987024
864,0.00005091251825819983
866,0.0000504206258195802
868,0.00004983212231026878
870,0.00004915994012951558
872,0.00004841828433261743
874,0.00004762220636030695
876,0.00004678713469839397
878,0.00004592840181833339
880,0.00004506080602319524
882,0.00004419823974044741
884,0.000043353404839890835
886,0.0000425376234567154
888,0.000041760741859610547
890,0.00004103111658091729
892,0.000040355666886581875
894,0.000039739975552865486
896,0.00003918842022967997
898,0.00003870431962354012
900,0.00003829008157038461
902,0.000037947343182629525
904,0.000037677096232375975
906,0.00003747979354581373
908,0.00003735543435273503
910,0.000037303628280485856
912,0.00003732363907916829
914,0.000037414410305643815
916,0.000037574576153495616
918,0.000037802461431008015
920,0.0000380960753409385
922,0.00003845310412564038
924,0.00003887090767917762
926,0.00003934652474206216
928,0.000039876690157563636
930,0.00004045786584184326
932,0.0000410862847075921
934,0.00004175800405500839
936,0.00004246896231628358
938,0.00004321503097305034
940,0.00004399205235792202
942,0.000044795854143047185
944,0.00004562223268360275
946,0.000046466899997123694
948,0.00004732539298991515
950,0.000048192948570189514
952,0.00004906435438016788
954,0.0000499337915539156
956,0.00005079469213324277
958,0.00005163963798152048
960,0.00005246032844147012
962,0.000053247639182157615
964,0.000053991784314541406
966,0.000054682579100561195
968,0.000055309784210950696
970,0.00005586349836704002
972,0.000056334558247225085
974,0.000056714905382145665
976,0.00005699788958703667
978,0.00005717849455696749
980,0.000057253488556975226
982,0.0000572215159993088
984,0.0000570831499020467
986,0.00005684091972723714
988,0.00005649931655169061
990,0.00005606476329837371
992,0.00005554552785099884
994,0.0000549515555902495
996,0.000054294206240430935
998,0.000053585895410370086
1000,0.00005283965902124953
1002,0.00005206867370483274
1004,0.00005128577443576304
1006,0.00005050301080244934
1008,0.00004973127651553236
1010,0.000048980035652285115
1012,0.000048257156780165675
1014,0.000047568854945233406
1016,0.000046919732906098064
1018,0.000046312907185364176
1020,0.00004575020096855732
1022,0.00004523238378788021
1024,0.00004475943662976603
1026,0.00004433082039181971
1028,0.00004394572577139798
1030,0.000043603284288524913
1032,0.00004330272378941356
1034,0.00004304345760828018
1036,0.000042825104136800925
1038,0.000042647441835584484
1040,0.00004251031239389322
1042,0.0000424134905793595
1044,0.00004235654254307651
1046,0.000042338694770813553
1048,0.000042358733805853175
1050,0.000042414952866173976
1052,0.00004250515607962652
1054,0.000042626724656961494
1056,0.0000427767421928581
1058,0.00004295216877124801
1060,0.00004315004626584625
1062,0.000043367711157967564
1064,0.0000436029875995081
1066,0.00004385433352031292
1068,0.00004412091696865428
1070,0.000044402608289348545
1072,0.000044699884825274485
1074,0.000045013656419912306
1076,0.000045345029763021455
1078,0.00004569503575237632
1080,0.0000460643457987722
1082,0.000046453000850056466
1084,0.00004686017227893989
1086,0.00004728396851448206
1088,0.00004772129705102369
1090,0.00004816778919520256
1092,0.00004861779459162053
1094,0.00004906445321842578
1096,0.000049499852524142326
1098,0.000049915274928418585
1100,0.00005030153481934035
1102,0.00005064939437785737
1104,0.000050950035428307984
1106,0.00005119555273006083
1108,0.00005137942597268984
1110,0.00005149692603652747
1112,0.000051545417100744794
1114,0.000051524529001291194
1116,0.000051436190919082844
1118,0.000051284534043575976
1120,0.000051075683724680186
1122,0.000050817468801281233
1124,0.00005051907731427563
1126,0.00005019068529785257
1128,0.00004984308098949944
1130,0.00004948730236561905
1132,0.00004913430218192178
1134,0.00004879465155888548
1136,0.00004847829005523977
1138,0.00004819432666506825
1140,0.00004795089220591547
1142,0.00004775503949146151
1144,0.00004761268406395597
1146,0.00004752857562038
1148,0.00004750628891890448
1150,0.0000475482229678291
1152,0.00004765559855513081
1154,0.00004782844645660813
1156,0.00004806558174363054
1158,0.00004836456332243493
1160,0.00004872164204659858
1162,0.00004913170532565681
1164,0.00004958823090433333
1166,0.00005008326704159207
1168,0.000050607460063734815
1170,0.000051150152307226926
1172,0.000051699572686066085
1174,0.00005224313736285746
1176,0.00005276786843351518
1178,0.000053260924094055456
1180,0.00005371021562684154
1182,0.00005410506739057665
1184,0.00005443685976546105
1186,0.00005469958610429426
1188,0.000054890256755993675
1190,0.00005500909752701954
1192,0.00005505951479270904
1194,0.00005504783015061556
1196,0.00005498281757284693
1198,0.00005487509921978936
1200,0.00005473646824111709
1202,0.000054579206930959036
1204,0.00005441545844263722
1206,0.00005425669378778317
1208,0.000054113297466679586
1210,0.000053994278523886705
1212,0.000053907101413359194
1214,0.00005385762357670267
1216,0.00005385012362895726
1218,0.00005388740427518155
1220,0.00005397095600715969
1222,0.00005410116977699296
1224,0.000054277588066862705
1226,0.000054499183431017874
1228,0.000054764651643099316
1230,0.00005507270362353234
1232,0.00005542233743362355
1234,0.00005581307012041082
1236,0.00005624511022453223
1238,0.00005671945587744615
1240,0.000057237910300129276
1242,0.00005780301499597976
1244,0.00005841790929564189
1246,0.00005908613145830994
1248,0.00005981138010498183
1250,0.00006059725506005679
1252,0.00006144699427626169
1254,0.00006236321956614062
1256,0.0000633476996931982
1258,0.00006440113612937854
1260,0.00006552297518160513
1262,0.0000667112504451913
1264,0.00006796246140647951
1266,0.00006927149686942884
1268,0.0000706316148409733
1270,0.00007203449256461936
1272,0.00007347036054529188
1274,0.00007492823187168536
1276,0.0000763962325460785
1278,0.00007786203010979261
1280,0.00007931334751056936
1282,0.00008073853835070365
1284,0.00008212719006893366
1286,0.00008347071475544328
1288,0.0000847628841907749
1290,0.00008600026677086682
1292,0.00008718252925211138
1294,0.00008831257555373914
1296,0.00008939650787231768
1298,0.00009044341137489048
1300,0.00009146498124145712
1302,0.00009247502738908763
1304,0.00009348890482033272
1306,0.00009452292345592824
1308,0.0000955937890230862
1310,0.00009671811640816749
1312,0.00009791204100508322
1314,0.0000991909353608664
1316,0.00010056922146033078
1318,0.00010206025627427044
1320,0.00010367626142296716
1322,0.00010542826720180369
1324,0.00010732604570362636
1326,0.00010937801545493965
1328,0.00011159110875222672
1330,0.00011397060100019901
1332,0.00011651990782857388
1334,0.00011924036047471325
1336,0.00012213097344737165
1338,0.00012518822176902253
1340,0.00012840584899336243
1342,0.00013177473208432573
1344,0.0001352828346884099
1346,0.00013891528493876267
1348,0.0001426546154409743
1350,0.00014648119880611367
1352,0.0001503738996210011
1354,0.00015431094196907067
1356,0.00015827096166863797
1358,0.0001622341782019444
1360,0.00016618358932622715
1362,0.00017010606928622
1364,0.000173993246148937
1366,0.00017784204847602817
1368,0.00018165484477226294
1370,0.0001854391443759897
1372,0.00018920687613665731
1374,0.00019297330192869633
1376,0.00019675564948144346
1378,0.00020057156152476936
1380,0.0002044374584175891
1382,0.00020836690403408476
1384,0.00021236905447524104
1386,0.00021644725935317585
1388,0.0002205978773817976
1390,0.000224809362151928
1392,0.00022906167046451618
1394,0.00023332604481961927
1396,0.0002375652236204603
1398,0.00024173413578195354
1400,0.0002457811364605305
1402,0.00024964983047004235
1404,0.0002532815013360591
1406,0.0002566181106850643
1408,0.00025960575474797787
1410,0.0002621983714494521
1412,0.000264361401720775
1414,0.0002660750471288071
1416,0.00026733675622273934
1418,0.00026816262793232334
1420,0.0002685875393266336
1422,0.00026866396670190574
1424,0.0002684596401000965
1426,0.0002680543156924494
1428,0.00026753603953880893
1430,0.0002669972971442978
1432,0.0002665314005175349
1434,0.000266229376185649
1436,0.00026617750819533064
1438,0.0002664555826455512
1440,0.00026713579145818886
1442,0.00026828219125990446
1444,0.00026995057930349176
1446,0.00027218863811248904
1448,0.0002750362074559093
1450,0.0002785255596740985
1452,0.0002826815768203661
1454,0.0002875217518698766
1456,0.00029305595945468624
1458,0.0002992859637177202
1460,0.00030620465240572116
1462,0.00031379500818029717
1464,0.00032202885126742485
1466,0.00033086541253971995
1468,0.0003402498227410065
1470,0.00035011163065334845
1472,0.0003603634883755767
1474,0.0003709001624886759
1476,0.0003815980423053378
1478,0.00039231531750902847
1480,0.00040289298513662204
1482,0.00041315681930062054
1484,0.0004229203967897139
1486,0.00043198921872747605
1488,0.0004401659032464679
1490,0.0004472563459504134
1492,0.00045307665273364774
1494,0.00045746054444132154
1496,0.00046026682187795813
1498,0.0004613863785331394
1500,0.0004607481812300566
1502,0.00045832363321297046
1504,0.00045412881176605416
1506,0.00044822423952374854
1508,0.0004407120895939377
1510,0.0004317310027809203
1512,0.0004214489610290046
1514,0.0004100548654049723
1516,0.00039774957368853345
1518,0.0003847371484975117
1520,0.0003712169625511456
1522,0.0003573771328464561
1524,0.00034338954915002676
1526,0.0003294065620438372
1528,0.00031555923032362425
1530,0.0003019569122957741
1532,0.00028868792323354233
1534,0.00027582096524252813
1536,0.0002634070541783742
1538,0.0002514817079254149
1540,0.0002400672096259225
1542,0.00022917480954855304
1544,0.00021880677455432142
1546,0.00020895823166266553
1548,0.00019961878119113404
1550,0.00019077387580706195
1552,0.000182405975754998
1554,0.00017449549893138648
1556,0.00016702158876492903
1558,0.0001599627242497432
1560,0.00015329719595876201
1562,0.00014700347019105988
1564,0.00014106046112401027
1566,0.0001354477283232881
1568,0.00013014561445268962
1570,0.00012513533566676087
1572,0.00012039903503959206
1574,0.0001159198075146276
1576,0.00011168170325580849
1578,0.00010766971492546022
1580,0.00010386975328563545
1582,0.00010026861458983311
1584,0.0000968539424733734
1586,0.00009361418643684719
1588,0.00009053855852406751
1590,0.00008761698940278774
1592,0.00008484008474500505
1594,0.00008219908255860888
1596,0.00007968581193065828
1598,0.00007729265349408895
1600,0.00007501250181548006
1602,0.00007283872981458552
1604,0.00007076515526093409
1606,0.00006878600934432353
1608,0.00006689590728078453
1610,0.00006508982089062616
1612,0.00006336305306815304
1614,0.00006171121405171265
1616,0.00006013019939642194
1618,0.00005861616954909236
1620,0.00005716553092461181
1622,0.000055774918384658826
1624,0.000054441179022567206
1626,0.000053161357162013955
1628,0.00005193268048164574
1630,0.0000507525471825488
1632,0.00004961851412041834
1634,0.000048528285829263436
1636,0.00004747970436839181
1638,0.00004647073992918646
1640,0.000045499482142764934
1642,0.0000445641320339701
1644,0.00004366299457126084
1646,0.00004279447176594303
1648,0.00004195705627780274
1650,0.00004114932548757946
1652,0.000040369935999853314
1654,0.00003961761854282588
1656,0.00003889117323416164
1658,0.00003818946518453699
1660,0.00003751142041283018
1662,0.00003685602204898903
1664,0.00003622230680254898
1666,0.00003560936167655208
1668,0.0000350163209082503
1670,0.00003444236311947543
1672,0.000033886708660932826
1674,0.000033348617135937656
1676,0.000032827385090269
1678,0.000032322343855877914
1680,0.000031832857537157884
1682,0.00003135832112937847
1684,0.00003089815875970038
1686,0.000030451822041940842
1688,0.000030018788536945778
1690,0.00002959856031105732
1692,0.00002919066258574435
1694,0.000028794642471995742
1696,0.000028410067783565003
1698,0.00002803652592360301
1700,0.00002767362283962888
1702,0.00002732098204216722
1704,0.000026978243682729406
1706,0.000026645063687136643
1708,0.00002632111294047814
1710,0.000026006076520269316
1712,0.000025699652974625338
1714,0.000025401553642495875
1716,0.000025111502013219817
1718,0.00002482923312285461
1720,0.00002455449298491595
1722,0.000024287038053330662
1724,0.000024026634715559862
1726,0.000023773058813992
1728,0.000023526095193837288
1730,0.000023285537275876788
1732,0.00002305118665253223
1734,0.000022822852705827076
1736,0.000022600352245905862
1738,0.000022383509168868616
1740,0.000022172154132759958
1742,0.000021966124250629665
1744,0.000021765262799652742
1746,0.000021569418945363498
1748,0.000021378447480119546
1750,0.00002119220857496901
1752,0.000021010567544147143
1754,0.000020833394621478343
1756,0.000020660564748005104
1758,0.000020491957370208667
1760,0.000020327456248225686
1762,0.000020166949273502523
1764,0.000020010328295363167
1766,0.000019857488955999367
1768,0.00001970833053342121
1770,0.00001956275579193488
1772,0.00001942067083974015
1774,0.00001928198499326491
1776,0.000019146610647876712
1778,0.00001901446315463278
1780,0.000018885460702749827
1782,0.000018759524207493786
1784,0.000018636577203206956
1786,0.0000185165457412065
1788,0.00001839935829230355
1790,0.000018284945653706433
1792,0.00001817324086008519
1794,0.000018064179098586905
1796,0.000017957697627603493
1798,0.00001785373569910444
1800,0.000017752234484357535
1802,0.000017653137002870452
1804,0.00001755638805439505
1806,0.00001746193415384522
1808,0.00001736972346898679
1810,0.000017279705760766037
1812,0.000017191832326150295
1814,0.000017106055943360992
1816,0.000017022330819385714
1818,0.00001694061253966209
1820,0.000016860858019831662
1822,0.000016783025459467398
1824,0.000016707074297683495
1826,0.00001663296517054074
1828,0.000016560659870165312
1830,0.00001649012130550294
1832,0.000016421313464634387
1834,0.000016354201378582016
1836,0.000016288751086540612
1838,0.00001622492960246909
1840,0.000016162704882982758
1842,0.000016102045796488915
1844,0.00001604292209351127
1846,0.000015985304378151437
1848,0.000015929164080638148
1850,0.000015874473430917395
1852,0.000015821205433238786
1854,0.00001576933384169572
1856,0.000015718833136678808
1858,0.000015669678502204127
1860,0.000015621845804079496
1862,0.000015575311568873822
1864,0.000015530052963656148
1866,0.000015486047776472615
1868,0.000015443274397530977
1870,0.00001540171180106378
1872,0.00001536133952784252
1874,0.000015322137668316532
1876,0.000015284086846351367
1878,0.000015247168203542669
1880,0.000015211363384082657
1882,0.000015176654520157226
1884,0.000015143024217852774
1886,0.000015110455543552756
1888,0.000015078932010804793
1890,0.000015048437567640095
1892,0.00001501895658432769
1894,0.000014990473841546706
1896,0.000014962974518960755
1898,0.000014936444184179058
1900,0.00001491086878208966
1902,0.00001488623462455073
1904,0.000014862528380426488
1906,0.000014839737065954846
1908,0.000014817848035434551
1910,0.000014796848972219884
1912,0.000014776727880011715
1914,0.000014757473074433976
1916,0.0000147390731748852
1918,0.000014721517096655175
1920,0.000014704794043297065
1922,0.000014688893499245949
1924,0.000014673805222674855
1926,0.000014659519238579951
1928,0.000014646025832086724
1930,0.000014633315541969387
1932,0.000014621379154376054
1934,0.000014610207696752526
1936,0.000014599792431957767
1938,0.000014590124852564488
1940,0.000014581196675338472
1942,0.000014572999835890542
1944,0.000014565526483495306
1946,0.000014558768976071015
1948,0.000014552719875315163
1950,0.000014547371941990587
1952,0.000014542718131357026
1954,0.000014538751588743397
1956,0.000014535465645256082
1958,0.000014532853813618784
1960,0.0000145309097841397
1962,0.000014529627420801817
1964,0.000014529000757472404
1966,0.000014529023994227865
1968,0.000014529691493790258
1970,0.000014530997778071933
1972,0.00001453293752482491
1974,0.000014535505564391643
1976,0.000014538696876554081
1978,0.000014542506587477896
1980,0.000014546929966749005
1982,0.000014551962424499521
1984,0.000014557599508620374
1986,0.000014563836902058064
1988,0.000014570670420192888
1990,0.000014578096008296304
1992,0.000014586109739065012
1994,0.0000145947078102295
1996,0.000014603886542234862
1998,0.000014613642375991781
2000,0.000014623971870695619
2002,0.00001463487170171169
2004,0.000014646338658524775
2006,0.000014658369642751062
2008,0.000014670961666210777
2010,0.000014684111849059759
2012,0.000014697817417978367
2014,0.000014712075704416142
2016,0.000014726884142890625
2018,0.000014742240269338991
2020,0.000014758141719520891
2022,0.00001477458622747132
2024,0.000014791571624002048
2026,0.000014809095835250353
2028,0.00001482715688127391
2030,0.000014845752874690521
2032,0.000014864882019361613
2034,0.00001488454260911837
2036,0.000014904733026529424
2038,0.000014925451741709085
2040,0.000014946697311165052
2042,0.000014968468376684757
2044,0.000014990763664259286
2046,0.000015013581983044036
2048,0.00001503692222435527
2050,0.000015060783360701669
2052,0.00001508516444485011
2054,0.00001511006460892491
2056,0.000015135483063539715
2058,0.000015161419096961409
2060,0.000015187872074305243
2062,0.000015214841436760587
2064,0.000015242326700846606
2066,0.00001527032745769726
2068,0.000015298843372375014
2070,0.000015327874183212683
2072,0.000015357419701182834
2074,0.000015387479809294232
2076,0.000015418054462014773
2078,0.000015449143684720464
2080,0.00001548074757316987
2082,0.000015512866293003698
2084,0.00001554550007926894
2086,0.000015578649235967215
2088,0.00001561231413562694
2090,0.000015646495218898812
2092,0.000015681192994174337
2094,0.000015716408037226992
2096,0.000015752140990875693
2098,0.000015788392564670182
2100,0.000015825163534598107
2102,0.00001586245474281338
2104,0.000015900267097385628
2106,0.00001593860157207037
2108,0.00001597745920609971
2110,0.00001601684110399327
2112,0.000016056748435389114
2114,0.00001609718243489449
2116,0.00001613814440195607
2118,0.000016179635700749587
2120,0.00001622165776008862
2122,0.00001626421207335234
2124,0.000016307300198432097
2126,0.00001635092375769661
2128,0.000016395084437975676
2130,0.00001643978399056223
2132,0.00001648502423123261
2134,0.000016530807040284945
2136,0.0000165771343625955
2138,0.000016624008207692977
2140,0.000016671430649850534
2142,0.000016719403828195567
2144,0.000016767929946837154
2146,0.000016817011275010997
2148,0.00001686665014724199
2150,0.000016916848963524194
2152,0.000016967610189518266
2154,0.00001701893635676633
2156,0.000017070830062924195
2158,0.000017123293972011002
2160,0.000017176330814676183
2162,0.00001722994338848388
2164,0.000017284134558214695
2166,0.000017338907256184898
2168,0.000017394264482583065
2170,0.000017450209305824192
2172,0.00001750674486292138
2174,0.000017563874359875065
2176,0.00001762160107207992
2178,0.000017679928344749487
2180,0.000017738859593358572
2182,0.000017798398304103595
2184,0.00001785854803438085
2186,0.00001791931241328289
2188,0.000017980695142113106
2190,0.000018042699994918655
2192,0.000018105330819041747
2194,0.00001816859153568962
2196,0.00001823248614052319
2198,0.000018297018704264555
2200,0.000018362193373323615
2202,0.000018428014370443848
2204,0.000018494485995367484
2206,0.000018561612625520294
2208,0.00001862939871671611
2210,0.00001869784880388134
2212,0.000018766967501799677
2214,0.000018836759505877235
2216,0.000018907229592928315
2218,0.000018978382621982048
2220,0.000019050223535110217
2222,0.000019122757358276412
2224,0.000019195989202206945
2226,0.00001926992426328357
2228,0.00001934456782445859
2230,0.00001941992525619239
2232,0.00001949600201741384
2234,0.000019572803656503855
2236,0.000019650335812302468
2238,0.000019728604215139667
2240,0.000019807614687890484
2242,0.000019887373147054584
2244,0.000019967885603860743
2246,0.00002004915816539669
2248,0.00002013119703576457
2250,0.000020214008517262562
2252,0.00002029759901159298
2254,0.00002038197502109735
2256,0.000020467143150018856
2258,0.000020553110105792676
2260,0.000020639882700364618
2262,0.00002072746785153856
2264,0.00002081587258435323
2266,0.000020905104032488743
2268,0.00002099516943970356
2270,0.000021086076161302248
2272,0.000021177831665634754
2274,0.000021270443535627613
2276,0.000021363919470347827
2278,0.000021458267286599883
2280,0.00002155349492055662
2282,0.0000216496104294245
2284,0.000021746621993144068
2286,0.000021844537916126067
2288,0.00002194336662902412
2290,0.000022043116690544514
2292,0.000022143796789293878
2294,0.00002224541574566551
2296,0.000022347982513765094
2298,0.000022451506183376626
2300,0.00002255599598196923
2302,0.000022661461276745915
2304,0.0000227679115767349
2306,0.00002287535653492449
2308,0.000022983805950442387
2310,0.000023093269770780327
2312,0.000023203758094065006
2314,0.000023315281171376217
2316,0.000023427849409113312
2318,0.00002354147337141078
2320,0.00002365616378260427
2322,0.000023771931529747863
2324,0.000023888787665183913
2326,0.000024006743409166393
2328,0.000024125810152539097
2330,0.0000242459994594697
2332,0.000024367323070241077
2334,0.000024489792904100974
2336,0.000024613421062171417
2338,0.000024738219830419194
2340,0.000024864201682688668
2342,0.000024991379283798415
2344,0.000025119765492703067
2346,0.000025249373365721835
2348,0.000025380216159835244
2350,0.000025512307336051596
2352,0.00002564566056284475
2354,0.00002578028971966494
2356,0.00002591620890052412
2358,0.000026053432417657836
2360,0.000026191974805265063
2362,0.00002633185082332815
2364,0.000026473075461514508
2366,0.00002661566394316208
2368,0.000026759631729350488
2370,0.00002690499452305999
2372,0.000027051768273420202
2374,0.000027199969180050835
2376,0.000027349613697496523
2378,0.000027500718539758188
2380,0.000027653300684923023
2382,0.000027807377379895725
2384,0.000027962966145233228
2386,0.000028120084780085565
2388,0.0000282787513672455
2390,0.000028438984278309415
2392,0.000028600802178952408
2394,0.00002876422403432026
2396,0.000028929269114541256
2398,0.000029095957000360826
2400,0.000029264307588902024
2402,0.000029434341099555115
2404,0.00002960607807999935
2406,0.00002977953941236044
2408,0.00002995474631950703
2410,0.00003013172037148981
2412,0.000030310483492126787
2414,0.000030491057965738603
2416,0.000030673466444037647
2418,0.00003085773195317491
2420,0.00003104387790094883
2422,0.00003123192808418007
2424,0.00003142190669625685
2426,0.00003161383833485498
2428,0.00003180774800983755
2430,0.000032003661151338563
2432,0.000032201603618035816
2434,0.000032401601705617694
2436,0.00003260368215544933
2438,0.000032807872163443116
2440,0.0000330141993891395
2442,0.00003322269196500322
2444,0.0000334333785059412
2446,0.00003364628811904788
2448,0.00003386145041358429
2450,0.000034078895511197085
2452,0.000034298654056384386
2454,0.000034520757227214886
2456,0.00003474523674630746
2458,0.000034972124892078406
2460,0.00003520145451026361
2462,0.00003543325902572363
2464,0.00003566757245453923
2466,0.00003590442941640589
2468,0.000036143865147335325
2470,0.00003638591551267314
2472,0.000036630617020441156
2474,0.000036878006835014056
2476,0.00003712812279113957
2478,0.000037381003408312356
2480,0.00003763668790551148
2482,0.00003789521621631232
2484,0.000038156629004383456
2486,0.000038420967679379994
2488,0.00003868827441324484
2490,0.000038958592156929755
2492,0.000039231964657548914
2494,0.0000395084364759773
2496,0.00003978805300490751
2498,0.000040070860487378496
2500,0.00004035690603579028
2502,0.00004064623765141937
2504,0.00004093890424444987
2506,0.00004123495565453593
2508,0.00004153444267191169
2510,0.00004183741705906534
2512,0.00004214393157299459
2514,0.000042454039988061545
2516,0.000042767797119465147
2518,0.000043085258847350724
2520,0.00004340648214157609
2522,0.00004373152508715493
2524,0.00004406044691039852
2526,0.000044393308005777885
2528,0.00004473016996352905
2530,0.00004507109559802498
2532,0.00004541614897693866
2534,0.0000457653954512225
2536,0.00004611890168593035
2538,0.000046476735691909235
2540,0.000046838966858389006
2542,0.00004720566598649896
2544,0.00004757690532374172
2546,0.000047952758599455847
2548,0.0000483333010612995
2550,0.00004871860951278896
2552,0.00004910876235192703
2554,0.000049503839610957586
2556,0.00004990392299728385
2558,0.000050309095935589594
2560,0.00005071944361120373
2562,0.000051135053014750566
2564,0.00005155601298812914
2566,0.000051982414271867405
2568,0.00005241434955389815
2570,0.00005285191351980573
2572,0.000053295202904594524
2574,0.000053744316546032034
2576,0.000054199355439621394
2578,0.00005466042279526064
2580,0.00005512762409564804
2582,0.000055601067156495166
2584,0.0000560808621886121
2586,0.000056567121861931376
2588,0.00005705996137154026
2590,0.000057559498505793755
2592,0.000058065853716583355
2594,0.00005857915019184011
2596,0.000059099513930353384
2598,0.000059627073818990326
2600,0.000060161961712404356
2602,0.00006070431251532492
2604,0.00006125426426752428
2606,0.0000618119582315616
2608,0.00006237753898340824
2610,0.00006295115450606304
2612,0.00006353295628627096
2614,0.00006412309941446286
2616,0.00006472174268804002
2618,0.00006532904871813147
2620,0.00006594518403995871
2622,0.00006657031922694725
2624,0.00006720462900873144
2626,0.00006784829239320496
2628,0.00006850149279277615
2630,0.00006916441815499479
2632,0.00006983726109772375
2634,0.00007052021904903745
2636,0.00007121349439203676
2638,0.00007191729461477889
2640,0.00007263183246552932
2642,0.00007335732611355356
2644,0.00007409399931567463
2646,0.00007484208158883486
2648,0.00007560180838890964
2650,0.00007637342129603375
2652,0.00007715716820671264
2654,0.00007795330353300373
2656,0.00007876208840906684
2658,0.00007958379090539638
2660,0.0000804186862510642
2662,0.00008126705706431621
2664,0.00008212919359188406
2666,0.00008300539395738987
2668,0.00008389596441924085
2670,0.00008480121963843032
2672,0.00008572148295668192
2674,0.00008665708668539613
2676,0.00008760837240588063
2678,0.00008857569128137075
2680,0.00008955940438137165
2682,0.0000905598830188814
2684,0.00009157750910108184
2686,0.00009261267549411553
2688,0.00009366578640259832
2690,0.00009473725776455109
2692,0.00009582751766247036
2694,0.00009693700675129509
2696,0.00009806617870406688
2698,0.00009921550067612418
2700,0.00010038545378871542
2702,0.00010157653363296356
2704,0.00010278925079516637
2706,0.00010402413140446879
2708,0.00010528171770400206
2710,0.00010656256864664395
2712,0.00010786726051661889
2714,0.00010919638757822468
2716,0.00011055056275304538
2718,0.00011193041832708598
2720,0.00011333660668934706
2722,0.0001147698011034442
2724,0.0001162306965139692
2726,0.00011772001038938917
2728,0.00011923848360338336
2730,0.00012078688135663046
2732,0.00012236599414117646
2734,0.00012397663874964138
2736,0.00012561965933165694
2738,0.0001272959285000721
2740,0.00012900634848961664
2742,0.00013075185237087738
2744,0.00013253340532261664
2746,0.00013435200596564979
2748,0.0001362086877616979
2750,0.00013810452048084744
2752,0.00014004061174147523
2754,0.00014201810862674274
2756,0.00014403819938202633
2758,0.00014610211519792905
2760,0.00014821113208382186
2762,0.00015036657283718215
2764,0.00015256980911434572
2766,0.00015482226360865554
2768,0.00015712541234239098
2770,0.0001594807870792869
2772,0.00016188997786491054
2774,0.00016435463570265704
2776,0.00016687647537365506
2778,0.0001694572784094426
2780,0.00017209889622688676
2782,0.00017480325343548238
2784,0.0001775723513278739
2786,0.00018040827156521222
2788,0.00018331318006978373
2790,0.00018628933113824014
2792,0.00018933907178971852
2794,0.00019246484636417847
2796,0.00019566920138740554
2798,0.0001989547907203394
2800,0.00020232438101169535
2802,0.0002057808574742639
2804,0.00020932723000680493
2806,0.00021296663968510998
2808,0.00021670236564760612
2810,0.0002205378324028153
2812,0.00022447661758809697
2814,0.00022852246021138622
2816,0.00023267926941012215
2818,0.00023695113376425225
2820,0.00024134233120312354
2822,0.00024585733954924553
2824,0.00025050084774535944
2826,0.00025527776781499744
2828,0.00026019324761079133
2830,0.0002652526844092246
2832,0.00027046173941534015
2834,0.000275826353246167
2836,0.0002813527624673343
2838,0.00028704751726356067
2840,0.0002929175003304651
2842,0.00029896994708251636
2844,0.00030521246727995086
2846,0.00031165306818621335
2848,0.00031830017937697653
2850,0.0003251626793321226
2852,0.0003322499239533121
2854,0.00033957177716197984
2856,0.0003471386437458715
2858,0.00035496150463664377
2860,0.00036305195481667443
2862,0.00037142224407015286
2864,0.00038008532081182936
2866,0.0003890548792465577
2868,0.0003983454101340539
2870,0.000407972255456163
2872,0.0004179516673084133
2874,0.0004283008713637608
2876,0.00043903813528415795
2878,0.00045018284248484044
2880,0.0004617555716868904
2882,0.00047377818272544047
2884,0.0004862739091135227
2886,0.0004992674578945018
2888,0.0005127851173485951
2890,0.0005268548731501995
2892,0.0005415065336013654
2894,0.0005567718645910621
2896,0.0005726847349476914
2898,0.000589281272860719
2900,0.0006066000340426181
2902,0.0006246821822798058
2904,0.0006435716829748361
2906,0.0006633155102041408
2908,0.0006839638676964122
2910,0.0007055704239642054
2912,0.0007281925615804193
2914,0.0007518916402633394
2916,0.0007767332729959527
2918,0.0008027876138293114
2920,0.0008301296552720429
2922,0.0008588395322083744
2924,0.0008890028280677353
2926,0.0009207108774352548
2928,0.0009540610573821578
2930,0.0009891570574402258
2932,0.0010261091152739123
2934,0.001065034201647823
2936,0.0011060561341862585
2938,0.0011493055946371804
2940,0.0011949200188867343
2942,0.0012430433228870648
2944,0.00129382542111965
2946,0.001347421487512309
2948,0.0014039909023314953
2950,0.0014636958231745358
2952,0.0015266993147364256
2954,0.0015931629717350515
2956,0.001663243973690618
2958,0.0017370915207421996
2960,0.001814842617859387
2962,0.0018966172018392894
2964,0.001982512641835465
2966,0.0020725976892342537
2968,0.0021669060044894784
2970,0.0022654294435903253
2972,0.0023681113404276357
2974,0.002474840067896566
2976,0.0025854431944364984
2978,0.002699682568664742
2980,0.00281725065862905
2982,0.0029377684413859147
2984,0.003060785083134321
2986,0.0031857795745531864
2988,0.0033121644017131534
2990,0.00343929125911005
2992,0.0035664587713537276
2994,0.003692922201174803
2996,0.0038179051794514237
2998,0.003940613558284049
3000,0.004060251484841893
3002,0.004176039631039887
3004,0.004287235129949983
3006,0.004393152180815212
3008,0.0044931816163903985
3010,0.0045868071997532895
3012,0.004673616281876755
3014,0.004753302884688653
3016,0.004825662294750147
3018,0.004890577679823289
3020,0.004948000736350668
3022,0.004997929550055482
3024,0.005040387391643587
3026,0.005075405939652488
3028,0.005103015498330834
3030,0.005123243405762275
3032,0.005136120331525734
3034,0.005141692847632005
3036,0.0051400397284059075
3038,0.005131288976479586
3040,0.0051156325571782
3042,0.005093336163863651
3044,0.005064741931852884
3046,0.005030262791067688
3048,0.004990368051980906
3050,0.004945560824426121
3052,0.004896348925861723
3054,0.004843211951003074
3056,0.004786568003028962
3058,0.0047267440544107
3060,0.004663953859029443
3062,0.004598286696431065
3064,0.004529709025946403
3066,0.004458079516572271
3068,0.0043831761497132
3070,0.004304732467189077
3072,0.00422247884396251
3074,0.004136184114506593
3076,0.004045693056922306
3078,0.0039509560726633565
3080,0.0038520486892688888
3082,0.003749179974152218
3084,0.0036426902915472174
3086,0.0035330398493363876
3088,0.0034207900775343253
3090,0.0033065800884086623
3092,0.003191100401636498
3094,0.0030750659047164485
3096,0.002959189751734478
3098,0.0028441596202446007
3100,0.002730617442910693
3102,0.002619143393097227
3104,0.002510244532363049
3106,0.00240434814767141
3108,0.0023017994583012917
3110,0.0022028630982035874
3112,0.0021077276057827428
3114,0.0020165120857730213
3116,0.0019292742339188347
3118,0.0018460190094407708
3120,0.0017667073738769487
3122,0.0016912646617018314
3124,0.0016195882884448762
3126,0.0015515546235879143
3128,0.0014870249526439674
3130,0.0014258505247586883
3132,0.0013678767312692098
3134,0.0013129464907899657
3136,0.0012609029318888772
3138,0.0012115914693302428
3140,0.0011648613676452963
3142,0.0011205668791763074
3144,0.0010785680347549132
3146,0.0010387311552460473
3148,0.0010009291422579658
3150,0.0009650415969638124
3152,0.0009309548075158616
3154,0.0008985616380954336
3156,0.0008677613462485576
3158,0.0008384593497583826
3160,0.0008105669598104059
3162,0.0007840010935091064
3164,0.000758683975794619
3166,0.0007345428383804739
3168,0.0007115096213923144
3170,0.0006895206818481222
3172,0.0006685165119097636
3174,0.0006484414688915371
3176,0.0006292435182820559
3178,0.0006108739904782329
3180,0.0005932873515092158
3182,0.000576440987715167
3184,0.000560295004117634
3186,0.0005448120360563054
3188,0.0005299570735562782
3190,0.0005156972978187286
3192,0.0005020019291866781
3194,0.0004888420859189601
3196,0.00047619065310370884
3198,0.0004640221610531537
3200,0.00045231267254068337
3202,0.00044103967826630207
3204,0.0004301819999656594
3206,0.0004197197006091902
3208,0.00040963400117036185
3210,0.0003999072034747023
3212,0.00039052261867352644
3214,0.0003814645009176284
3216,0.00037271798583634464
3218,0.0003642690334561073
3220,0.0003561043752197829
3222,0.00034821146479364695
3224,0.0003405784323727948
3226,0.00033319404221811825
3228,0.0003260476531787551
3230,0.0003191291819731959
3232,0.00031242906902006877
3234,0.0003059382466261205
3236,0.0002996481093541248
3238,0.00029355048640747697
3240,0.0002876376158811513
3242,0.0002819021207405843
3244,0.0002763369864009736
3246,0.00027093553978953336
3248,0.0002656914297824745
3250,0.00026059860891696277
3252,0.000255651316286093
3254,0.0002508440615320747
3256,0.0002461716098593933
3258,0.00024162896799574676
3260,0.00023721137103410134
3262,0.00023291427009430255
3264,0.00022873332074735845
3266,0.0002246643721498146
3268,0.00022070345683959403
3270,0.00021684678114831395
3272,0.00021309071618843747
3274,0.00020943178937669622
3276,0.00020586667645805862
3278,0.00020239219399712465
3280,0.00019900529230623858
3282,0.00019570304878182402
3284,0.00019248266162249331
3286,0.00018934144390436814
3288,0.0001862768179907877
3290,0.00018328631025519052
3292,0.000180367546097437
3294,0.00017751824523521532
3296,0.00017473621725343759
3298,0.0001720193573957105
3300,0.00016936564258304598
3302,0.00016677312764598617
3304,0.00016423994175724516
3306,0.00016176428505283453
3308,0.0001593444254304377
3310,0.00015697869551454187
3312,0.00015466548977852276
3314,0.00015240326181451748
3316,0.0001501905217425149
3318,0.00014802583375064245
3320,0.0001459078137591435
3322,0.00014383512720101468
3324,0.00014180648691271665
3326,0.00013982065112878525
3328,0.00013787642157455445
3330,0.00013597264165156114
3332,0.000134108194710535
3334,0.00013228200240719047
3336,0.00013049302313632597
3338,0.00012874025054000827
3340,0.00012702271208587395
3342,0.00012533946771181432
3344,0.0001236896085335338
3346,0.00012207225561167696
3348,0.0001204865587754136
3350,0.00011893169549955156
3352,0.00011740686983241746
3354,0.00011591131137190277
3356,0.00011444427428722282
3358,0.00011300503638407412
3360,0.00011159289821100705
3362,0.00011020718220495314
3364,0.00010884723187396057
3366,0.0001075124110153007
3368,0.00010620210296720793
3370,0.00010491570989261193
3372,0.00010365265209330994
3374,0.0001024123673531108
3376,0.00010119431030856199
3378,0.00009999795184594446
3380,0.00009882277852329089
3382,0.00009766829201624833
3384,0.00009653400858666803
3386,0.00009541945857286476
3388,0.0000943241859005412
3390,0.00009324774761342684
3392,0.00009218971342272811
3394,0.00009114966527453401
3396,0.00009012719693436366
3398,0.00008912191358808499
3400,0.00008813343145847053
3402,0.00008716137743669542
3404,0.00008620538872811492
3406,0.00008526511251169311
3408,0.00008434020561248524
3410,0.00008343033418660434
3412,0.00008253517341813187
3414,0.00008165440722745744
3416,0.00008078772799055777
3418,0.00007993483626874838
3420,0.00007909544054846416
3422,0.00007826925699064515
3424,0.00007745600918932511
3426,0.00007665542793903804
3428,0.00007586725101067684
3430,0.0000750912229354547
3432,0.00007432709479663602
3434,0.0000735746240287192
3436,0.0000728335742237683
3438,0.00007210371494460368
3440,0.00007138482154457558
3442,0.00007067667499365686
3444,0.00006997906171060276
3446,0.00006929177340093693
3448,0.00006861460690053358
3450,0.00006794736402457613
3452,0.00006728985142168177
3454,0.00006664188043299122
3456,0.00006600326695603105
3458,0.00006537383131316526
3460,0.00006475339812445926
3462,0.00006414179618478858
3464,0.00006353885834503069
3466,0.0000629444213971855
3468,0.00006235832596327707
3470,0.00006178041638789443
3472,0.00006121054063423618
3474,0.00006064855018352877
3476,0.00006009429993769369
3478,0.000059547648125144554
3480,0.000059008456209598915
3482,0.00005847658880179557
3484,0.000057951913574011594
3486,0.00005743430117727828
3488,0.00005692362516119882
3490,0.00005641976189627472
3492,0.000055922590498651635
3494,0.000055431992757198766
3496,0.00005494785306283946
3498,0.00005447005834005389
3500,0.00005399849798047787
3502,0.000053533063778524614
3504,0.00005307364986895954
3506,0.00005262015266636032
3508,0.00005217247080639768
3510,0.00005173050508887433
3512,0.000051294158422462344
3514,0.00005086333577108105
3516,0.00005043794410186015
3518,0.00005001789233463478
3520,0.000049603091292920834
3522,0.00004919345365632156
3524,0.00004878889391431752
3526,0.00004838932832139424
3528,0.00004799467485346356
3530,0.000047604853165535886
3532,0.00004721978455060297
3534,0.00004683939189969115
3536,0.00004646359966304772
3538,0.00004609233381242333
3540,0.00004572552180441557
3542,0.00004536309254483929
3544,0.00004500497635409144
3546,0.00004465110493347827
3548,0.0000443014113324748
3550,0.00004395582991688704
3552,0.00004361429633788861
3554,0.00004327674750190432
3556,0.000042943121541314534
3558,0.00004261335778595462
3560,0.000042287396735384986
3562,0.00004196518003190808
3564,0.000041646650434309136
3566,0.00004133175179229897
3568,0.000041020429021637
3570,0.000040712628079914256
3572,0.000040408295942976156
3574,0.000040107380581965865
3576,0.000039809830940969784
3578,0.00003951559691524692
3580,0.000039224629330024965
3582,0.000038936879919846196
3584,0.00003865230130844687
3586,0.00003837084698915468
3588,0.00003809247130578866
3590,0.000037817129434047357
3592,0.00003754477736337058
3594,0.00003727537187926129
3596,0.00003700887054605434
3598,0.00003674523169011891
3600,0.00003648441438348257
3602,0.00003622637842786464
3604,0.00003597108433910731
3606,0.0000357184933319932
3608,0.00003546856730543845
3610,0.0000352212688280507
3612,0.00003497656112404185
3614,0.0000347344080594854
3616,0.00003449477412890912
3618,0.00003425762444221341
3620,0.00003402292471190656
3622,0.00003379064124064798
3624,0.00003356074090909111
3626,0.0000333331911640176
3628,0.00003310796000675502
3630,0.00003288501598187021
3632,0.00003266432816613082
3634,0.000032445866157727944
3636,0.000032229600065752526
3638,0.000032015500499919054
3640,0.00003180353856052965
3642,0.00003159368582867229
3644,0.00003138591435664687
3646,0.00003118019665861317
3648,0.00003097650570145469
3650,0.00003077481489585289
3652,0.00003057509808756606
3654,0.000030377329548907773
3656,0.000030181483970419392
3658,0.00002998753645273189
3660,0.00002979546249861186
3662,0.000029605238005187084
3664,0.000029416839256346982
3666,0.000029230242915313508
3668,0.000029045426017378052
3670,0.000028862365962800248
3672,0.000028681040509864427
3674,0.000028501427768089875
3676,0.000028323506191590837
3678,0.00002814725457258269
3680,0.000027972652035030504
3682,0.000027799678028436438
3684,0.000027628312321762515
3686,0.000027458534997485512
3688,0.0000272903264457805
3690,0.000027123667358830016
3692,0.00002695853872525577
3694,0.00002679492182466976
3696,0.000026632798222341983
3698,0.00002647214976398187
3700,0.000026312958570630683
3702,0.000026155207033662135
3704,0.000025998877809888716
3706,0.000025843953816771082
3708,0.000025690418227728087
3710,0.00002553825446754504
3712,0.00002538744620787781
3714,0.000025237977362850553
3716,0.00002508983208474478
3718,0.000024942994759777666
3720,0.00002479745000396742
3722,0.000024653182659083726
3724,0.000024510177788681283
3726,0.000024368420674214394
3728,0.00002422789681123082
3730,0.000024088591905643023
3732,0.000023950491870074984
3734,0.000023813582820282857
3736,0.000023677851071647785
3738,0.00002354328313573918
3740,0.00002340986571694691
3742,0.000023277585709180684
3744,0.00002314643019263537
3746,0.00002301638643062036
3748,0.00002288744186645196
3750,0.000022759584120407012
3752,0.000022632800986736634
3754,0.000022507080430738553
3756,0.000022382410585886833
3758,0.000022258779751017626
3760,0.000022136176387569796
3762,0.000022014589116879075
3764,0.00002189400671752472
3766,0.000021774418122727334
3768,0.00002165581241779688
3770,0.000021538178837629716
3772,0.00002142150676425351
3774,0.000021305785724419186
3776,0.00002119100538723863
3778,0.00002107715556186735
3780,0.000020964226195231055
3782,0.00002085220736979513
3784,0.000020741089301376237
3786,0.00002063086233699499
3788,0.000020521516952768917
3790,0.000020413043751844794
3792,0.000020305433462369533
3794,0.000020198676935498818
3796,0.000020092765143442657
3798,0.00001998768917754713
3800,0.000019883440246411428
3802,0.00001978000967403966
3804,0.00001967738889802649
3806,0.00001957556946777601
3808,0.000019474543042753137
3810,0.000019374301390766823
3812,0.0000192748363862845
3814,0.000019176140008776952
3816,0.000019078204341093206
3818,0.000018981021567864624
3820,0.000018884583973937703
3822,0.00001878888394283499
3824,0.00001869391395524349
3826,0.000018599666587530043
3828,0.00001850613451028312
3830,0.000018413310486880473
3832,0.000018321187372082154
3834,0.000018229758110648393
3836,0.000018139015735981745
3838,0.00001804895336879319
3840,0.000017959564215791494
3842,0.00001787084156839559
3844,0.00001778277880146931
3846,0.000017695369372078177
3848,0.00001760860681826775
3850,0.000017522484757863092
3852,0.000017436996887289003
3854,0.000017352136980410504
3856,0.000017267898887393304
3858,0.000017184276533583735
3860,0.000017101263918407888
3862,0.00001701885511428946
3864,0.000016937044265586047
3866,0.000016855825587543476
3868,0.000016775193365267833
3870,0.000016695141952714843
3872,0.00001661566577169631
3874,0.00001653675931090317
3876,0.000016458417124945042
3878,0.000016380633833405702
3880,0.000016303404119914452
3882,0.00001622672273123284
3884,0.000016150584476356605
3886,0.000016074984225632454
3888,0.000015999916909889483
3890,0.00001592537751958488
3892,0.000015851361103963694
3894,0.000015777862770232378
3896,0.0000157048776827459
3898,0.000015632401062208074
3900,0.00001556042818488496
3902,0.00001548895438183104
3904,0.000015417975038127957
3906,0.000015347485592135533
3908,0.000015277481534754907
3910,0.000015207958408703578
3912,0.000015138911807801996
3914,0.000015070337376271701
3916,0.000015002230808044607
3918,0.000014934587846083358
3920,0.000014867404281712469
3922,0.000014800675953960139
3924,0.00001473439874891044
3926,0.000014668568599065793
3928,0.00001460318148271949
3930,0.000014538233423338081
3932,0.000014473720488953484
3934,0.000014409638791564599
3936,0.000014345984486548316
3938,0.000014282753772079654
3940,0.000014219942888560985
3942,0.000014157548118060088
3944,0.000014095565783756922
3946,0.000014033992249398952
3948,0.000013972823918764892
3950,0.000013912057235136684
3952,0.0000138516886807796
3954,0.000013791714776430297
3956,0.000013732132080792741
3958,0.00001367293719004177
3960,0.000013614126737334266
3962,0.000013555697392327704
3964,0.000013497645860706067
3966,0.000013439968883712853
3968,0.000013382663237691198
3970,0.000013325725733630897
3972,0.00001326915321672223
3974,0.000013212942565916497
3976,0.000013157090693493108
3978,0.000013101594544633164
3980,0.000013046451096999366
3982,0.000012991657360322194
3984,0.000012937210375992207
3986,0.000012883107216658403
3988,0.000012829344985832489
3990,0.000012775920817498993
3992,0.00001272283187573113
3994,0.000012670075354312287
3996,0.000012617648476363066
3998,0.000012565548493973762
4000,0.00001251377268784224
