500,8.235630314986228e-6
502,8.362008760388677e-6
504,8.497235233294822e-6
506,8.641474198989324e-6
508,8.794758209727371e-6
510,8.956963317283624e-6
512,9.127780544324784e-6
514,9.306683714469659e-6
516,9.492894597003331e-6
518,9.685347140160531e-6
520,9.882653537848407e-6
522,0.000010083075949042779
524,0.000010284508756229248
526,0.000010484477121265107
528,0.000010680158005792736
530,0.00001086842944324504
532,0.000011045952357834655
534,0.00001120928640521309
536,0.00001135503717879495
538,0.000011480027063154918
540,0.000011581476811390402
542,0.00001165718069803219
544,0.000011705656059864445
546,0.000011726249105901995
548,0.000011719183317723425
550,0.000011685543964587679
552,0.000011627200825475201
554,0.00001154667933301928
556,0.000011446996357988192
558,0.000011331479689140965
560,0.00001120358975335818
562,0.00001106675888558048
564,0.000010924258606551779
566,0.000010779100104587024
568,0.000010633968427449525
570,0.000010491187363821085
572,0.000010352709823182737
574,0.000010220127595968392
576,0.000010094694408924753
578,9.977356849105927e-6
580,9.86878871089621e-6
582,9.769425393818462e-6
584,9.679495996519862e-6
586,9.59905163777781e-6
588,9.527989265350609e-6
590,9.466070798435643e-6
592,9.412937916707242e-6
594,9.368123189400835e-6
596,9.331058556449934e-6
598,9.301082441346579e-6
600,9.277446984365177e-6
602,9.259327005925658e-6
604,9.245832294660041e-6
606,9.23602460381257e-6
608,9.228940279517673e-6
610,9.223618712348082e-6
612,9.219135834468308e-6
614,9.21464079263932e-6
616,9.209392905256747e-6
618,9.202795301154356e-6
620,9.194421466671129e-6
622,9.184031430275936e-6
624,9.171575467873418e-6
626,9.157184817258401e-6
628,9.14115061551771e-6
630,9.123893751295366e-6
632,9.105929262709525e-6
634,9.087829175010858e-6
636,9.070187300163204e-6
638,9.053588691520637e-6
640,9.03858540234885e-6
642,9.02567916648276e-6
644,9.015310768111261e-6
646,9.007855277783453e-6
648,9.003622011570909e-6
650,9.002857978393731e-6
652,9.00575365215379e-6
654,9.012450073894059e-6
656,9.02304649895619e-6
658,9.037608015243454e-6
660,9.056172747155731e-6
662,9.078758414209533e-6
664,9.105368131309404e-6
666,9.135995421925781e-6
668,9.170628471461555e-6
670,9.209253681995245e-6
672,9.251858607171648e-6
674,9.29843435220603e-6
676,9.34897752268249e-6
678,9.403491799981003e-6
680,9.46198921283138e-6
682,9.52449116505561e-6
684,9.591029269894764e-6
686,9.661646031915502e-6
688,9.736395408580085e-6
690,9.81534327518409e-6
692,9.898567808935404e-6
694,9.986159800302415e-6
696,0.000010078222892178361
698,0.000010174873739636358
700,0.000010276242074802254
702,0.00001038247065235101
704,0.000010493715041029185
706,0.000010610143215120591
708,0.000010731934886631037
710,0.000010859280503961398
712,0.000010992379825875066
714,0.000011131439960756475
716,0.000011276672740935565
718,0.00001142829128114553
720,0.000011586505550635121
722,0.000011751516772734576
724,0.000011923510457805075
726,0.000012102647881271488
728,0.00001228905584575331
730,0.000012482814625415362
732,0.000012683944094022842
734,0.000012892388199719614
736,0.000013107998182797496
738,0.000013330515247507921
740,0.000013559553796090464
742,0.000013794586797117072
744,0.000014034935350373341
746,0.000014279764952935203
748,0.00001452809125459654
750,0.000014778798072082542
752,0.000015030669955950768
754,0.00001528244054576156
756,0.00001553285626741184
758,0.00001578075272705202
760,0.000016025138730699088
762,0.0000162652806749958
764,0.000016500778671266488
766,0.00001673162567857468
768,0.000016958242385785175
770,0.000017181483474029678
772,0.000017402614689758136
774,0.00001762326407539547
776,0.000017845353913836608
778,0.000018071021830630413
780,0.000018302539824554027
782,0.000018542238920842542
784,0.00001879244510732808
786,0.00001905542978047556
788,0.000019333375599788643
790,0.00001962835676939655
792,0.000019942331489084822
794,0.000020277143637069845
796,0.000020634530554147
798,0.000021016133941312634
800,0.000021423511211107955
802,0.00002185814502628151
804,0.00002232144913608263
806,0.00002281476893613654
808,0.000023339375418884376
810,0.00002389645135779922
812,0.000024487068706759098
814,0.00002511215633532689
816,0.000025772457410305314
818,0.00002646847603073188
820,0.000027200413189872136
822,0.000027968092837250176
824,0.000028770879802827784
826,0.000029607592660434332
828,0.000030476416245471275
830,0.00003137482043590252
832,0.00003229949379772478
834,0.0000332463025140196
836,0.00003421028626322092
838,0.000035185702882783575
840,0.00003616613219650339
842,0.000037144645811410516
844,0.00003811404375487873
846,0.00003906715071879432
848,0.000039997155227452017
850,0.000040897965770838015
852,0.000041764550917860846
854,0.000042593227832932076
856,0.00004338186708681089
858,0.00004412999150932695
860,0.00004483876165798338
862,0.000045510857207562565
864,0.00004615027825011892
866,0.00004676209949542017
868,0.00004735221155137523
870,0.000047927076932762167
872,0.00004849351645144508
874,0.000049058527834258774
876,0.00004962912666487654
878,0.000050212192983757954
880,0.000050814306343911174
882,0.000051441557210185454
884,0.00005209933131233963
886,0.000052792073337454055
888,0.00005352304484922698
890,0.000054294097045209344
892,0.00005510548137007376
894,0.00005595572029767002
896,0.00005684155732382929
898,0.000057757999922258874
900,0.00005869846232166597
902,0.000059655006846905886
904,0.00006061867381367625
906,0.00006157988154011478
908,0.00006252887125293686
910,0.00006345616786516044
912,0.00006435302765415238
914,0.00006521184769919533
916,0.00006602651839126007
918,0.00006679270749437536
920,0.0000675080701529132
922,0.00006817238263125843
924,0.00006878759830349253
926,0.0000693578234192635
928,0.00006988920900727075
930,0.00007038975548804336
932,0.00007086902919466184
934,0.00007133779529794565
936,0.00007180757900897621
938,0.0000722901750765931
940,0.00007279713278204584
942,0.00007333924814213324
944,0.00007392609562327675
946,0.00007456562790203338
948,0.00007526386452937165
950,0.00007602467993961172
952,0.00007684968969694286
954,0.00007773822294757931
956,0.00007868736043753968
958,0.00007969201263577228
960,0.00008074501252845936
962,0.00008183720291739641
964,0.00008295750804597561
966,0.0000840929925562086
968,0.00008522892475725804
970,0.00008634887314148254
972,0.00008743487235235014
974,0.00008846769542201337
976,0.00008942726216301552
978,0.00009029319947974348
980,0.00009104554967321571
982,0.00009166560023017937
984,0.00009213678647536582
986,0.00009244560027654
988,0.00009258242663028327
990,0.00009254222731920522
992,0.0000923249976774367
994,0.00009193593857079099
996,0.00009138530981835532
998,0.00009068796127090063
1000,0.00008986257023830752
1002,0.00008893064445109885
1004,0.00008791537340771633
1006,0.00008684042384331326
1008,0.0000857287753515945
1010,0.00008460168086108642
1012,0.0000834778170685367
1014,0.00008237266661997738
1016,0.00008129815108460337
1018,0.00008026251444325529
1020,0.00007927044187760297
1022,0.00007832338743325745
1024,0.00007742007511699982
1026,0.00007655712975817714
1028,0.00007572978603640685
1030,0.00007493261733266787
1032,0.00007416022258954362
1034,0.00007340781173245629
1036,0.00007267164032599936
1038,0.0000719492622059834
1040,0.0000712395927255848
1042,0.00007054280084268854
1044,0.00006986007047794101
1046,0.00006919328587441796
1048,0.00006854469945150396
1050,0.00006791663375530823
1052,0.00006731125382276014
1054,0.00006673042645195026
1056,0.00006617566293253985
1058,0.00006564812575829445
1060,0.00006514867058692051
1062,0.00006467789347766938
1064,0.00006423615969250085
1066,0.00006382360196484483
1068,0.00006344008992916572
1070,0.00006308518488894317
1072,0.00006275810234936273
1074,0.0000624577070037568
1076,0.00006218256085088527
1078,0.00006193103591280656
1080,0.00006170149070435336
1082,0.00006149249677333562
1084,0.00006130309088800927
1086,0.00006113302192832294
1088,0.00006098296050796504
1090,0.000060854643961815327
1092,0.000060750938566074035
1094,0.00006067581277594053
1096,0.000060634227465159246
1098,0.00006063195934441567
1100,0.000060675380266457914
1102,0.00006077121728557789
1104,0.000060926316397648227
1106,0.00006114742787463914
1108,0.00006144102444561073
1110,0.00006181315668780013
1112,0.00006226934400544335
1114,0.00006281449517868461
1116,0.00006345284990947635
1118,0.0000641879319886858
1120,0.00006502250537828179
1122,0.00006595852630090776
1124,0.00006699708703556736
1126,0.00006813835026656353
1128,0.00006938147629602273
1130,0.00007072454897060888
1132,0.00007216450947946434
1134,0.00007369710981627961
1136,0.00007531689908664813
1138,0.0000770172553179306
1140,0.00007879047238214544
1142,0.00008062790574370974
1144,0.00008252017221232821
1146,0.00008445738869285459
1148,0.00008642942483048905
1150,0.00008842613670461487
1152,0.00009043754551611092
1154,0.00009245392797045355
1156,0.00009446579392984474
1158,0.00009646374069341665
1160,0.00009843818990027021
1162,0.00010037903039735595
1164,0.00010227520690811758
1166,0.0001041143090708468
1168,0.00010588222757783046
1170,0.00010756295217938118
1172,0.00010913858739889065
1174,0.00011058965218627091
1176,0.00011189570604297135
1178,0.00011303630527502589
1180,0.0001139922418742781
1182,0.00011474696176556219
1184,0.00011528801037765786
1186,0.00011560832457521486
1188,0.00011570719123344417
1190,0.00011559072803132295
1192,0.0001152718065935423
1194,0.00011476941904141116
1196,0.00011410756886941822
1198,0.00011331382908969992
1200,0.00011241774361064579
1202,0.0001114492488965135
1204,0.00011043726699567512
1206,0.00010940857796560369
1208,0.00010838703077783527
1210,0.00010739310624679987
1212,0.00010644380903435975
1214,0.00010555284020929726
1216,0.00010473098632576185
1218,0.0001039866534351537
1220,0.00010332647287608415
1222,0.00010275590895766464
1224,0.0001022798064792444
1226,0.0001019028284202332
1228,0.00010162975061445037
1230,0.0001014655993229579
1232,0.00010141563689528628
1234,0.00010148521733934068
1236,0.00010167954527214729
1238,0.00010200337727876134
1240,0.00010246070451710865
1242,0.0001030544510044121
1244,0.00010378621545902796
1246,0.00010465607769317951
1248,0.00010566248445268095
1250,0.0001068022244175027
1252,0.00010807049711814796
1254,0.00010946107464798076
1256,0.00011096654721875823
1258,0.00011257863344927377
1260,0.00011428852457250321
1262,0.00011608722059877722
1264,0.00011796580904653299
1266,0.00011991563660085773
1268,0.00012192833357919008
1270,0.0001239956709614686
1272,0.00012610925788138517
1274,0.00012826011925406698
1276,0.0001304382225166586
1278,0.000132632043208266
1280,0.00013482826674966015
1282,0.00013701171614650655
1284,0.00013916557285915504
1286,0.00014127192338124532
1288,0.0001433126213732053
1290,0.0001452704097911175
1292,0.000147130205269287
1294,0.00014888041422214302
1296,0.00015051413251169243
1298,0.0001520300825314364
1300,0.0001534331650833087
1302,0.0001547345466641605
1304,0.0001559512597085314
1306,0.00015710535437832025
1308,0.00015822269452015524
1310,0.0001593315276077245
1312,0.00016046097303714355
1314,0.0001616395647202576
1316,0.00016289395737100154
1318,0.00016424786935855806
1320,0.0001657212973671548
1322,0.00016733000654642894
1324,0.00016908527842279938
1326,0.00017099388819400698
1328,0.0001730582809860108
1330,0.00017527691951340266
1332,0.00017764477948022336
1334,0.00018015397104122975
1336,0.00018279446325991232
1338,0.00018555488378145464
1340,0.0001884233589960533
1342,0.0001913883524583009
1344,0.00019443945305457901
1346,0.00019756806111992676
1348,0.0002007679219849634
1350,0.00020403546352757885
1352,0.00020736990778660007
1354,0.0002107731460700626
1356,0.00021424939041695323
1358,0.00021780463856189243
1360,0.000221446010531834
1362,0.00022518102821563181
1364,0.00022901691095694707
1366,0.00023295994856310524
1368,0.00023701498907713925
1370,0.0002411850464315352
1372,0.00024547099955647374
1374,0.0002498713276646538
1376,0.0002543818133842378
1378,0.00025899515046669757
1380,0.0002637004163598186
1382,0.0002684824084420284
1384,0.0002733208894049694
1386,0.0002781898333994488
1388,0.00028305680071380836
1390,0.0002878825862859276
1392,0.0002926212800267141
1394,0.00029722084273422995
1396,0.00030162424396661314
1398,0.00030577113730001764
1400,0.0003095999781095601
1402,0.0003130504345871152
1404,0.0003160659157784797
1406,0.00031859604496405286
1408,0.0003205989373807682
1410,0.000322043185209901
1412,0.00032290949429435037
1414,0.00032319194364106325
1416,0.0003228988454136115
1418,0.0003220531737950308
1420,0.00032069251676383043
1422,0.0003188684990673411
1424,0.0003166456385570143
1426,0.0003140996358031409
1428,0.0003113151538977932
1430,0.0003083832091352878
1432,0.00030539834754395875
1434,0.0003024558124295482
1436,0.00029964890612834474
1438,0.0002970667158251924
1440,0.00029479231712100474
1442,0.00029290150286626456
1444,0.0002914620214764458
1446,0.00029053325811152433
1448,0.0002901662585794894
1450,0.0002904039799698714
1452,0.00029128165107235614
1454,0.00029282713538288167
1456,0.0002950612057254944
1458,0.0002979976588915967
1460,0.0003016432191530762
1462,0.00030599720021694157
1464,0.0003110509162994307
1466,0.00031678685521453043
1468,0.0003231776504994089
1470,0.00033018491603653457
1472,0.00033775803486523956
1474,0.0003458330220187459
1476,0.0003543316057270106
1478,0.00036316068703290324
1480,0.00037221233862470973
1482,0.00038136448366126146
1484,0.0003904823510226526
1486,0.0003994207357429712
1488,0.00040802700955476897
1490,0.0004161447400203527
1492,0.0004236177053191034
1494,0.000430294052714428
1496,0.00043603035324563393
1498,0.00044069535347805516
1500,0.0004441733045167684
1502,0.00044636683581243187
1504,0.000447199409371289
1506,0.00044661741605868236
1508,0.0004445919493318212
1510,0.00044112021966549736
1512,0.00043622647883034436
1514,0.0004299622418949061
1516,0.00042240556182076883
1518,0.00041365915052099457
1520,0.0004038472534554953
1522,0.0003931113501603601
1524,0.000381604930407894
1526,0.0003694877400009748
1528,0.0003569199666090457
1530,0.00034405683011992216
1532,0.00033104396196368915
1534,0.00031801382896668503
1536,0.0003050833115543138
1538,0.00029235241248158536
1540,0.000279903970141589
1542,0.000267804187882022
1544,0.00025610376597928324
1546,0.0002448394282175759
1548,0.00023403566025548202
1550,0.00022370651242392342
1552,0.0002138573575910552
1554,0.00020448653008234624
1556,0.0001955868015219214
1558,0.00018714667282609715
1560,0.00017915147858372507
1562,0.0001715843115130827
1564,0.00016442678167418194
1566,0.0001576596287395458
1568,0.00015126320686716815
1570,0.00014521786138003151
1572,0.00013950421515418593
1574,0.00013410338080040938
1576,0.00012899711270200834
1578,0.00012416791094443247
1580,0.00011959908726248386
1582,0.00011527480140328131
1584,0.00011118007478535678
1586,0.00010730078702975619
1588,0.0001036236598368821
1590,0.00010013623176442305
1592,0.00009682682670515039
1594,0.00009368451824615892
1596,0.00009069909159189837
1598,0.00008786100433264515
1600,0.00008516134702076134
1602,0.00008259180426441731
1604,0.00008014461684991453
1606,0.00007781254524887816
1608,0.0000755888347467585
1610,0.00007346718233718861
1612,0.00007144170545702997
1614,0.00006950691258472077
1616,0.00006765767568606976
1618,0.00006588920446389367
1620,0.00006419702234848155
1622,0.00006257694415286859
1624,0.000061025055308810164
1626,0.00005953769259496619
1628,0.00005811142626720558
1630,0.000056743043501385574
1632,0.00005542953306088301
1634,0.00005416807110411455
1636,0.000052956008050939085
1638,0.000051790856430931995
1640,0.00005067027964086092
1642,0.00004959208154312945
1644,0.00004855419684138234
1646,0.00004755468217380423
1648,0.00004659170786883969
1650,0.000045663550312078865
1652,0.00004476858487686482
1654,0.00004390527937477623
1656,0.00004307218798551265
1658,0.00004226794562886285
1660,0.00004149126274437159
1662,0.00004074092044704497
1664,0.00004001576602995769
1666,0.00003931470878695684
1668,0.00003863671613080929
1670,0.000037980809984121285
1672,0.00003734606342218376
1674,0.00003673159754857482
1676,0.00003613657858589201
1678,0.00003556021516540314
1680,0.00003500175580070361
1682,0.00003446048653166083
1684,0.000033935728726020146
1686,0.000033426837027050266
1688,0.00003293319743652644
1690,0.000032454225523193766
1692,0.000031989364747627536
1694,0.000031538084895117495
1696,0.000031099880608855043
1698,0.00003067427001630011
1700,0.000030260793442153557
1702,0.00002985901220186513
1704,0.000029468507470069438
1706,0.000029088879218768323
1708,0.00002871974522046822
1710,0.000028360740111840686
1712,0.00002801151451380472
1714,0.00002767173420423334
1716,0.00002734107933976671
1718,0.000027019243723471885
1720,0.000026705934115326345
1722,0.000026400869582721332
1724,0.00002610378088838249
1726,0.00002581440991329152
1728,0.000025532509112363814
1730,0.0000252578410007958
1732,0.000024990177669141836
1734,0.000024729300325315682
1736,0.000024474998861836854
1738,0.00002422707144675726
1740,0.000023985324136810994
1742,0.000023749570511428822
1744,0.000023519631326350755
1746,0.000023295334185655053
1748,0.00002307651323110073
1750,0.000022863008847753735
1752,0.00002265466738493468
1754,0.000022451340891589065
1756,0.000022252886865239073
1758,0.00002205916801373079
1760,0.000021870052029040522
1762,0.00002168541137245149
1764,0.000021505123070455226
1766,0.00002132906852077314
1768,0.000021157133307931203
1770,0.000020989207027856093
1772,0.000020825183120994074
1774,0.000020664958713484303
1776,0.000020508434465947046
1778,0.000020355514429473836
1780,0.000020206105908431465
1782,0.000020060119329715066
1784,0.000019917468118107167
1786,0.00001977806857741996
1788,0.000019641839777116905
1790,0.000019508703444127767
1792,0.000019378583859587556
1794,0.000019251407760245578
1796,0.000019127104244305298
1798,0.000019005604681469415
1800,0.000018886842626977303
1802,0.000018770753739434015
1804,0.000018657275702241318
1806,0.00001854634814845173
1808,0.000018437912588876497
1810,0.000018331912343287755
1812,0.000018228292474563898
1814,0.0000181269997256353
1816,0.000018027982459095386
1818,0.000017931190599349297
1820,0.0000178365755771791
1822,0.00001774409027661113
1824,0.000017653688983976983
1826,0.00001756532733906543
1828,0.000017478962288267825
1830,0.000017394552039624825
1832,0.00001731205601968676
1834,0.000017231434832104766
1836,0.00001715265021787378
1838,0.00001707566501715277
1840,0.000017000443132591073
1842,0.00001692694949409359
1844,0.00001685515002496068
1846,0.000016785011609341983
1848,0.000016716502060946318
1850,0.00001664959009295267
1852,0.000016584245289070023
1854,0.00001652043807569624
1856,0.000016458139695128712
1858,0.0000163973221797817
1860,0.000016337958327367548
1862,0.00001628002167700084
1864,0.000016223486486186686
1866,0.00001616832770865605
1868,0.0000161145209730128
1870,0.000016062042562158797
1872,0.000016010869393465
1874,0.00001596097899965784
1876,0.000015912349510391836
1878,0.00001586495963448039
1880,0.000015818788642758354
1882,0.00001577381635155084
1884,0.0000157300231067241
1886,0.00001568738976829533
1888,0.00001564589769557922
1890,0.000015605528732850183
1892,0.000015566265195500023
1894,0.00001552808985667175
1896,0.000015490985934351084
1898,0.00001545493707889796
1900,0.0000154199273610012
1902,0.000015385941260040128
1904,0.000015352963652837724
1906,0.00001532097980279047
1908,0.000015289975349360734
1910,0.000015259936297918135
1912,0.000015230849009916859
1914,0.000015202700193396513
1916,0.000015175476893794558
1918,0.0000151491664850589
1920,0.000015123756661049683
1922,0.00001509923542721978
1924,0.000015075591092563893
1926,0.000015052812261826607
1928,0.000015030887827960142
1930,0.000015009806964822892
1932,0.000014989559120110228
1934,0.00001497013400850939
1936,0.000014951521605070535
1938,0.000014933712138786523
1940,0.000014916696086374043
1942,0.000014900464166249227
1944,0.000014885007332691024
1946,0.000014870316770185879
1948,0.000014856383887947612
1950,0.00001484320031460649
1952,0.000014830757893061825
1954,0.000014819048675492622
1956,0.000014808064918520962
1958,0.000014797799078523091
1960,0.000014788243807083314
1962,0.000014779391946585991
1964,0.000014771236525941158
1966,0.00001476377075643937
1968,0.00001475698802773165
1970,0.000014750881903930447
1972,0.000014745446119827778
1974,0.00001474067457722682
1976,0.000014736561341383333
1978,0.000014733100637553454
1980,0.000014730286847644553
1982,0.000014728114506965921
1984,0.000014726578301076213
1986,0.00001472567306272461
1988,0.000014725393768882927
1990,0.000014725735537865762
1992,0.000014726693626536163
1994,0.000014728263427594129
1996,0.000014730440466945498
1998,0.000014733220401148833
2000,0.000014736599014938027
2002,0.000014740572218818318
2004,0.000014745136046733675
2006,0.000014750286653803368
2008,0.000014756020314125852
2010,0.00001476233341864791
2012,0.000014769222473097284
2014,0.000014776684095976966
2016,0.000014784715016619414
2018,0.000014793312073299022
2020,0.000014802472211401254
2022,0.00001481219248164683
2024,0.000014822470038369538
2026,0.000014833302137846136
2028,0.000014844686136677011
2030,0.000014856619490216203
2032,0.000014869099751049495
2034,0.000014882124567519319
2036,0.000014895691682295257
2038,0.000014909798930988925
2040,0.000014924444240812186
2042,0.000014939625629277492
2044,0.000014955341202939378
2046,0.000014971589156176052
2048,0.000014988367770010093
2050,0.000015005675410967295
2052,0.000015023510529972782
2054,0.000015041871661283438
2056,0.000015060757421455826
2058,0.00001508016650834881
2060,0.000015100097700159985
2062,0.000015120549854495236
2064,0.000015141521907470613
2066,0.00001516301287284586
2068,0.000015185021841188825
2070,0.0000152075479790702
2072,0.000015230590528287804
2074,0.000015254148805119897
2076,0.000015278222199606867
2078,0.00001530281017486075
2080,0.000015327912266401947
2082,0.000015353528081522714
2084,0.000015379657298676787
2086,0.000015406299666894754
2088,0.000015433455005224578
2090,0.0000154611232021969
2092,0.000015489304215314656
2094,0.00001551799807056649
2096,0.000015547204861963722
2098,0.000015576924751100312
2100,0.00001560715796673548
2102,0.00001563790480439872
2104,0.000015669165626016678
2106,0.000015700940859561737
2108,0.000015733230998721805
2110,0.000015766036602591205
2112,0.000015799358295382135
2114,0.000015833196766156637
2116,0.000015867552768578637
2118,0.000015902427120685894
2120,0.000015937820704681573
2122,0.00001597373446674521
2124,0.000016010169416862867
2126,0.000016047126628676207
2128,0.000016084607239350387
2130,0.000016122612449460476
2132,0.0000161611435228963
2134,0.000016200201786785456
2136,0.000016239788631434433
2138,0.000016279905510287657
2140,0.00001632055393990426
2142,0.000016361735499952515
2144,0.000016403451833221837
2146,0.00001644570464565212
2148,0.000016488495706380453
2150,0.000016531826847805022
2152,0.00001657569996566615
2154,0.000016620117019144425
2156,0.000016665080030975767
2158,0.000016710591087583482
2160,0.000016756652339227202
2162,0.000016803266000168633
2164,0.00001685043434885415
2166,0.000016898159728114192
2168,0.00001694644454537936
2170,0.00001699529127291341
2172,0.00001704470244806287
2174,0.000017094680673523526
2176,0.000017145228617623672
2178,0.00001719634901462414
2180,0.000017248044665035235
2182,0.000017300318435950508
2184,0.000017353173261397472
2186,0.000017406612142705326
2188,0.000017460638148889673
2190,0.00001751525441705443
2192,0.000017570464152810882
2194,0.000017626270630714026
2196,0.000017682677194716327
2198,0.000017739687258638905
2200,0.000017797304306660348
2202,0.00001785553189382321
2204,0.000017914373646558343
2206,0.00001797383326322719
2208,0.000018033914514682198
2210,0.00001809462124484547
2212,0.000018155957371305823
2214,0.000018217926885934435
2216,0.000018280533855519214
2218,0.000018343782422418166
2220,0.000018407676805231788
2222,0.000018472221299494844
2224,0.000018537420278387655
2226,0.000018603278193467138
2228,0.00001866979957541775
2230,0.000018736989034822748
2232,0.000018804851262955767
2234,0.000018873391032593174
2236,0.00001894261319884735
2238,0.000019012522700021158
2240,0.000019083124558483983
2242,0.0000191544238815695
2244,0.000019226425862495552
2246,0.000019299135781306466
2248,0.00001937255900583799
2250,0.000019446700992705373
2252,0.000019521567288314765
2254,0.000019597163529898385
2256,0.00001967349544657376
2258,0.000019750568860427455
2260,0.000019828389687623615
2262,0.00001990696393953778
2264,0.000019986297723916367
2266,0.00002006639724606215
2268,0.00002014726881004631
2270,0.00002022891881994738
2272,0.00002031135378111761
2274,0.000020394580301477205
2276,0.00002047860509283683
2278,0.000020563434972249076
2280,0.00002064907686338917
2282,0.00002073553779796562
2284,0.00002082282491716121
2286,0.000020910945473105048
2288,0.00002099990683037601
2290,0.000021089716467538422
2292,0.000021180381978710364
2294,0.000021271911075165337
2296,0.000021364311586967854
2298,0.00002145759146464368
2300,0.000021551758780885252
2302,0.0000216468217322932
2304,0.000021742788641154307
2306,0.000021839667957257047
2308,0.00002193746825974512
2310,0.000022036198259009857
2312,0.000022135866798622334
2314,0.000022236482857305885
2316,0.000022338055550949893
2318,0.000022440594134665726
2320,0.000022544108004885606
2322,0.00002264860670150538
2324,0.000022754099910072057
2326,0.000022860597464017043
2328,0.0000229681093469361
2330,0.000023076645694916894
2332,0.000023186216798915278
2334,0.00002329683310718128
2336,0.000023408505227735804
2338,0.000023521243930899325
2340,0.00002363506015187346
2342,0.000023749964993376774
2344,0.00002386596972833587
2346,0.00002398308580263308
2348,0.00002410132483791194
2350,0.000024220698634441726
2352,0.000024341219174042426
2354,0.000024462898623071436
2356,0.00002458574933547344
2358,0.000024709783855894818
2360,0.00002483501492286408
2362,0.000024961455472039893
2364,0.00002508911863952813
2366,0.0000252180177652696
2368,0.000025348166396500103
2370,0.00002547957829128441
2372,0.000025612267422125973
2374,0.00002574624797965404
2376,0.000025881534376390124
2378,0.000026018141250595507
2380,0.000026156083470201876
2382,0.000026295376136826914
2384,0.000026436034589877002
2386,0.000026578074410739
2388,0.000026721511427063277
2390,0.000026866361717140225
2392,0.00002701264161437251
2394,0.000027160367711845294
2396,0.00002730955686699693
2398,0.000027460226206392506
2400,0.00002761239313060284
2402,0.000027766075319191383
2404,0.000027921290735811866
2406,0.000028078057633419302
2408,0.000028236394559597246
2410,0.00002839632036200416
2412,0.000028557854193941933
2414,0.000028721015520049525
2416,0.000028885824122125054
2418,0.00002905230010507941
2420,0.000029220463903024866
2422,0.000029390336285502037
2424,0.00002956193836384886
2426,0.000029735291597715072
2428,0.00002991041780172608
2430,0.00003008733915230007
2432,0.000030266078194622267
2434,0.000030446657849780478
2436,0.000030629101422066235
2438,0.00003081343260644569
2440,0.00003099967549620497
2442,0.000031187854590774345
2444,0.00003137799480373626
2446,0.000031570121471021844
2448,0.00003176426035930113
2450,0.00003196043767457208
2452,0.00003215868007095387
2454,0.00003235901465968978
2456,0.00003256146901836567
2458,0.00003276607120034949
2460,0.000032972849744458366
2462,0.00003318183368485906
2464,0.00003339305256120848
2466,0.000033606536429040846
2468,0.0000338223158704082
2470,0.000034040422004781556
2472,0.000034260886500219696
2474,0.0000344837415848134
2476,0.000034709020058412616
2478,0.00003493675530464463
2480,0.00003516698130323169
2482,0.00003539973264261615
2484,0.000035635044532902505
2486,0.0000358729528191248
2488,0.00003611349399484931
2490,0.00003635670521612171
2492,0.000036602624315769085
2494,0.00003685128981806693
2496,0.00003710274095378173
2498,0.00003735701767560034
2500,0.00003761416067395737
2502,0.000037874211393272445
2504,0.00003813721204860935
2506,0.00003840320564276976
2508,0.00003867223598383455
2510,0.00003894434770316601
2512,0.00003921958627388479
2514,0.00003949799802983618
2516,0.000039779630185060256
2518,0.000040064530853781595
2520,0.00004035274907093406
2522,0.000040644334813237355
2524,0.00004093933902084239
2526,0.00004123781361956273
2528,0.0000415398115437108
2530,0.0000418453867595573
2532,0.000042154594289433646
2534,0.00004246749023649742
2536,0.00004278413181018199
2538,0.000043104577352351826
2540,0.000043428886364186026
2542,0.00004375711953381331
2544,0.00004408933876472272
2546,0.00004442560720497476
2548,0.000044765989277239184
2550,0.00004511055070968601
2552,0.000045459358567757855
2554,0.00004581248128685227
2556,0.000046169988705944066
2558,0.00004653195210217874
2560,0.00004689844422646924
2562,0.00004726953934012932
2564,0.00004764531325257843
2566,0.00004802584336015394
2568,0.00004841120868606816
2570,0.00004880148992154896
2572,0.000049196769468204365
2574,0.00004959713148165265
2576,0.00005000266191646191
2578,0.00005041344857244376
2580,0.00005082958114234843
2582,0.00005125115126100988
2584,0.000051678252555991585
2586,0.000052110980699785744
2588,0.00005254943346362073
2590,0.00005299371077293357
2592,0.00005344391476456703
2594,0.000053900149845752555
2596,0.00005436252275494356
2598,0.000054831142624565536
2600,0.00005530612104575279
2602,0.00005578757213514363
2604,0.00005627561260380988
2606,0.00005677036182839877
2608,0.000057271941924568936
2610,0.000057780477822805884
2612,0.00005829609734670527
2614,0.00005881893129381667
2616,0.000059349113519144155
2618,0.00005988678102140386
2620,0.00006043207403214392
2622,0.00006098513610783521
2624,0.00006154611422504767
2626,0.00006211515887883068
2628,0.00006269242418442167
2630,0.00006327806798241295
2632,0.0000638722519475114
2634,0.00006447514170103297
2636,0.0000650869069272792
2638,0.00006570772149395018
2640,0.00006633776357675476
2642,0.00006697721578838699
2644,0.00006762626531204448
2646,0.00006828510403967271
2648,0.00006895392871512835
2650,0.00006963294108246285
2652,0.00007032234803953691
2654,0.00007102236179718666
2656,0.00007173320004417309
2658,0.0000724550861181556
2660,0.00007318824918294403
2662,0.00007393292441229408
2664,0.00007468935318052445
2666,0.00007545778326024736
2668,0.00007623846902751803
2670,0.00007703167167472367
2672,0.00007783765943154842
2674,0.0000786567077943669
2676,0.0000794890997644369
2678,0.00008033512609527957
2680,0.00008119508554965567
2682,0.00008206928516656651
2684,0.00008295804053872991
2686,0.0000838616761010047
2688,0.00008478052543026136
2690,0.00008571493155722197
2692,0.00008666524729082009
2694,0.00008763183555565898
2696,0.00008861506974317851
2698,0.0000896153340771713
2700,0.00009063302399432414
2702,0.00009166854654049608
2704,0.00009272232078348301
2706,0.0000937947782430587
2708,0.00009488636333912564
2710,0.0000959975338588542
2712,0.00009712876144373694
2714,0.00009828053209753633
2716,0.00009945334671615855
2718,0.00010064772164054357
2720,0.00010186418923372359
2722,0.00010310329848326667
2724,0.0001043656156303926
2726,0.00010565172482712076
2728,0.00010696222882288974
2730,0.00010829774968217061
2732,0.00010965892953468639
2734,0.00011104643135994353
2736,0.00011246093980788416
2738,0.00011390316205757405
2740,0.00011537382871595718
2742,0.00011687369475883037
2744,0.00011840354051632289
2746,0.00011996417270530406
2748,0.00012155642551129433
2750,0.00012318116172261193
2752,0.00012483927391966035
2754,0.0001265316857224429
2756,0.00012825935309958734
2758,0.00013002326574237255
2760,0.00013182444850747186
2762,0.00013366396293237092
2764,0.00013554290882767203
2766,0.00013746242595077547
2768,0.00013942369576572318
2770,0.0001414279432943091
2772,0.00014347643906390063
2774,0.00014557050115778406
2776,0.0001477114973742398
2778,0.00014990084750097834
2780,0.00015214002571202302
2782,0.000154430563094617
2784,0.0001567740503142616
2786,0.00015917214042656037
2788,0.0001616265518451599
2790,0.0001641390714757382
2792,0.00016671155802670633
2794,0.00016934594550806081
2796,0.00017204424693065422
2798,0.00017480855821905313
2800,0.00017764106235212233
2802,0.00018054403374652612
2804,0.0001835198428994733
2806,0.00018657096130826292
2808,0.00018969996668551998
2810,0.0001929095484904514
2812,0.0001962025137980164
2814,0.00019958179352960056
2816,0.0002030504490706171
2818,0.00020661167930245526
2820,0.00021026882807835564
2822,0.0002140253921751411
2824,0.00021788502975528043
2826,0.0002218515693765295
2828,0.00022592901958940365
2830,0.00023012157916599925
2832,0.00023443364800723626
2834,0.0002388698387794493
2836,0.00024343498933544904
2838,0.0002481341759797321
2840,0.0002529727276424688
2842,0.00025795624103227627
2844,0.0002630905968436247
2846,0.00026838197710106715
2848,0.0002738368837293556
2850,0.0002794621584459677
2852,0.0002852650040806384
2854,0.00029125300743522545
2856,0.00029743416380667185
2858,0.0003038169033059971
2860,0.0003104101191171969
2862,0.00031722319785166696
2864,0.0003242660521663353
2866,0.00033154915582706533
2868,0.0003390835814130923
2870,0.00034688104087321605
2872,0.00035495392916014214
2874,0.0003633153711856044
2876,0.0003719792723555551
2878,0.000380960372961512
2880,0.0003902743067207585
2882,0.00039993766377403205
2884,0.00040996805846396314
2886,0.0004203842022300241
2888,0.0004312059819650004
2890,0.00044245454418262697
2892,0.0004541523853442159
2894,0.0004663234486815642
2896,0.00047899322783128366
2898,0.0004921888775583318
2900,0.0005059393317894595
2902,0.0005202754290950211
2904,0.000535230045643409
2906,0.0005508382354981577
2908,0.000567137377923955
2910,0.00058416733110312
2912,0.0006019705913257707
2914,0.0006205924562906446
2916,0.0006400811906241763
2918,0.0006604881910777658
2920,0.0006818681480834639
2922,0.0007042791994267615
2924,0.0007277830707294391
2926,0.0007524451962355455
2928,0.0007783348120886983
2930,0.0008055250129353469
2932,0.0008340927613795731
2934,0.0008641188386895756
2936,0.0008956877244062784
2938,0.0009288873923754155
2940,0.0009638090114999922
2942,0.0010005465414775953
2944,0.0010391962171687535
2946,0.001079855920086782
2948,0.0011226244415313495
2950,0.001167600648337236
2952,0.0012148825676626326
2954,0.0012645664096006667
2956,0.0013167455430691582
2958,0.0013715094288585781
2960,0.0014289424923113695
2962,0.0014891228874899505
2964,0.0015521210688747022
2966,0.0016179980535293691
2968,0.0016868032372700042
2970,0.001758571634185577
2972,0.0018333204479504546
2974,0.001911044956244605
2976,0.001991713786786059
2978,0.002075263766455621
2980,0.002161594610794603
2982,0.002250563769359497
2984,0.002341981741905829
2986,0.002435608133416202
2988,0.00253114863845943
2990,0.002628253063546942
2992,0.0027265144413588438
2994,0.0028254692927186333
2996,0.002924599171571633
2998,0.003023333787730611
3000,0.0031210562185837597
3002,0.0032171109405774237
3004,0.0033108155528885166
3006,0.0034014770342672643
3008,0.003488413085158707
3010,0.003570978518937145
3012,0.003648595810401968
3014,0.003720787911756243
3016,0.0037872105173208568
3018,0.0038476803522096512
3020,0.003902195998279268
3022,0.003950948356049746
3024,0.003994319000898675
3026,0.004032866178336115
3028,0.00406729964688349
3030,0.004098446683562067
3032,0.004127212111128443
3034,0.004154535173081801
3036,0.00418134563096516
3038,0.004208520840397045
3040,0.004236845018541597
3042,0.004266971595925462
3044,0.0042993894788526735
3046,0.004334394166230538
3048,0.004372064850032166
3050,0.004412248768363489
3052,0.004454554093875056
3054,0.0044983524877521275
3056,0.004542792122089838
3058,0.004586821482748027
3060,0.004629223636352217
3062,0.004668659918774108
3064,0.0047037212358414645
3066,0.004732984437512786
3068,0.0047550706272493715
3070,0.004768701895986597
3072,0.004772752909255826
3074,0.004766294079654388
3076,0.004748623731688133
3078,0.004719287663374406
3080,0.004678085721991837
3082,0.004625066278447086
3084,0.004560510604494018
3086,0.004484909921781304
3088,0.004398938141674773
3090,0.004303422999866566
3092,0.004199317509798713
3094,0.004087672653359354
3096,0.003969611304895762
3098,0.0038463028159801686
3100,0.0037189376083088597
3102,0.0035887014864722597
3104,0.003456749998399106
3106,0.0033241837836300507
3108,0.003192026239136074
3110,0.0030612048859369727
3112,0.0029325375475479152
3114,0.0028067239573562547
3116,0.002684342840350429
3118,0.00256585399705616
3120,0.0024516045412495383
3122,0.002341838241492061
3124,0.002236706878599128
3126,0.002136282618515738
3128,0.0020405705649599215
3130,0.0019495208543004758
3132,0.0018630398525509221
3134,0.0017810001894471
3136,0.001703249506627656
3138,0.0016296179034031226
3140,0.0015599241370951322
3142,0.001493980680724061
3144,0.0014315977650496364
3146,0.0013725865404977191
3148,0.0013167614923807233
3150,0.0012639422340498558
3152,0.0012139547902016892
3154,0.0011666324686147478
3156,0.0011218164045194647
3158,0.0010793558484748131
3160,0.0010391082565173254
3162,0.0010009392306772732
3164,0.0009647223487635281
3166,0.000930338914538595
3168,0.000897677652915958
3170,0.0008666343694640368
3172,0.0008371115891395511
3174,0.0008090181856484846
3176,0.0007822690100084736
3178,0.000756784524641131
3180,0.0007324904475518499
3182,0.0007093174097689785
3184,0.0006872006281394372
3186,0.0006660795947520524
3188,0.0006458977836324704
3190,0.0006266023748831653
3192,0.000608143996095361
3194,0.0005904764806097368
3196,0.0005735566420280386
3198,0.0005573440642610188
3200,0.0005418009063258233
3202,0.0005268917210672975
3204,0.0005125832869642131
3206,0.0004988444521864904
3208,0.00048564599008795605
3210,0.00047296046534702846
3212,0.0004607621100018682
3214,0.00044902670866464985
3216,0.00043773149223989805
3218,0.0004268550395129688
3220,0.0004163771860157637
3222,0.00040627893961693427
3224,0.0003965424023226682
3226,0.00038715069781131275
3228,0.00037808790426037224
3230,0.00036933899205769915
3232,0.00036088976601992976
3234,0.0003527268117703992
3236,0.00034483744595595106
3238,0.0003372096700072879
3240,0.00032983212717088944
3242,0.00032269406256213705
3244,0.00031578528600922933
3246,0.0003090961374758663
3248,0.00030261745486761176
3250,0.0002963405440424176
3252,0.0002902571508601206
3254,0.0002843594351188753
3256,0.0002786399462385735
3258,0.0002730916005623996
3260,0.0002677076601578488
3262,0.00026248171300789243
3264,0.0002574076544915454
3266,0.0002524796700609721
3268,0.0002476922190294891
3270,0.0002430400193914608
3272,0.00023851803360117312
3274,0.00023412145524336582
3276,0.00022984569653323986
3278,0.00022568637658847867
3280,0.00022163931042015915
3282,0.00021770049859341835
3284,0.00021386611751240766
3286,0.00021013251028744422
3288,0.00020649617814537236
3290,0.00020295377234700882
3292,0.00019950208657817952
3294,0.00019613804978328313
3296,0.00019285871941255203
3298,0.00018966127505624887
3300,0.0001865430124409357
3302,0.00018350133776471505
3304,0.00018053376234996148
3306,0.00017763789759356406
3308,0.00017481145019608444
3310,0.0001720522176525191
3312,0.00016935808398853676
3314,0.00016672701572716347
3316,0.00016415705807190032
3318,0.000161646331293204
3320,0.0001591930273061296
3322,0.0001567954064277471
3324,0.0001544517943036925
3326,0.0001521605789939113
3328,0.00014992020820829934
3330,0.00014772918668354775
3332,0.0001455860736930557
3334,0.0001434894806822965
3336,0.00014143806902250342
3338,0.0001394305478759931
3340,0.00013746567216686232
3342,0.00013554224065118387
3344,0.00013365909408119143
3346,0.00013181511345828107
3348,0.00013000921836997406
3350,0.0001282403654062804
3352,0.00012650754665117651
3354,0.00012480978824517012
3356,0.00012314614901516246
3358,0.00012151571916804504
3360,0.00011991761904467622
3362,0.00011835099793108064
3364,0.00011681503292389694
3366,0.00011530892784727212
3368,0.00011383191221856157
3370,0.00011238324026034479
3372,0.00011096218995640831
3374,0.00010956806214947952
3376,0.00010820017967862047
3378,0.00010685788655430604
3380,0.00010554054716932177
3382,0.00010424754554371875
3384,0.00010297828460215951
3386,0.00010173218548208032
3388,0.0001005086868711802
3390,0.00009930724437282692
3392,0.00009812732989804695
3394,0.00009696843108283563
3396,0.00009583005072959257
3398,0.00009471170627154904
3400,0.00009361292925911358
3402,0.00009253326486711895
3404,0.00009147227142200474
3406,0.00009042951994802115
3408,0.00008940459373158515
3410,0.00008839708790296532
3412,0.00008740660903451295
3414,0.00008643277475469649
3416,0.00008547521337723396
3418,0.00008453356354465254
3420,0.0000836074738856385
3422,0.00008269660268557141
3424,0.00008180061756966696
3426,0.00008091919519817989
3428,0.00008005202097314638
3430,0.0000791987887561693
3432,0.00007835920059677404
3434,0.00007753296647088545
3436,0.0000767198040289972
3438,0.00007591943835362574
3440,0.00007513160172565975
3442,0.00007435603339923455
3444,0.00007359247938477807
3446,0.00007284069223989102
3448,0.00007210043086774032
3450,0.00007137146032265856
3452,0.000070653551622657
3454,0.00006994648156857248
3456,0.00006925003256958162
3458,0.00006856399247482756
3460,0.00006788815441091533
3462,0.00006722231662504397
3464,0.00006656628233355274
3466,0.00006591985957566883
3468,0.000065282861072254
3470,0.00006465510408935534
3472,0.00006403641030637439
3474,0.00006342660568867753
3476,0.00006282552036447641
3478,0.00006223298850581665
3480,0.00006164884821351824
3482,0.00006107294140591876
3484,0.000060505113711276226
3486,0.000059945214363694936
3488,0.00005939309610244277
3490,0.000058848615074534426
3492,0.00005831163074046007
3494,0.000057782005782943775
3496,0.0000572596060186211
3498,0.00005674430031252937
3500,0.00005623596049530895
3502,0.000055734461283017573
3504,0.000055239680199463944
3506,0.00005475149750097059
3508,0.00005426979610347938
3510,0.00005379446151191693
3512,0.00005332538175173984
3514,0.00005286244730258356
3516,0.00005240555103394105
3518,0.00005195458814280067
3520,0.00005150945609317544
3522,0.000051070054557458205
3524,0.00005063628535954016
3526,0.000050208052419632184
3528,0.00004978526170073121
3530,0.00004936782115667546
3532,0.000048955640681735286
3534,0.0000485486320616875
3536,0.00004814670892632383
3538,0.00004774978670334556
3540,0.000047357782573598155
3542,0.000046970615427601695
3544,0.000046588205823334364
3546,0.00004621047594522783
3548,0.000045837349564334966
3550,0.00004546875199963174
3552,0.00004510461008041639
3554,0.00004474485210977066
3556,0.0000443894078290488
3558,0.00004403820838336144
3560,0.00004369118628802253
3562,0.000043348275395928974
3564,0.000043009410865843126
3566,0.000042674529131549914
3568,0.00004234356787186107
3570,0.00004201646598143989
3572,0.00004169316354242111
3574,0.000041373601796801036
3576,0.00004105772311957434
3578,0.000040745470992594234
3580,0.000040436789979134195
3582,0.00004013162569912948
3584,0.00003982992480507785
3586,0.000039531634958579644
3588,0.00003923670480749766
3590,0.00003894508396371831
3592,0.000038656722981496025
3594,0.000038371573336363495
3596,0.0000380895874045908
3598,0.000037810718443177256
3600,0.00003753492057036028
3602,0.00003726214874662585
3604,0.00003699235875620614
3606,0.00003672550718904983
3608,0.00003646155142325152
3610,0.00003620044960792678
3612,0.00003594216064652014
3614,0.00003568664418053336
3616,0.000035433860573662046
3618,0.000035183770896328874
3620,0.00003493633691060221
3622,0.00003469152105548907
3624,0.00003444928643259188
3626,0.00003420959679211884
3628,0.00003397241651923791
3630,0.00003373771062076473
3632,0.000033505444712175334
3634,0.00003327558500493443
3636,0.0000330480982941307
3638,0.00003282295194641048
3640,0.0000326001138882017
3642,0.000032379552594220175
3644,0.0000321612370762504
3646,0.00003194513687219343
3648,0.000031731222035374744
3650,0.00003151946312410476
3652,0.000031309831191485555
3654,0.00003110229777545682
3656,0.000030896834889074965
3658,0.00003069341501101888
3660,0.000030492011076316593
3662,0.00003029259646728666
3664,0.000030095145004688984
3666,0.000029899630939079184
3668,0.00002970602894236145
3670,0.000029514314099534538
3672,0.00002932446190062594
3674,0.00002913644823280929
3676,0.00002895024937270034
3678,0.000028765841978826816
3680,0.00002858320308426768
3682,0.000028402310089457553
3684,0.00002822314075515196
3686,0.000028045673195549358
3688,0.000027869885871565947
3690,0.000027695757584259416
3692,0.00002752326746839784
3694,0.000027352394986170096
3696,0.000027183119921034217
3698,0.000027015422371700282
3700,0.00002684928274624444
3702,0.00002668468175635086
3704,0.000026521600411678402
3706,0.0000263600200143489
3708,0.000026199922153554158
3710,0.00002604128870027868
3712,0.00002588410180213528
3714,0.000025728343878310865
3716,0.000025573997614619708
3718,0.000025421045958661596
3720,0.000025269472115082317
3722,0.00002511925954093397
3724,0.00002497039194113286
3726,0.000024822853264012394
3728,0.000024676627696968976
3730,0.000024531699662198457
3732,0.000024388053812521165
3734,0.000024245675027293267
3736,0.000024104548408402588
3738,0.000023964659276346754
3740,0.000023825993166391812
3742,0.000023688535824809416
3744,0.000023552273205190754
3746,0.000023417191464835444
3748,0.000023283276961213618
3750,0.000023150516248499556
3752,0.000023018896074175183
3754,0.000022888403375701844
3756,0.000022759025277258785
3758,0.000022630749086546785
3760,0.00002250356229165556
3762,0.0000223774525579933
3764,0.000022252407725277175
3766,0.000022128415804583184
3768,0.000022005464975454214
3770,0.00002188354358306488
3772,0.000021762640135441924
3774,0.000021642743300738878
3776,0.00002152384190456389
3778,0.000021405924927359416
3780,0.000021288981501832703
3782,0.000021173000910435863
3784,0.000021057972582894604
3786,0.0000209438860937843
3788,0.000020830731160152658
3790,0.000020718497639187664
3792,0.000020607175525930102
3794,0.00002049675495102945
3796,0.000020387226178542346
3798,0.000020278579603772652
3800,0.000020170805751152264
3802,0.00002006389527216171
3804,0.000019957838943289766
3806,0.00001985262766403124
3808,0.000019748252454922047
3810,0.000019644704455610856
3812,0.000019541974922966516
3814,0.000019440055229220472
3816,0.000019338936860143463
3818,0.00001923861141325578
3820,0.000019139070596070362
3822,0.000019040306224368048
3824,0.00001894231022050435
3826,0.000018845074611747024
3828,0.000018748591528643827
3830,0.00001865285320341989
3832,0.000018557851968404024
3834,0.000018463580254483347
3836,0.000018370030589585768
3838,0.000018277195597189593
3840,0.00001818506799485986
3842,0.00001809364059281073
3844,0.000018002906292493467
3846,0.000017912858085209493
3848,0.00001782348905074797
3850,0.000017734792356047453
3852,0.000017646761253881123
3854,0.00001755938908156508
3856,0.000017472669259689302
3858,0.000017386595290870792
3860,0.000017301160758528437
3862,0.000017216359325679182
3864,0.00001713218473375511
3866,0.00001704863080144098
3868,0.000016965691423531813
3870,0.000016883360569810193
3872,0.0000168016322839428
3874,0.000016720500682395923
3876,0.000016639959953369407
3878,0.000016560004355748913
3880,0.000016480628218075872
3882,0.00001640182593753499
3884,0.000016323591978958877
3886,0.00001624592087384949
3888,0.00001616880721941603
3890,0.000016092245677629066
3892,0.000016016230974290428
3894,0.000015940757898118772
3896,0.00001586582129985028
3898,0.000015791416091354428
3900,0.000015717537244764374
3902,0.000015644179791621794
3904,0.00001557133882203579
3906,0.000015499009483855753
3908,0.000015427186981857745
3910,0.000015355866576944315
3912,0.000015285043585357315
3914,0.000015214713377903679
3916,0.00001514487137919373
3918,0.000015075513066891932
3920,0.000015006633970979768
3922,0.000014938229673030526
3924,0.000014870295805495832
3926,0.000014802828051003655
3928,0.00001473582214166758
3930,0.000014669273858407192
3932,0.000014603179030279278
3934,0.000014537533533819753
3936,0.000014472333292396042
3938,0.000014407574275569741
3940,0.000014343252498469398
3942,0.0000142793640211732
3944,0.000014215904948101423
3946,0.000014152871427418392
3948,0.00001409025965044392
3950,0.000014028065851073882
3952,0.000013966286305209915
3954,0.000013904917330197984
3956,0.00001384395528427569
3958,0.000013783396566028178
3960,0.000013723237613852462
3962,0.000013663474905430036
3964,0.000013604104957207639
3966,0.000013545124323885972
3968,0.000013486529597916336
3970,0.000013428317409004908
3972,0.000013370484423624665
3974,0.000013313027344534719
3976,0.00001325594291030697
3978,0.000013199227894859984
3980,0.000013142879106999899
3982,0.000013086893389968295
3984,0.00001303126762099689
3986,0.000012975998710868954
3988,0.00001292108360348727
3990,0.000012866519275448641
3992,0.000012812302735624708
3994,0.000012758431024749057
3996,0.000012704901215010481
3998,0.000012651710409652269
4000,0.000012598855742577457
