500,7.608964946993505e-6
502,7.75787626537317e-6
504,7.915560848667199e-6
506,8.081827481494466e-6
508,8.256328880089752e-6
510,8.438525930544628e-6
512,8.627649270504355e-6
514,8.822659926327138e-6
516,9.02221161520933e-6
518,9.224618353432806e-6
520,9.427832076077629e-6
522,9.629435893150033e-6
524,9.826659123544871e-6
526,0.000010016420038802006
528,0.00001019540097922245
530,0.000010360157925788324
532,0.000010507262685725036
534,0.000010633470882767946
536,0.000010735903654151502
538,0.000010812226425328107
540,0.000010860805585529912
542,0.000010880824335669316
544,0.000010872342837415717
546,0.000010836294614594256
548,0.00001077441966476923
550,0.000010689143145597113
552,0.000010583415053173868
554,0.000010460529806207313
556,0.000010323944742717323
558,0.000010177113718058974
560,0.000010023347319678653
562,9.86570591034777e-6
564,9.70692682735925e-6
566,9.549383275770774e-6
568,9.395070024290601e-6
570,9.245609878444173e-6
572,9.102274804834138e-6
574,8.966016178513399e-6
576,8.837499607689436e-6
578,8.717140908457089e-6
580,8.605140889979777e-6
582,8.501517572353457e-6
584,8.406135252983108e-6
586,8.318730452362857e-6
588,8.238935210624304e-6
590,8.16629847807785e-6
592,8.100306448463395e-6
594,8.040402622161504e-6
596,7.986008161698698e-6
598,7.936542732086566e-6
600,7.891445548635329e-6
602,7.850195861452432e-6
604,7.812331691490798e-6
606,7.777465406314734e-6
608,7.745294767952209e-6
610,7.71560842613808e-6
612,7.6882854178117e-6
614,7.663288948248103e-6
616,7.640655413980895e-6
618,7.620480136243481e-6
620,7.6029015127538585e-6
622,7.588085247186235e-6
624,7.576210031284131e-6
626,7.5674556292550025e-6
628,7.561993852171616e-6
630,7.5599824971664335e-6
632,7.561562014272254e-6
634,7.566854470151472e-6
636,7.575964293299485e-6
638,7.588980285050684e-6
640,7.6059784356134445e-6
642,7.6270251677173475e-6
644,7.652180721769617e-6
646,7.6815024822161e-6
648,7.715048117782355e-6
650,7.752878465725684e-6
652,7.795060132415383e-6
654,7.841667811340127e-6
656,7.892786337519622e-6
658,7.948512506801906e-6
660,8.008956691885799e-6
662,8.074244285909256e-6
664,8.14451700041816e-6
666,8.219934038384249e-6
668,8.300673155226722e-6
670,8.386931611768598e-6
672,8.478927012754312e-6
674,8.576898012811895e-6
676,8.681104858256925e-6
678,8.79182971748072e-6
680,8.909376734320535e-6
682,9.03407171717999e-6
684,9.166261351118615e-6
686,9.306311790031693e-6
688,9.454606450850007e-6
690,9.61154279105709e-6
692,9.7775278047813e-6
694,9.952971921942847e-6
696,0.000010138280941106659
698,0.000010333845573020873
700,0.000010540028123717999
702,0.000010757145811975333
704,0.000010985450208352743
706,0.00001122510231947287
708,0.00001147614294508753
710,0.00001173845813633401
712,0.000012011739916168016
714,0.000012295442924112018
716,0.000012588738349733539
718,0.000012890467439996317
720,0.000013199097990612523
722,0.000013512688493833745
724,0.00001382886587191069
726,0.000014144823739721162
728,0.000014457348578884191
730,0.000014762880670163577
732,0.000015057614732274734
734,0.000015337641700998022
736,0.000015599127996609935
738,0.000015838522455329155
740,0.00001605277482469632
742,0.000016239544715186482
744,0.000016397377613131352
746,0.000016525826072768907
748,0.0000166254997784728
750,0.000016698037005317852
752,0.00001674600037311181
754,0.00001677270949293203
756,0.000016782030158407658
758,0.000016778142935762
760,0.000016765313216634134
762,0.000016747680829553278
764,0.000016729081539762523
766,0.000016712906674666127
768,0.00001670200187547411
770,0.00001669860229275624
772,0.000016704299618683316
774,0.000016720036000144667
776,0.00001674612068596157
778,0.000016782266704180906
780,0.000016827646405225817
782,0.00001688096585199523
784,0.000016940558386369414
786,0.000017004496989448085
788,0.000017070723219204177
790,0.000017137187759892095
792,0.00001720199445625889
794,0.000017263536888955244
796,0.000017320614935182592
798,0.00001737251907264024
800,0.000017419072748059032
802,0.000017460627692871495
804,0.000017498012811496355
806,0.000017532443028572182
808,0.00001756539910343932
810,0.000017598492101370046
812,0.000017633326706220127
814,0.000017671376168364535
816,0.000017713879058714775
818,0.000017761764881643365
820,0.000017815612571469266
822,0.00001787564326211078
824,0.000017941746496434213
826,0.000018013537061715712
828,0.00001809043769226335
830,0.000018171780870688002
832,0.000018256920996834437
834,0.000018345346615580237
836,0.0000184367816797295
838,0.00001853126541916778
840,0.00001862920250687233
842,0.00001873137869049411
844,0.000018838941330755055
846,0.000018953348529777738
848,0.000019076293905341536
850,0.000019209615975789813
852,0.000019355201374057776
854,0.00001951488993233317
856,0.000019690387587553055
858,0.000019883190672522
860,0.00002009452302747188
862,0.000020325285862046087
864,0.000020576019575168598
866,0.000020846876768815085
868,0.000021137606300990155
870,0.000021447549152719452
872,0.000021775647820315326
874,0.00002212047155083035
876,0.000022480259689223354
878,0.00002285298443724362
880,0.00002323643231383796
882,0.000023628300664195612
884,0.000024026302103215345
886,0.000024428266524280528
888,0.000024832228187607134
890,0.000025236485335515687
892,0.000025639622352404708
894,0.00002604048968368456
896,0.00002643814381723428
898,0.000026831757266041805
900,0.00002722051503277628
902,0.0000276035179777001
904,0.0000279797138433668
906,0.000028347873117452705
908,0.000028706619884760587
910,0.000029054518418991082
912,0.00002939020605893824
914,0.000029712553732502226
916,0.00003002082915137942
918,0.00003031483563663472
920,0.00003059500241140628
922,0.000030862409604844966
924,0.00003111874165755568
926,0.000031366174063750797
928,0.00003160720806745669
930,0.000031844474244288834
932,0.00003208052805949161
934,0.00003231765880271017
936,0.00003255772885998869
938,0.00003280205448985886
940,0.000033051333347936784
942,0.000033305618740542153
944,0.00003356433632001444
946,0.00003382633572935506
948,0.00003408996759705553
950,0.000034353175438954937
952,0.00003461359272248575
954,0.00003486863778809893
956,0.000035115603330972894
958,0.00003535174196257037
960,0.00003557435366272972
962,0.00003578088311675619
964,0.0000359690337364427
966,0.00003613690021126781
968,0.00003628311359340449
970,0.00003640698422433813
972,0.000036508620930270204
974,0.00003658900230107472
976,0.00003664997890342403
978,0.00003669419373888825
980,0.00003672492034105474
982,0.000036745830824768786
984,0.000036760717099594895
986,0.00003677319527809652
988,0.000036786425259043925
990,0.00003680287498701678
992,0.00003682415320156423
994,0.00003685092698969284
996,0.000036882932249759
998,0.000036919076883804915
1000,0.00003695762840132043
1002,0.00003699646979590907
1004,0.000037033400427280183
1006,0.00003706645297651677
1008,0.000037094194429788175
1010,0.00003711597956305413
1012,0.000037132130160384406
1014,0.00003714402195172186
1016,0.000037154072753224334
1018,0.00003716563751089687
1020,0.0000371828266192168
1022,0.000037210271142077714
1024,0.00003725286143493406
1026,0.000037315484269058954
1028,0.00003740277892006918
1030,0.00003751892633451345
1032,0.00003766747899021912
1034,0.00003785123363220249
1036,0.00003807214537170362
1038,0.00003833127980416237
1040,0.00003862879950992537
1042,0.00003896398194027475
1044,0.000039335266530385695
1046,0.00003974032921926793
1048,0.00004017618186556008
1050,0.000040639292106145745
1052,0.000041125716215092506
1054,0.000041631234165036606
1056,0.00004215147346529522
1058,0.00004268200772368467
1060,0.00004321841831919183
1062,0.00004375631349813144
1064,0.000044291308049582547
1066,0.00004481897685972914
1068,0.00004533480471193103
1070,0.00004583416013585634
1072,0.00004631232088537902
1074,0.000046764571844076216
1076,0.00004718638340852797
1078,0.00004757366178598881
1080,0.00004792304546780067
1082,0.000048232208275558816
1084,0.00004850012237956535
1086,0.00004872723682185104
1088,0.00004891553852566673
1090,0.00004906848138641481
1092,0.000049190790782889984
1094,0.00004928817091481344
1096,0.0000493669565444191
1098,0.00004943375647494535
1100,0.00004949513308010068
1102,0.00004955735196709142
1104,0.00004962622116661479
1106,0.000049707023207258615
1108,0.000049804528855573544
1110,0.00004992307031085881
1112,0.000050066645524276405
1114,0.00005023902448085663
1116,0.00005044383229966177
1118,0.00005068459166920927
1120,0.00005096471670511699
1122,0.00005128745989489181
1124,0.00005165582175344179
1126,0.00005207243815095248
1128,0.00005253946275721328
1130,0.00005305846208884993
1132,0.000053630339009400955
1134,0.00005425529796465065
1136,0.00005493286219462445
1138,0.00005566194970648397
1140,0.000056441010652575986
1142,0.00005726822357035629
1144,0.000058141741544498045
1146,0.000059059972066191136
1148,0.00006002186713458027
1150,0.00006102719444938087
1152,0.00006207675803765593
1154,0.00006317253861970386
1156,0.00006431773079051736
1158,0.00006551666476676692
1160,0.0000667746129919014
1162,0.00006809749371409582
1164,0.00006949149241444599
1166,0.00007096262629663816
1168,0.00007251627690356202
1170,0.00007415671245058987
1172,0.00007588661653459357
1174,0.00007770663549037528
1176,0.00007961495443002884
1178,0.00008160691282359781
1180,0.00008367467446126009
1182,0.0000858069730970319
1184,0.00008798896263952072
1186,0.0000902022074895019
1188,0.0000924248522142532
1190,0.00009463200781719417
1192,0.00009679638244197142
1194,0.00009888916649753216
1196,0.00010088115658479113
1198,0.00010274407190802222
1200,0.000104451985566969
1202,0.00010598276683012081
1204,0.0001073194146023762
1206,0.00010845116073674758
1208,0.00010937423605614139
1210,0.0001100922206622711
1212,0.00011061593964547872
1214,0.00011096291033863547
1216,0.00011115639159875474
1218,0.00011122412306746412
1220,0.00011119686771822641
1222,0.00011110688097343651
1224,0.00011098642377960598
1226,0.00011086641776435064
1228,0.00011077531282627053
1230,0.00011073820713884597
1232,0.00011077623201814313
1234,0.00011090619316190666
1236,0.00011114044690553082
1238,0.00011148698468062241
1240,0.00011194969852608522
1242,0.00011252880220856202
1244,0.00011322138320676059
1246,0.00011402205823492703
1248,0.00011492369824457716
1250,0.00011591817881591865
1252,0.00011699710111791139
1254,0.00011815242096020546
1256,0.0001193769228338162
1258,0.00012066448507191461
1260,0.0001220101019501881
1262,0.00012340965658164078
1264,0.00012485947049673346
1266,0.0001263556864714209
1268,0.00012789356554749698
1270,0.00012946679387015476
1272,0.00013106689837815648
1274,0.00013268286245704536
1276,0.00013430101425362015
1278,0.00013590523284629904
1280,0.00013747748291301922
1282,0.00013899865006264622
1284,0.00014044961116342392
1286,0.00014181244258661303
1288,0.00014307165016625535
1290,0.00014421530205984586
1292,0.0001452359603359953
1294,0.00014613133552443097
1296,0.0001469046236432133
1298,0.0001475645194140056
1300,0.00014812492633539863
1302,0.0001486044016113452
1304,0.00014902538307953332
1306,0.00014941324985782273
1308,0.0001497952717726327
1310,0.00015019950608582513
1312,0.00015065370264422627
1314,0.0001511842781766851
1316,0.00015181541526127526
1318,0.00015256833117848305
1320,0.0001534607478406432
1322,0.0001545065786845787
1324,0.00015571583435640665
1326,0.0001570947379824149
1328,0.00015864603341386174
1330,0.0001603694654688687
1332,0.00016226240835213437
1334,0.0001643206151086271
1336,0.0001665390552687311
1338,0.00016891279870952453
1340,0.00017143789166599777
1342,0.0001741121581859816
1344,0.0001769358512200545
1346,0.00017991207666121628
1348,0.00018304692461438546
1350,0.00018634926588505972
1352,0.0001898302054913089
1354,0.000193502223226983
1356,0.00019737806685969395
1358,0.0002014694901397584
1360,0.00020578594162316312
1362,0.0002103333106588119
1364,0.00021511282554336717
1366,0.0002201201788031446
1368,0.00022534492878225842
1370,0.00023077019752346692
1372,0.00023637265427725696
1374,0.0002421227443393687
1376,0.0002479850981934384
1378,0.00025391904162150937
1380,0.00025987912955059516
1382,0.000265815649083252
1384,0.00027167507980118956
1386,0.00027740055454056025
1388,0.0002829324171681883
1390,0.00028820900755805086
1392,0.00029316780206809385
1394,0.0002977469926954969
1396,0.00030188750481732887
1398,0.00030553535031310107
1400,0.00030864411714574694
1402,0.0003111773361075099
1404,0.0003131104597035161
1406,0.00031443224058575847
1408,0.00031514539360861913
1410,0.00031526653959684
1412,0.0003148255297667258
1414,0.0003138643133608203
1416,0.0003124355269713036
1418,0.0003106009571050106
1420,0.00030842997446241607
1422,0.00030599798081887205
1424,0.0003033848664939265
1426,0.0003006734592286675
1428,0.0002979479544337138
1430,0.0002952923436593063
1432,0.0002927888893127707
1434,0.00029051671608070693
1436,0.00028855059496184557
1438,0.0002869599827220108
1440,0.0002858083522572544
1442,0.0002851528153564633
1444,0.0002850440064799204
1446,0.00028552617019357503
1448,0.0002866373786502525
1450,0.00028840979910292646
1452,0.0002908699331796331
1454,0.0002940387571102909
1456,0.00029793170295816545
1458,0.0003025584334958563
1460,0.000307922376824939
1462,0.0003140200010865258
1464,0.000320839825132248
1466,0.0003283611786011797
1468,0.00033655274524823465
1470,0.00034537094704611087
1472,0.0003547582533810526
1474,0.0003646415285807274
1476,0.0003749305600532883
1478,0.000385516935471156
1480,0.00039627345681592015
1482,0.0004070542872303488
1484,0.00041769601881660106
1486,0.0004280198213918438
1488,0.0004378347803335444
1490,0.00044694245445948955
1492,0.00045514258394597915
1494,0.00046223975963636935
1496,0.00046805074022717694
1498,0.000472411989387019
1500,0.0004751869204180712
1502,0.0004762722999603202
1504,0.0004756032867766324
1506,0.0004731566693686599
1508,0.00046895200865908985
1510,0.00046305057167399927
1512,0.0004555521360513044
1514,0.0004465899289700933
1516,0.0004363241157197741
1518,0.00042493435565969817
1520,0.0004126119869363169
1522,0.0003995523845454178
1524,0.0003859479660218484
1526,0.0003719822089676513
1528,0.0003578249127118704
1530,0.00034362880137326344
1532,0.0003295274438919578
1534,0.00031563437002016
1536,0.00030204319593663426
1538,0.000288828539653268
1540,0.00027604750087795594
1542,0.00026374149591043284
1544,0.00025193826791075256
1546,0.000240653929376468
1548,0.0002298949311462339
1550,0.0002196598867180932
1552,0.0002099412098399506
1554,0.00020072654630793685
1556,0.00019199999779834372
1558,0.0001837431470605256
1560,0.0001759359008884191
1562,0.00016855717099591454
1564,0.0001615854141908351
1566,0.00015499905286757873
1568,0.00014877679544338712
1570,0.00014289787441085122
1572,0.0001373422174952221
1574,0.00013209056520528255
1576,0.00012712454598404988
1578,0.00012242671827397908
1580,0.00011798058714333188
1582,0.00011377060168209784
1584,0.00010978213815721841
1586,0.00010600147289886448
1588,0.0001024157480490491
1590,0.00009901293261689244
1592,0.00009578178072824834
1594,0.00009271178850997959
1596,0.00008979315069214428
1598,0.00008701671772848687
1600,0.00008437395401309651
1602,0.00008185689759732859
1604,0.00007945812167647542
1606,0.0000771706980123385
1608,0.00007498816237935651
1610,0.00007290448206307249
1612,0.00007091402539627412
1614,0.00006901153328674459
1616,0.00006719209266852498
1618,0.00006545111179377275
1620,0.00006378429727300898
1622,0.00006218763276644145
1624,0.000060657359227079464
1626,0.000059189956596700736
1628,0.00005778212685774364
1630,0.000056430778347392276
1632,0.00005513301124410769
1634,0.0000538861041413504
1636,0.000052687501628013655
1638,0.00005153480279997891
1640,0.000050425750632094316
1642,0.00004935822214467323
1644,0.00004833021930325352
1646,0.00004733986059480444
1648,0.00004638537322779284
1650,0.00004546508590750566
1652,0.000044577422141767225
1654,0.000043720894035685715
1656,0.00004289409653731844
1658,0.000042095702099168466
1660,0.00004132445572322293
1662,0.00004057917035983192
1664,0.000039858722633112166
1666,0.000039162048867760514
1668,0.00003848814139418547
1670,0.00003783604511072695
1672,0.0000372048542834442
1674,0.0000365937095655225
1676,0.000036001795219790634
1678,0.00003542833652916348
1680,0.00003487259738103754
1682,0.0000343338780127798
1684,0.00003381151290647047
1686,0.000033304868821996774
1688,0.000032813342958452394
1690,0.000032336361234585095
1692,0.00003187337667975686
1694,0.00003142386792754405
1696,0.0000309873378047125
1698,0.00003056331200886166
1700,0.000030151337868543944
1702,0.000029750983180136458
1704,0.000029361835116175234
1706,0.00002898349920025947
1708,0.000028615598343999215
1710,0.000028257771941816256
1712,0.00002790967501971751
1714,0.000027570977434445246
1716,0.000027241363119670836
1718,0.00002692052937614079
1720,0.000026608186202906447
1722,0.000026304055666974446
1724,0.000026007871308904797
1726,0.0000257193775820582
1728,0.000025438329323356213
1730,0.000025164491253566887
1732,0.00002489763750526683
1734,0.000024637551176757994
1736,0.000024384023910335763
1738,0.00002413685549341416
1740,0.000023895853481115077
1742,0.000023660832839022296
1744,0.000023431615604887894
1746,0.0000232080305681592
1748,0.000022989912966269177
1750,0.000022777104196702467
1752,0.000022569451543913825
1754,0.00002236680792023525
1756,0.000022169031619964074
1758,0.000021975986085875557
1760,0.00002178753968745198
1762,0.000021603565510164663
1764,0.00002142394115518723
1766,0.00002124854854895708
1768,0.000021077273762038234
1770,0.00002091000683677242
1772,0.000020746641623236686
1774,0.0000205870756230551
1776,0.000020431209840639603
1778,0.000020278948641460417
1780,0.00002013019961697051
1782,0.000019984873455830745
1784,0.000019842883821103276
1786,0.000019704147233100362
1788,0.000019568582957593727
1790,0.000019436112899107057
1792,0.00001930666149902989
1794,0.00001918015563830641
1796,0.000019056524544466394
1798,0.00001893569970277916
1800,0.000018817614771323204
1802,0.000018702205499776214
1804,0.00001858940965174083
1806,0.0000184791669304317
1808,0.000018371418907559107
1810,0.0000182661089552533
1812,0.000018163182180882297
1814,0.000018062585364623656
1816,0.000017964266899658485
1818,0.000017868176734862726
1820,0.000017774266319877636
1822,0.000017682488552447383
1824,0.000017592797727917805
1826,0.000017505149490795694
1828,0.000017419500788273365
1830,0.000017335809825628095
1832,0.00001725403602341067
1834,0.00001717413997634171
1836,0.000017096083413838574
1838,0.00001701982916209938
1840,0.00001694534110767471
1842,0.000016872584162460666
1844,0.000016801524230050497
1846,0.000016732128173385058
1848,0.000016664363783645157
1850,0.000016598199750331967
1852,0.000016533605632483887
1854,0.00001647055183098107
1856,0.000016409009561890977
1858,0.000016348950830810747
1860,0.00001629034840816399
1862,0.00001623317580541197
1864,0.000016177407252140778
1866,0.000016123017673987942
1868,0.000016069982671373755
1870,0.000016018278499004106
1872,0.000015967882046113084
1874,0.00001591877081741525
1876,0.000015870922914738724
1878,0.000015824317019311545
1880,0.00001577893237467513
1882,0.00001573474877019968
1884,0.00001569174652517762
1886,0.000015649906473472197
1888,0.00001560920994869938
1890,0.000015569638769922142
1892,0.00001553117522783719
1894,0.000015493802071434994
1896,0.000015457502495114906
1898,0.00001542226012623786
1900,0.000015388059013099938
1902,0.000015354883613310812
1904,0.000015322718782561767
1906,0.000015291549763768587
1908,0.00001526136217657533
1910,0.000015232142007205485
1912,0.0000152038755986477
1914,0.00001517654964116366
1916,0.000015150151163106325
1918,0.000015124667522037216
1920,0.000015100086396131808
1922,0.000015076395775862684
1924,0.000015053583955950382
1926,0.000015031639527572396
1928,0.000015010551370821127
1930,0.000014990308647401877
1932,0.000014970900793562552
1934,0.000014952317513246796
1936,0.000014934548771462838
1938,0.000014917584787860507
1940,0.000014901416030509232
1942,0.00001488603320987008
1944,0.000014871427272955222
1946,0.0000148575893976684
1948,0.000014844510987320264
1950,0.00001483218366531269
1952,0.000014820599269986386
1954,0.000014809749849626337
1956,0.000014799627657619824
1958,0.000014790225147762012
1960,0.000014781534969704179
1962,0.000014773549964539998
1964,0.000014766263160525275
1966,0.000014759667768926938
1968,0.000014753757179996985
1970,0.000014748524959067454
1972,0.000014743964842762566
1974,0.000014740070735324251
1976,0.00001473683670504755
1978,0.000014734256980822369
1980,0.00001473232594877837
1982,0.000014731038149029668
1984,0.00001473038827251632
1986,0.000014730371157939643
1988,0.000014730981788788471
1990,0.000014732215290453566
1992,0.00001473406692742756
1994,0.000014736532100587837
1996,0.000014739606344559894
1998,0.000014743285325158771
2000,0.000014747564836906263
2002,0.000014752440800621682
2004,0.000014757909261084036
2006,0.000014763966384763554
2008,0.00001477060845762054
2010,0.00001477783188296969
2012,0.000014785633179407922
2014,0.000014794008978804009
2016,0.00001480295602434826
2018,0.000014812471168660541
2020,0.000014822551371955097
2022,0.000014833193700260508
2024,0.00001484439532369343
2026,0.000014856153514784514
2028,0.000014868465646855192
2030,0.00001488132919244398
2032,0.00001489474172178093
2034,0.000014908700901309047
2036,0.000014923204492251367
2038,0.000014938250349222626
2040,0.000014953836418884272
2042,0.000014969960738641818
2044,0.000014986621435383396
2046,0.000015003816724258565
2048,0.000015021544907496318
2050,0.000015039804373261398
2052,0.000015058593594547924
2054,0.000015077911128109536
2056,0.000015097755613425075
2058,0.000015118125771699135
2060,0.00001513902040489648
2062,0.000015160438394809774
2064,0.000015182378702159663
2066,0.00001520484036572669
2068,0.000015227822501514182
2070,0.000015251324301941531
2072,0.00001527534503506722
2074,0.00001529988404384091
2076,0.00001532494074538405
2078,0.00001535051463029841
2080,0.00001537660526200192
2082,0.00001540321227609142
2084,0.000015430335379731605
2086,0.000015457974351069833
2088,0.000015486129038676222
2090,0.000015514799361008606
2092,0.00001554398530590187
2094,0.00001557368693008129
2096,0.0000156039043586994
2098,0.000015634637784896042
2100,0.00001566588746938117
2102,0.000015697653740040074
2104,0.00001572993699156069
2106,0.000015762737685082557
2108,0.000015796056347867262
2110,0.000015829893572989867
2112,0.00001586425001905124
2114,0.00001589912640991078
2116,0.000015934523534439437
2118,0.00001597044224629269
2120,0.00001600688346370324
2122,0.000016043848169293224
2124,0.000016081337409905646
2126,0.000016119352296454903
2128,0.000016157894003796148
2130,0.000016196963770613313
2132,0.000016236562899325626
2134,0.000016276692756012414
2136,0.00001631735477035609
2138,0.00001635855043560312
2140,0.00001640028130854288
2142,0.00001644254900950419
2144,0.000016485355222369547
2146,0.00001652870169460679
2148,0.000016572590237318178
2150,0.0000166170227253068
2152,0.000016662001097160195
2154,0.000016707527355351117
2156,0.000016753603566355373
2158,0.000016800231860786703
2160,0.00001684741443354864
2162,0.00001689515354400326
2164,0.000016943451516156895
2166,0.000016992310738862653
2168,0.000017041733666039882
2170,0.000017091722816910393
2172,0.00001714228077625162
2174,0.000017193410194666553
2176,0.000017245113788870648
2178,0.000017297394341995524
2180,0.0000173502547039097
2182,0.000017403697791556195
2184,0.000017457726589307257
2186,0.000017512344149336034
2188,0.00001756755359200551
2190,0.00001762335810627455
2192,0.00001767976095012128
2194,0.0000177367654509838
2196,0.00001779437500621839
2198,0.000017852593083575264
2200,0.000017911423221691998
2202,0.00001797086903060476
2204,0.000018030934192277435
2206,0.00001809162246114881
2208,0.000018152937664697963
2210,0.00001821488370402796
2212,0.000018277464554468086
2214,0.00001834068426619469
2216,0.000018404546964870926
2218,0.000018469056852305428
2220,0.00001853421820713028
2222,0.000018600035385498332
2224,0.000018666512821800145
2226,0.00001873365502940076
2228,0.000018801466601396547
2230,0.00001886995221139227
2232,0.000018939116614298773
2234,0.000019008964647151358
2236,0.000019079501229949257
2238,0.000019150731366516395
2240,0.00001922266014538373
2242,0.000019295292740693496
2244,0.000019368634413125588
2246,0.000019442690510846437
2248,0.000019517466470480745
2250,0.00001959296781810623
2252,0.000019669200170271984
2254,0.000019746169235040522
2256,0.000019823880813054096
2258,0.000019902340798625523
2260,0.00001998155518085396
2262,0.000020061530044766
2264,0.00002014227157248249
2266,0.00002022378604441154
2268,0.000020306079840468077
2270,0.000020389159441320428
2272,0.000020473031429664374
2274,0.000020557702491525223
2276,0.00002064317941758816
2278,0.000020729469104557687
2280,0.000020816578556546365
2282,0.000020904514886493574
2284,0.00002099328531761475
2286,0.00002108289718488163
2288,0.000021173357936534147
2290,0.000021264675135624467
2292,0.00002135685646159387
2294,0.000021449909711882936
2296,0.000021543842803575875
2298,0.00002163866377507943
2300,0.000021734380787837147
2302,0.00002183100212807974
2304,0.00002192853620861204
2306,0.000022026991570637487
2308,0.000022126376885620787
2310,0.000022226700957189455
2312,0.00002232797272307508
2314,0.00002243020125709517
2316,0.00002253339577117624
2318,0.000022637565617419086
2320,0.000022742720290207128
2322,0.000022848869428358642
2324,0.000022956022817323807
2326,0.00002306419039142755
2328,0.000023173382236159042
2330,0.000023283608590508992
2332,0.000023394879849355543
2334,0.00002350720656589997
2336,0.00002362059945415318
2338,0.0000237350693914741
2340,0.000023850627421161077
2342,0.00002396728475509746
2344,0.000024085052776452507
2346,0.000024203943042438883
2348,0.00002432396728712791
2350,0.000024445137424323915
2352,0.000024567465550499027
2354,0.000024690963947789603
2356,0.000024815645087055834
2358,0.000024941521631005887
2360,0.000025068606437386017
2362,0.000025196912562238155
2364,0.00002532645326322658
2366,0.000025457242003035115
2368,0.00002558929245283659
2370,0.000025722618495836217
2372,0.000025857234230890475
2374,0.000025993153976203427
2376,0.000026130392273102183
2378,0.000026268963889893303
2380,0.00002640888382580223
2382,0.000026550167314997474
2384,0.000026692829830701758
2386,0.000026836887089392064
2388,0.000026982355055090797
2390,0.000027129249943750102
2392,0.000027277588227731793
2394,0.000027427386640385
2396,0.000027578662180723987
2398,0.000027731432118208612
2400,0.000027885713997629834
2402,0.000028041525644102946
2404,0.000028198885168171098
2406,0.00002835781097102191
2408,0.000028518321749819855
2410,0.00002868043650315746
2412,0.00002884417453662813
2414,0.0000290095554685237
2416,0.000029176599235659875
2418,0.000029345326099332783
2420,0.000029515756651409854
2422,0.000029687911820558567
2424,0.000029861812878616524
2426,0.000030037481447106456
2428,0.000030214939503899874
2430,0.000030394209390033213
2432,0.00003057531381668044
2434,0.000030758275872286074
2436,0.00003094311902986298
2438,0.00003112986715445897
2440,0.00003131854451079698
2442,0.00003150917577109301
2444,0.00003170178602305689
2446,0.00003189640077808043
2448,0.000032093045979618055
2450,0.0000322917480117651
2452,0.00003249253370803895
2454,0.0000326954303603686
2456,0.00003290046572829811
2458,0.000033107668048409905
2460,0.00003331706604397372
2462,0.00003352868893482757
2464,0.0000337425664474968
2466,0.000033958728825558006
2468,0.00003417720684025444
2470,0.0000343980318013699
2472,0.0000346212355683683
2474,0.00003484685056180617
2476,0.00003507490977502603
2478,0.00003530544678613812
2480,0.000035538495770298964
2482,0.00003577409151229494
2484,0.000036012269419439544
2486,0.00003625306553479341
2488,0.0000364965165507161
2490,0.00003674265982275932
2492,0.00003699153338391142
2494,0.00003724317595920319
2496,0.00003749762698068557
2498,0.00003775492660278995
2500,0.0000380151157180825
2502,0.0000382782359734237
2504,0.00003854432978654539
2506,0.00003881344036305742
2508,0.00003908561171389683
2510,0.0000393608886732324
2512,0.00003963931691683876
2514,0.000039920942980953506
2516,0.00004020581428163238
2518,0.00004049397913461724
2520,0.00004078548677573254
2522,0.000041080387381826486
2524,0.00004137873209227328
2526,0.000041680573031054005
2528,0.00004198596332943368
2530,0.00004229495714925323
2532,0.00004260760970685521
2534,0.00004292397729766323
2536,0.00004324411732143553
2538,0.00004356808830821378
2540,0.00004389594994498931
2542,0.00004422776310310908
2544,0.000044563589866445565
2546,0.00004490349356035424
2548,0.00004524753878144458
2550,0.00004559579142819024
2552,0.000045948318732406084
2554,0.000046305189291619696
2556,0.00004666647310236703
2558,0.00004703224159444202
2560,0.00004740256766613186
2562,0.00004777752572047033
2564,0.00004815719170254298
2566,0.000048541643137879204
2568,0.0000489309591719675
2570,0.000049325220610931635
2572,0.00004972450996340699
2574,0.000050128911483657585
2576,0.00005053851121597601
2578,0.00005095339704041017
2580,0.000051373658719862345
2582,0.00005179938794860768
2584,0.0000522306784022815
2586,0.00005266762578938633
2588,0.00005311032790437173
2590,0.00005355888468234203
2592,0.00005401339825544946
2594,0.00005447397301103215
2596,0.00005494071565155902
2598,0.00005541373525644625
2600,0.00005589314334581214
2602,0.00005637905394624045
2604,0.00005687158365862475
2606,0.0000573708517281695
2608,0.00005787698011662659
2610,0.00005839009357684931
2612,0.00005891031972974926
2614,0.00005943778914374513
2616,0.00005997263541679606
2618,0.00006051499526111617
2620,0.00006106500859067084
2622,0.00006162281861156013
2624,0.00006218857191539813
2626,0.00006276241857580299
2628,0.00006334451224811622
2630,0.00006393501027247596
2632,0.00006453407378037329
2634,0.00006514186780482718
2636,0.00006575856139431942
2638,0.00006638432773063677
2640,0.00006701934425077418
2642,0.00006766379277306046
2644,0.00006831785962767409
2646,0.00006898173579172472
2648,0.00006965561702908444
2650,0.00007033970403516025
2652,0.00007103420258680882
2654,0.00007173932369760313
2656,0.00007245528377867109
2658,0.00007318230480533552
2660,0.00007392061448979626
2662,0.00007467044646010653
2664,0.00007543204044570643
2666,0.00007620564246979097
2668,0.00007699150504880087
2670,0.00007778988739934012
2672,0.00007860105565283792
2674,0.0000794252830782881
2676,0.00008026285031341573
2678,0.0000811140456046371
2680,0.00008197916505619812
2682,0.00008285851288889432
2684,0.00008375240170879646
2686,0.00008466115278642634
2688,0.00008558509634685038
2690,0.00008652457187118151
2692,0.00008747992841000551
2694,0.00008845152490927375
2696,0.0000894397305492328
2698,0.00009044492509699005
2700,0.0000914674992733466
2702,0.00009250785513456076
2704,0.00009356640646974133
2706,0.00009464357921460595
2708,0.00009573981188237955
2710,0.00009685555601264938
2712,0.0000979912766390366
2714,0.00009914745277659172
2716,0.00010032457792986982
2718,0.00010152316062269475
2720,0.0001027437249506764
2722,0.00010398681115760448
2724,0.00010525297623690543
2726,0.00010654279455941461
2728,0.0001078568585287877
2730,0.00010919577926595028
2732,0.000110560187324064
2734,0.00011195073343557375
2736,0.00011336808929298988
2738,0.000114812948365157
2740,0.0001162860267508625
2742,0.00011778806407174806
2744,0.00011931982440660399
2746,0.00012088209726924986
2748,0.00012247569863233843
2750,0.00012410147199956077
2752,0.00012576028952888106
2754,0.0001274530532095924
2756,0.0001291806960961551
2758,0.00013094418360196412
2760,0.0001327445148563902
2762,0.0001345827241286471
2764,0.00013645988232226475
2766,0.00013837709854418935
2768,0.00014033552175278744
2770,0.00014233634248931036
2772,0.0001443807946976706
2774,0.00014647015763769933
2776,0.00014860575789739619
2778,0.00015078897151004885
2780,0.00015302122618249172
2782,0.00015530400364119638
2784,0.0001576388421033406
2786,0.0001600273388804892
2788,0.0001624711531230467
2790,0.0001649720087142046
2792,0.00016753169732271707
2794,0.00017015208162449006
2796,0.0001728350987036785
2798,0.00017558276364474518
2800,0.00017839717332775575
2802,0.000181280510440072
2804,0.00018423504771855942
2806,0.00018726315243746064
2808,0.000190367291158201
2810,0.00019355003475860007
2812,0.000196814063760269
2814,0.00020016217397438526
2816,0.00020359728248756637
2818,0.0002071224340112217
2820,0.00021074080761955343
2822,0.00021445572390332824
2824,0.0002182706525686465
2826,0.00022218922051223062
2828,0.00022621522040723374
2830,0.00023035261983627502
2832,0.00023460557101133233
2834,0.0002389784211233148
2836,0.0002434757233675948
2838,0.00024810224869554874
2840,0.00025286299834624814
2842,0.000257763217216899
2844,0.0002628084081354797
2846,0.0002680043471042997
2848,0.00027335709958895504
2850,0.0002788730379334064
2852,0.0002845588599887246
2854,0.00029042160905046096
2856,0.00029646869520768074
2858,0.00030270791821549045
2860,0.0003091474920124588
2862,0.0003157960710147465
2864,0.00032266277833008423
2866,0.0003297572360470453
2868,0.0003370895977684342
2870,0.0003446705835721098
2872,0.0003525115175982954
2874,0.0003606243684794338
2876,0.0003690217928470394
2878,0.0003777171821698185
2880,0.0003867247131986546
2882,0.0003960594023169106
2884,0.00040573716411893175
2886,0.0004157748745656013
2888,0.00042619043909327596
2890,0.0004370028660812862
2892,0.00044823234611323227
2894,0.0004599003374982683
2896,0.00047202965854998424
2898,0.0004846445871517995
2900,0.0004977709681681274
2902,0.0005114363292888421
2904,0.0005256700059193097
2906,0.0005405032757474632
2908,0.0005559695036305661
2910,0.0005721042974441344
2912,0.0005889456755196885
2914,0.0006065342462612011
2916,0.0006249134004653175
2918,0.0006441295167689245
2920,0.0006642321804983414
2922,0.000685274415983436
2924,0.0007073129321099654
2926,0.0007304083804928781
2928,0.0007546256251355576
2930,0.0007800340217624131
2932,0.0008067077041350723
2934,0.0008347258735378201
2936,0.0008641730861887409
2938,0.0008951395315321738
2940,0.0009277212921181744
2942,0.0009620205729885219
2944,0.0009981458850715171
2946,0.0010362121629409382
2948,0.0010763407923237971
2950,0.0011186595168693337
2952,0.0011633021868762256
2954,0.0012104083049384552
2956,0.0012601223149380102
2958,0.0013125925717652142
2960,0.0013679699200868445
2962,0.0014264058022081616
2964,0.001488049808767497
2966,0.0015530465832919369
2968,0.0016215319946480571
2970,0.0016936285027106992
2972,0.0017694396650051486
2974,0.0018490437684729765
2976,0.0019324866231073348
2978,0.0020197736239195704
2980,0.0021108612733082405
2982,0.002205648453337941
2984,0.0023039678395966505
2986,0.002405577945731188
2988,0.002510156370422659
2990,0.0026172948784010707
2992,0.0027264969803487424
2994,0.0028371786840710347
2996,0.0029486730732984673
2998,0.003060239327220465
3000,0.003171076705289394
3002,0.0032803438515270783
3004,0.0033871834725230725
3006,0.003490751974722491
3008,0.0035902530095651623
3010,0.0036849731341191084
3012,0.0037743170841887342
3014,0.0038578396549684315
3016,0.003935271062537407
3018,0.004006533022735619
3020,0.0040717436275176915
3022,0.004131210299434115
3024,0.004185411448454794
3026,0.004234968690511479
3028,0.004280612385065732
3030,0.004323143654141695
3032,0.004363395907289899
3034,0.004402198280364988
3036,0.004440342465705613
3038,0.004478553394666054
3040,0.004517463364478892
3042,0.004557588661058089
3044,0.004599307601756773
3046,0.004642839184159251
3048,0.004688222074724835
3050,0.004735294369166793
3052,0.004783675285388352
3054,0.0048327506279843314
3056,0.0048816644360011475
3058,0.004929319633035584
3060,0.004974390647288933
3062,0.005015350728678529
3064,0.005050515925795298
3066,0.005078106316744943
3068,0.005096323151723904
3070,0.005103438258503193
3072,0.005097889741066327
3074,0.005078376127786127
3076,0.005043940162403323
3078,0.004994033716736712
3080,0.0049285569363644146
3082,0.004847867509246206
3084,0.004752759402599588
3086,0.004644413919641876
3088,0.004524328866130596
3090,0.004394233528742609
3092,0.004255997849389965
3094,0.0041115436926110575
3096,0.003962764712236705
3098,0.003811459399789888
3100,0.0036592798200040725
3102,0.0035076966233691578
3104,0.0033579793833743757
3106,0.003211190237900821
3108,0.003068188224888908
3110,0.002929641528306732
3112,0.0027960449902555305
3114,0.002667740587340821
3116,0.0025449390128446736
3118,0.0024277409709525972
3120,0.002316157220847292
3122,0.0022101267759739368
3124,0.002109532955049667
3126,0.0020142171972656322
3128,0.0019239907031253654
3130,0.001838644056502275
3132,0.0017579550354577137
3134,0.0016816948407670288
3136,0.0016096329717176663
3138,0.001541540966243902
3140,0.001477195202551573
3142,0.0014163789360881463
3144,0.001358883721716004
3146,0.0013045103479281226
3148,0.0012530693888567175
3150,0.0012043814611184885
3152,0.0011582772563388456
3154,0.0011145974064242729
3156,0.0010731922271154013
3158,0.0010339213758074255
3160,0.0009966534518067345
3162,0.0009612655608472648
3164,0.0009276428605807617
3166,0.0008956780996713694
3168,0.0008652711598837706
3170,0.0008363286079995354
3172,0.0008087632623973684
3174,0.0007824937775807293
3176,0.0007574442487412928
3178,0.0007335438375357637
3180,0.0007107264195673628
3182,0.0006889302535539606
3184,0.0006680976717939512
3186,0.0006481747912777864
3188,0.0006291112446132196
3190,0.0006108599298163047
3192,0.000593376777952792
3194,0.0005766205375836909
3196,0.0005605525749649968
3198,0.0005451366889675586
3200,0.0005303389397130748
3202,0.000516127489961859
3204,0.0005024724583339282
3206,0.0004893457834945939
3208,0.00047672109848713223
3210,0.00046457361444687345
3212,0.0004528800129821226
3214,0.0004416183465569654
3216,0.0004307679462587337
3218,0.00042030933637834077
3220,0.0004102241552746774
3222,0.0004004950820346669
3224,0.00039110576847840216
3226,0.0003820407760940455
3228,0.0003732855175199494
3230,0.000364826202221835
3232,0.0003566497860409686
3234,0.00034874392431522635
3236,0.000341096928298856
3238,0.0003336977246287831
3240,0.0003265358176055716
3242,0.00031960125407577824
3244,0.0003128845907195596
3246,0.00030637686356309936
3248,0.0003000695595498483
3250,0.0002939545900178054
3252,0.0002880242659422051
3254,0.00028227127481411716
3256,0.00027668865903568104
3258,0.00027126979572206716
3260,0.0002660083778088565
3262,0.00026089839637142025
3264,0.0002559341240701179
3266,0.0002511100996417816
3268,0.0002464211133640528
3270,0.0002418621934247438
3272,0.00023742859313354253
3274,0.00023311577891811164
3276,0.00022891941905098131
3278,0.00022483537305763475
3280,0.0002208596817598656
3282,0.0002169885579118736
3284,0.00021321837738968031
3286,0.00020954567089732335
3288,0.00020596711615592967
3290,0.00020247953054421193
3292,0.00019907986416117928
3294,0.00019576519328393468
3296,0.00019253271419534203
3298,0.000189379737358122
3300,0.00018630368191356776
3302,0.00018330207048458536
3304,0.00018037252426416055
3306,0.0001775127583716499
3308,0.00017472057746048788
3310,0.00017199387156201533
3312,0.0001693306121511575
3314,0.000166728848420636
3316,0.00016418670375128064
3318,0.00016170237236682618
3320,0.00015927411616234075
3322,0.0001569002616961389
3324,0.00015457919733568725
3326,0.00015230937054862233
3328,0.00015008928533056606
3330,0.00014791749976195278
3332,0.0001457926236865721
3334,0.00014371331650498955
3336,0.0001416782850764326
3338,0.00013968628172312717
3340,0.00013773610233143853
3342,0.0001358265845445167
3344,0.00013395660604146863
3346,0.0001321250828983787
3348,0.00013033096802678157
3350,0.0001285732496854523
3352,0.00012685095006162485
3354,0.00012516312391797836
3356,0.00012350885730194594
3358,0.00012188726631410042
3360,0.00012029749593256046
3362,0.00011873871889053502
3364,0.00011721013460429032
3366,0.00011571096814897646
3368,0.0001142404692798974
3370,0.00011279791149694228
3372,0.00011138259115002407
3374,0.00010999382658349188
3376,0.00010863095731759444
3378,0.00010729334326517825
3380,0.00010598036398190391
3382,0.00010469141794835525
3384,0.0001034259218825063
3386,0.00010218331008109113
3388,0.00010096303378850054
3390,0.00009976456059190219
3392,0.00009858737384134987
3394,0.00009743097209371142
3396,0.0000962948685793077
3398,0.00009517859069021009
3400,0.00009408167948920048
3402,0.00009300368923844784
3404,0.00009194418694700334
3406,0.00009090275193626261
3408,0.00008987897542258627
3410,0.00008887246011630973
3412,0.00008788281983641334
3414,0.00008690967914015831
3416,0.0000859526729670299
3418,0.00008501144629636006
3420,0.00008408565381803406
3422,0.00008317495961571332
3424,0.00008227903686203486
3426,0.00008139756752527337
3428,0.00008053024208697695
3430,0.00007967675927011044
3432,0.00007883682577726237
3434,0.00007801015603849314
3436,0.0000771964719684211
3438,0.00007639550273216192
3440,0.00007560698451975588
3442,0.00007483066032873263
3444,0.00007406627975448079
3446,0.00007331359878810373
3448,0.00007257237962145849
3450,0.0000718423904590875
3452,0.00007112340533676646
3454,0.00007041520394640426
3456,0.00006971757146704209
3458,0.0000690302984017103
3460,0.00006835318041991299
3462,0.0000676860182055189
3464,0.00006702861730984853
3466,0.00006638078800975548
3468,0.00006574234517050913
3470,0.00006511310811329407
3472,0.00006449290048714978
3474,0.0000638815501451813
3476,0.00006327888902487908
3478,0.00006268475303239314
3480,0.00006209898193061259
3482,0.00006152141923090898
3484,0.00006095191208840643
3486,0.00006039031120064857
3488,0.000059836470709536515
3490,0.00005929024810641819
3492,0.00005875150414021388
3494,0.000058220102728467255
3496,0.00005769591087121637
3498,0.00005717879856758268
3500,0.00005666863873498074
3502,0.00005616530713085482
3504,0.000055668682276852734
3506,0.00005517864538535034
3508,0.00005469508028824411
3510,0.00005421787336793191
3512,0.00005374691349040567
3514,0.00005328209194038246
3516,0.00005282330235840316
3518,0.00005237044067983101
3520,0.000051923405075684845
3522,0.00005148209589524394
3524,0.00005104641561036445
3526,0.00005061626876144917
3528,0.000050191561905014964
3530,0.00004977220356280383
3532,0.00004935810417238625
3534,0.000048949176039206746
3536,0.00004854533329002397
3538,0.000048146491827698925
3540,0.0000477525692872872
3542,0.00004736348499339222
3544,0.00004697915991873834
3546,0.00004659951664392411
3548,0.00004622447931831753
3550,0.00004585397362205623
3552,0.00004548792672911718
3554,0.000045126267271421725
3556,0.00004476892530394279
3558,0.0000444158322707824
3560,0.000044066920972189
3562,0.000043722125532484695
3564,0.000043381381368874
3566,0.00004304462516110653
3568,0.000042711794821966854
3570,0.000042382829468566086
3572,0.00004205766939441022
3574,0.00004173625604222132
3576,0.00004141853197748869
3578,0.000041104440862727236
3580,0.00004079392743242211
3582,0.0000404869374686382
3584,0.0000401834177772748
3586,0.00003988331616494592
3588,0.000039586581416467336
3590,0.00003929316327293247
3592,0.000039003012410359394
3594,0.00003871608041889207
3596,0.00003843231978253949
3598,0.00003815168385943693
3600,0.00003787412686261365
3602,0.000037599603841252896
3604,0.00003732807066242908
3606,0.000037059483993308985
3608,0.00003679380128380312
3610,0.00003653098074965447
3612,0.00003627098135595204
3614,0.000036013762801057
3616,0.00003575928550092976
3618,0.00003550751057384647
3620,0.000035258399825494036
3622,0.000035011915734432904
3624,0.00003476802143791737
3626,0.0000345266807180632
3628,0.000034287857988353154
3630,0.00003405151828047074
3632,0.00003381762723145341
3634,0.00003358615107115595
3636,0.000033357056610015963
3638,0.00003313031122711295
3640,0.000032905882858512856
3642,0.0000326837399858906
3644,0.00003246385162542273
3646,0.00003224618731694315
3648,0.000032030717113354636
3650,0.000031817411570289375
3652,0.000031606241736011825
3654,0.000031397179141557414
3656,0.00003119019579110081
3658,0.00003098526415254774
3660,0.00003078235714834426
3662,0.000030581448146498044
3664,0.00003038251095180581
3666,0.000030185519797281704
3668,0.000029990449335781334
3670,0.00002979727463181632
3672,0.000029605971153554515
3674,0.00002941651476500102
3676,0.00002922888171835534
3678,0.000029043048646540283
3680,0.000028858992555897976
3682,0.000028676690819048987
3684,0.000028496121167910232
3686,0.000028317261686867698
3688,0.00002814009080610011
3690,0.000027964587295049657
3692,0.000027790730256036196
3694,0.000027618499118011192
3696,0.000027447873630448067
3698,0.000027278833857365462
3700,0.00002711136017148017
3702,0.0000269454332484865
3704,0.000026781034061458904
3706,0.000026618143875375066
3708,0.000026456744241756177
3710,0.000026296816993421764
3712,0.000026138344239356255
3714,0.000025981308359684474
3716,0.000025825692000753504
3718,0.000025671478070318384
3720,0.00002551864973282902
3722,0.00002536719040481601
3724,0.000025217083750373
3726,0.00002506831367673313
3728,0.00002492086432993755
3730,0.00002477472009059369
3732,0.000024629865569721147
3734,0.00002448628560468323
3736,0.00002434396525520205
3738,0.000024202889799455244
3740,0.000024063044730252464
3742,0.000023924415751289688
3744,0.000023786988773479603
3746,0.00002365074991135629
3748,0.00002351568547955252
3750,0.000023381781989347918
3752,0.00002324902614528645
3754,0.00002311740484186162
3756,0.000022986905160267794
3758,0.000022857514365216186
3760,0.00002272921990181407
3762,0.00002260200939250569
3764,0.00002247587063407357
3766,0.000022350791594698852
3768,0.000022226760411079248
3770,0.00002210376538560347
3772,0.000021981794983580713
3774,0.00002186083783052413
3776,0.000021740882709486948
3778,0.000021621918558450187
3780,0.000021503934467760734
3782,0.000021386919677618777
3784,0.00002127086357561344
3786,0.000021155755694305536
3788,0.000021041585708856538
3790,0.000020928343434702606
3792,0.00002081601882527283
3794,0.00002070460196975062
3796,0.0000205940830908774
3798,0.000020484452542797617
3800,0.00002037570080894428
3802,0.000020267818499964025
3804,0.000020160796351681003
3806,0.00002005462522309864
3808,0.000019949296094438578
3810,0.00001984480006521592
3812,0.000019741128352350042
3814,0.000019638272288310264
3816,0.000019536223319295562
3818,0.000019434973003447704
3820,0.000019334513009097024
3822,0.000019234835113040203
3824,0.000019135931198849416
3826,0.00001903779325521209
3828,0.000018940413374300798
3830,0.000018843783750172474
3832,0.000018747896677196576
3834,0.000018652744548511336
3836,0.000018558319854507783
3838,0.000018464615181340793
3840,0.000018371623209466676
3842,0.000018279336712206767
3844,0.000018187748554336514
3846,0.000018096851690699436
3848,0.00001800663916484564
3850,0.00001791710410769423
3852,0.000017828239736219184
3854,0.0000177400393521583
3856,0.00001765249634074463
3858,0.000017565604169460045
3860,0.00001747935638681046
3862,0.000017393746621122272
3864,0.000017308768579359645
3866,0.000017224416045962143
3868,0.000017140682881702423
3870,0.000017057563022563507
3872,0.00001697505047863525
3874,0.00001689313933302971
3876,0.00001681182374081498
3878,0.000016731097927967113
3880,0.000016650956190339877
3882,0.000016571392892651865
3884,0.000016492402467490765
3886,0.00001641397941433435
3888,0.000016336118298587937
3890,0.000016258813750637918
3892,0.00001618206046492119
3894,0.00001610585319901004
3896,0.000016030186772712287
3898,0.000015955056067186293
3900,0.000015880456024070733
3902,0.000015806381644628634
3904,0.00001573282798890557
3906,0.000015659790174901697
3908,0.00001558726337775733
3910,0.00001551524282895189
3912,0.000015443723815515904
3914,0.0000153727016792558
3916,0.000015302171815991397
3918,0.000015232129674805635
3920,0.000015162570757306536
3922,0.000015093490616901005
3924,0.000015024884858080368
3926,0.000014956749135717351
3928,0.000014889079154374344
3930,0.000014821870667622713
3932,0.00001475511947737298
3934,0.000014688821433215653
3936,0.000014622972431772516
3938,0.000014557568416058211
3940,0.000014492605374851915
3942,0.0000144280793420789
3944,0.000014363986396201843
3946,0.000014300322659621693
3948,0.00001423708429808791
3950,0.000014174267520117942
3952,0.000014111868576425736
3954,0.000014049883759359143
3956,0.000013988309402346062
3958,0.00001392714187934918
3960,0.000013866377604329113
3962,0.000013806013030715819
3964,0.000013746044650888198
3966,0.000013686468995661623
3968,0.000013627282633783353
3970,0.000013568482171435655
3972,0.000013510064251746511
3974,0.000013452025554307745
3976,0.000013394362794700514
3978,0.000013337072724027944
3980,0.000013280152128454877
3982,0.000013223597828754513
3984,0.000013167406679861934
3986,0.000013111575570434279
3988,0.000013056101422417568
3990,0.000013000981190619958
3992,0.000012946211862291416
3994,0.000012891790456709591
3996,0.00001283771402477192
3998,0.00001278397964859372
4000,0.000012730584441112256
