500,0.000010461366023422058
502,0.000010538939699668984
504,0.000010589819459270724
506,0.000010612396263478307
508,0.000010605923934432037
510,0.000010570569165319918
512,0.00001050739513819062
514,0.000010418280943757049
516,0.000010305787441929193
518,0.000010172986442292071
520,0.000010023273031295725
522,9.860180342939906e-6
524,9.687212708200345e-6
526,9.507708078894853e-6
528,9.324735157679017e-6
530,9.141025797679042e-6
532,8.958939577544153e-6
534,8.780455209612474e-6
536,8.607182482758915e-6
538,8.440388481136893e-6
540,8.281032505856823e-6
542,8.12980514132818e-6
544,7.987168009122551e-6
546,7.853391781625846e-6
548,7.728590900893857e-6
550,7.612754135190925e-6
552,7.505770612173037e-6
554,7.407451318371247e-6
556,7.317546282251098e-6
558,7.2357577961782446e-6
560,7.161750111562476e-6
562,7.095156086951288e-6
564,7.035581301195677e-6
566,6.982606177720034e-6
568,6.935786710149291e-6
570,6.894654436116392e-6
572,6.858716369166347e-6
574,6.827455653473079e-6
576,6.800333728488362e-6
578,6.776794749001122e-6
580,6.756272866312188e-6
582,6.73820271106975e-6
584,6.722033020155847e-6
586,6.7072428442528875e-6
588,6.693359226086113e-6
590,6.679974756548549e-6
592,6.6667631199452955e-6
594,6.653490737069675e-6
596,6.640022956417087e-6
598,6.626323895865766e-6
600,6.612449879621193e-6
602,6.598537271762685e-6
604,6.584786197940787e-6
606,6.5714420402159616e-6
608,6.558776640261663e-6
610,6.547070893323396e-6
612,6.536599960729579e-6
614,6.527621795768075e-6
616,6.520369175707278e-6
618,6.515045034812039e-6
620,6.511820630835362e-6
622,6.510835947444725e-6
624,6.512201712445643e-6
626,6.516002462883975e-6
628,6.52230018053115e-6
630,6.531138128687552e-6
632,6.542544625686161e-6
634,6.556536581581457e-6
636,6.573122697842386e-6
638,6.592306284997856e-6
640,6.614087691965262e-6
642,6.638466366112509e-6
644,6.665442578053886e-6
646,6.695018852594981e-6
648,6.727201149489277e-6
650,6.761999836599539e-6
652,6.799430495039908e-6
654,6.839514591875012e-6
656,6.882280051617077e-6
658,6.927761753499356e-6
660,6.97600197755242e-6
662,7.027050818989751e-6
664,7.080966587364571e-6
666,7.137816204386637e-6
668,7.19767561215332e-6
670,7.260630201806444e-6
672,7.326775271221245e-6
674,7.3962165192115e-6
676,7.469070582841432e-6
678,7.5454656237187375e-6
680,7.625541968554634e-6
682,7.709452808767798e-6
684,7.797364963431118e-6
686,7.889459709363031e-6
688,7.985933681594248e-6
690,8.086999846734817e-6
692,8.192888550854743e-6
694,8.303848642289361e-6
696,8.420148668186862e-6
698,8.542078141505379e-6
700,8.669948872388612e-6
702,8.804096354214564e-6
704,8.944881189891173e-6
706,9.092690537883072e-6
708,9.247939549650549e-6
710,9.411072760247573e-6
712,9.582565381258531e-6
714,9.762924429456787e-6
716,9.952689604844749e-6
718,0.000010152433807283288
720,0.00001036276315084253
722,0.000010584316298342612
724,0.000010817762894323951
726,0.000011063800821996902
728,0.000011323151947916594
730,0.000011596555947046817
732,0.000011884761721216816
734,0.000012188515837837633
736,0.000012508547327383819
738,0.000012845548094971278
740,0.000013200148135222014
742,0.000013572884708327585
744,0.000013964164664285715
746,0.000014374219226365666
748,0.000014803050808708746
750,0.000015250371900743133
752,0.0000157155367627826
754,0.000016197467700391478
756,0.000016694579060092383
758,0.000017204703815284217
760,0.00001772502961550382
762,0.000018252053270514333
764,0.000018781564503948064
766,0.000019308670949271808
768,0.00001982787614943969
770,0.000020333220096865467
772,0.0000208184870863692
774,0.000021277478210513783
776,0.000021704336209453582
778,0.000022093899908691317
780,0.000022442056191802387
782,0.00002274605177085899
784,0.00002300472702438204
786,0.000023218640867137753
788,0.000023390068346256732
790,0.00002352286908768767
792,0.000023622241410574885
794,0.000023694390374375502
796,0.000023746145695433697
798,0.000023784566484927693
800,0.000023816564936838257
802,0.00002384857245468239
804,0.00002388626171084225
806,0.000023934328975135922
808,0.000023996334214325342
810,0.00002407459260672089
812,0.000024170110179001286
814,0.00002428255771203052
816,0.00002441028006979714
818,0.00002455034176531319
820,0.000024698612958763204
822,0.00002484990229456041
824,0.00002499814323416852
826,0.000025136638246086276
828,0.00002525836015357261
830,0.00002535630243805625
832,0.00002542386134397159
834,0.00002545522386783073
836,0.000025445729182153177
838,0.000025392168718966058
840,0.00002529299333725002
842,0.00002514840487088815
844,0.00002496032265043399
846,0.000024732230880928738
848,0.000024468927040868072
850,0.000024176202006888058
852,0.00002386048766542173
854,0.000023528506991862926
856,0.000023186955918703228
858,0.00002284223760188111
860,0.000022500260008601107
862,0.00002216629887818043
864,0.000021844921219685133
866,0.000021539960083670054
868,0.00002125452928511489
870,0.00002099106660539144
872,0.00002075139516155483
874,0.00002053679451494332
876,0.0000203480752168962
878,0.000020185652511883356
880,0.000020049616619079077
882,0.000019939798275824322
884,0.000019855829010337264
886,0.000019797195936042815
888,0.000019763290798720418
890,0.000019753452684437606
892,0.000019767003380558876
894,0.00001980327407001727
896,0.000019861622016993575
898,0.00001994143630008761
900,0.000020042132497500495
902,0.00002016313743866755
904,0.00002030386651396487
906,0.000020463697324497018
908,0.00002064194440203963
910,0.000020837840126529218
912,0.000021050526678509097
914,0.00002127906282600662
916,0.00002152244757450934
918,0.00002177966030856831
920,0.000022049714244946924
922,0.000022331717165474888
924,0.000022624931005169902
926,0.00002292882050526135
928,0.000023243081294571427
930,0.000023567639684473983
932,0.00002390262002429352
934,0.000024248280139498478
936,0.000024604920357330133
938,0.000024972776043487817
940,0.000025351906724153573
942,0.000025742096351980192
944,0.000026142779008344575
946,0.000026553002441038048
948,0.000026971438509338084
950,0.000027396445023975502
952,0.000027826177811701345
954,0.000028258745414770493
956,0.00002869239224418585
958,0.000029125690183793272
960,0.00002955771479176482
962,0.000029988181539570857
964,0.00003041752069881685
966,0.00003084687645458698
968,0.00003127802555929163
970,0.000031713221561388525
972,0.000032154980313809564
974,0.000032605829399076413
976,0.0000330680474094964
978,0.00003354341872098232
980,0.00003403302623974898
982,0.000034537099629521645
984,0.00003505493069194333
986,0.00003558486148825125
988,0.000036124344726084546
990,0.00003667006999540933
992,0.000037218143806565473
994,0.00003776430650284025
996,0.00003830416568365235
998,0.00003883342451243571
1000,0.000039348084613235286
1002,0.00003984460698232407
1004,0.000040320019576358906
1006,0.00004077196570940675
1008,0.00004119869196554856
1010,0.000041598977566423376
1012,0.000041972009494740955
1014,0.00004231721029769761
1016,0.000042634029523274815
1018,0.00004292171560906062
1020,0.00004317909203070194
1022,0.000043404367831105086
1024,0.00004359501595460391
1026,0.00004374775097751962
1028,0.00004385862963912007
1030,0.00004392328316999418
1032,0.00004393727142491929
1034,0.00004389652825140236
1036,0.000043797849286383584
1038,0.00004363936157437176
1040,0.0000434209123143538
1042,0.00004314432307008996
1044,0.00004281347474696906
1046,0.000042434213839058745
1048,0.000042014096542607846
1050,0.00004156200887154689
1052,0.000041087713911912546
1054,0.00004060138028944116
1056,0.00004011313982517686
1058,0.00003963271007835815
1060,0.000039169102588722453
1062,0.00003873042334140286
1064,0.00003832376047876254
1066,0.000037955146566617416
1068,0.00003762957876696965
1070,0.000037351079410939245
1072,0.00003712278077198883
1074,0.000036947020396173286
1076,0.00003682543641827214
1078,0.00003675905538198555
1080,0.000036748367913215364
1082,0.00003679339006516545
1084,0.00003689371027243778
1086,0.00003704852368291844
1088,0.00003725665724990295
1090,0.000037516590394190043
1092,0.00003782647724811722
1094,0.00003818417734027836
1096,0.00003858730184555375
1098,0.00003903328191549898
1100,0.000039519463820533276
1102,0.00004004323248293216
1104,0.00004060216050286483
1106,0.00004119417438621003
1108,0.00004181772419339597
1110,0.000042471938389698066
1112,0.00004315674350877034
1114,0.00004387292926019613
1116,0.00004462214416372445
1118,0.000045406814052025196
1120,0.000046229984452319584
1122,0.00004709509616132935
1124,0.00004800570966845494
1126,0.000048965197513872665
1128,0.00004997642411845242
1130,0.00005104143078451352
1132,0.000052161140551827864
1134,0.000053335094504441846
1136,0.00005456122870872259
1138,0.0000558356994444767
1140,0.00005715276349043859
1142,0.00005850471934637573
1144,0.00005988191378830618
1146,0.00006127281571874368
1148,0.00006266415609402255
1150,0.00006404112962493308
1152,0.00006538765224284558
1154,0.0000666866692298201
1156,0.00006792051286966117
1158,0.00006907131447371117
1160,0.00007012148098462648
1162,0.00007105424726707273
1164,0.0000718543081186668
1166,0.00007250851747506454
1168,0.00007300661819983073
1170,0.00007334193994133803
1172,0.00007351198293263593
1174,0.00007351880021112445
1176,0.0000733691041815626
1178,0.00007307405496820922
1180,0.00007264873121902936
1182,0.0000721113289025455
1184,0.00007148216982388528
1186,0.00007078262171464345
1188,0.0000700340333905924
1190,0.00006925677412844207
1192,0.00006846944190707496
1194,0.00006768827729396212
1196,0.00006692679426592658
1198,0.00006619561961215213
1200,0.00006550251979415043
1202,0.00006485258731358056
1204,0.00006424855578200032
1206,0.00006369121184912271
1208,0.0000631798713316655
1210,0.00006271288567548675
1212,0.00006228814372596876
1214,0.00006190353392300445
1216,0.00006155733496883709
1218,0.00006124850977815917
1220,0.000060976888103307814
1222,0.00006074323634427788
1224,0.00006054922639297899
1226,0.00006039732627678899
1228,0.00006029064171622644
1230,0.00006023273851486986
1232,0.00006022747136472017
1234,0.00006027883673435517
1236,0.00006039085816073648
1238,0.000060567503595866374
1240,0.00006081262802351209
1242,0.00006112993109973958
1244,0.00006152291900316081
1246,0.00006199486130621269
1248,0.0000625487364966275
1250,0.00006318716281874071
1252,0.00006391231367958505
1254,0.00006472581868305821
1256,0.00006562865249359388
1258,0.00006662101450615715
1260,0.00006770220310487802
1262,0.00006887048945007518
1264,0.0000701229973978235
1266,0.00007145559827654172
1268,0.00007286283157216944
1270,0.00007433786470202285
1272,0.00007587250649072414
1274,0.00007745728918926432
1276,0.00007908163245279404
1278,0.00008073409928923713
1280,0.00008240274843982813
1282,0.00008407557995702375
1284,0.00008574106111792855
1286,0.00008738870877816886
1288,0.00008900969284194377
1290,0.00009059741535054289
1292,0.00009214801304357523
1294,0.0000936607306350985
1296,0.00009513811945749936
1298,0.00009658603207620447
1300,0.00009801340630675293
1302,0.00009943185789882341
1304,0.0001008551247349607
1306,0.00010229842157030955
1308,0.00010377776963426316
1310,0.00010530935907170158
1312,0.00010690898634064645
1314,0.00010859158756668067
1316,0.0001103708676186828
1318,0.00011225900798424964
1320,0.00011426642755056935
1322,0.00011640157026757284
1324,0.0001186707014966416
1326,0.00012107770818872555
1328,0.00012362391362425446
1330,0.00012630793194699091
1332,0.00012912559829382492
1334,0.0001320700148847051
1336,0.00013513175068720546
1338,0.00013829922159330505
1340,0.000141559259526668
1342,0.0001448978535358208
1344,0.00014830101600069376
1346,0.00015175569645278466
1348,0.00015525063958322095
1350,0.00015877706904801186
1352,0.00016232908043253136
1354,0.0001659036486795626
1356,0.00016950019700717135
1358,0.000173119730881399
1360,0.00017676360320057952
1362,0.00018043203500250167
1364,0.00018412256013433594
1366,0.00018782858584323391
1368,0.0001915382613394526
1370,0.00019523382337997716
1372,0.0001988915439440536
1374,0.00020248234302583317
1376,0.0002059730531929404
1378,0.00020932823760483793
1380,0.00021251237892985585
1382,0.00021549218642111513
1384,0.00021823872825008775
1386,0.0002207291005999422
1388,0.0002229474017557024
1390,0.00022488488481180408
1392,0.00022653929996791744
1394,0.0002279135799304118
1396,0.00022901413955733003
1398,0.00022984912821912376
1400,0.0002304269762755878
1402,0.00023075551552909123
1404,0.00023084184045138234
1406,0.00023069293468710772
1408,0.00023031694276748135
1410,0.00022972484702602457
1412,0.0002289322367170154
1414,0.00022796084377684308
1416,0.00022683956884279142
1418,0.0002256048200759521
1420,0.00022430011309727905
1422,0.0002229750048544229
1424,0.00022168353186284933
1426,0.00022048237752006125
1428,0.00021942900004429843
1430,0.00021857991950760447
1432,0.00021798930413628934
1434,0.00021770792907630648
1436,0.0002177825189937682
1438,0.0002182554378740379
1440,0.00021916465842689988
1442,0.0002205439285801551
1444,0.00022242305015498823
1446,0.0002248281906465086
1448,0.0002277821591057135
1450,0.00023130458841131167
1452,0.00023541197683665265
1454,0.0002401175509041748
1456,0.0002454309190627064
1458,0.00025135749233342724
1460,0.00025789765480810936
1462,0.0002650456751183727
1464,0.00027278836128838136
1466,0.0002811034773498646
1468,0.0002899579622006927
1470,0.0002993060204243565
1472,0.0003090871912366531
1474,0.00031922454396181863
1476,0.0003296231928848851
1478,0.00034016936470335896
1480,0.00035073027896137564
1482,0.00036115510433008233
1484,0.00037127721926222783
1486,0.00038091792450291925
1488,0.0003898916235202963
1490,0.00039801231194405294
1492,0.0004051010188609188
1494,0.00041099365493313427
1496,0.0004155485867731797
1498,0.00041865321416105624
1500,0.00042022890207590093
1502,0.0004202338120563801
1504,0.00041866345434908646
1506,0.00041554908491612196
1508,0.000410954331236994
1510,0.0004049705915035926
1512,0.0003977117872258748
1514,0.0003893089712032203
1516,0.00037990514404777695
1518,0.0003696504689903503
1520,0.00035869794502994183
1522,0.00034719952841451545
1524,0.00033530268097382566
1526,0.0003231473498774978
1528,0.00031086341853343695
1530,0.0002985686891777216
1532,0.00028636745304930574
1534,0.00027434967548190344
1536,0.0002625907808680226
1538,0.00025115197888389643
1540,0.00024008103892132743
1542,0.0002294133999291299
1544,0.0002191734985856519
1546,0.00020937620722319249
1548,0.0002000282898782466
1550,0.00019112980579543884
1552,0.00018267541102719772
1554,0.00017465552798740978
1556,0.00016705736862638942
1558,0.00015986580889295845
1560,0.000153064120535698
1562,0.00014663457159664055
1564,0.00014055890981750166
1566,0.00013481874425314285
1568,0.00012939584023116064
1570,0.00012427234186332428
1572,0.00011943093494636352
1574,0.00011485496153034645
1576,0.00011052849584639881
1578,0.00010643638977412566
1580,0.0001025642946504499
1582,0.00009889866500237396
1584,0.00009542674873278956
1586,0.00009213656739476504
1588,0.00008901688944258931
1590,0.00008605719873078443
1592,0.00008324766002794895
1594,0.00008057908290381949
1596,0.00007804288501984293
1598,0.00007563105559205259
1600,0.00007333611958818757
1602,0.00007115110305860726
1604,0.00006906949987408989
1606,0.0000670852400459798
1608,0.00006519265972953375
1610,0.00006338647295496086
1612,0.00006166174508869883
1614,0.000060013867996819856
1616,0.00005843853686062081
1618,0.0000569317285794377
1620,0.00005548968168595702
1622,0.00005410887769352446
1624,0.00005278602379219137
1626,0.00005151803680971854
1628,0.00005030202835487158
1630,0.00004913529106262508
1632,0.00004801528586398007
1634,0.00004693963020671532
1636,0.000045906087157325964
1638,0.00004491255531849326
1640,0.000043957059500560626
1642,0.000043037742089575324
1644,0.000042152855058431854
1646,0.00004130075257147936
1648,0.00004047988413660291
1650,0.000039688788262240505
1652,0.00003892608658004549
1654,0.00003819047839694496
1656,0.00003748073564318167
1658,0.000036795698185562894
1660,0.00003613426947758559
1662,0.00003549541252036864
1664,0.00003487814611041213
1666,0.000034281541352129315
1668,0.000033704718414871166
1670,0.00003314684351579493
1672,0.00003260712611142838
1674,0.000032084816282159264
1676,0.000031579202295144764
1678,0.00003108960833229708
1680,0.000030615392371066415
1682,0.000030155944206720343
1684,0.000029710683605714802
1686,0.00002927905858057459
1688,0.000028860543777455022
1690,0.000028454638968248994
1692,0.00002806086763973786
1694,0.000027678775672867383
1696,0.00002730793010576471
1698,0.000026947917974602746
1700,0.000026598345226869436
1702,0.000026258835702013147
1704,0.000025929030174815858
1706,0.000025608585457195537
1708,0.000025297173554460522
1710,0.00002499448087233449
1712,0.00002470020747134285
1714,0.00002441406636540167
1716,0.000024135782861681248
1718,0.000023865093939028925
1720,0.000023601747662431576
1722,0.000023345502631179104
1724,0.000023096127458556808
1726,0.00002285340028104844
1728,0.00002261710829517383
1730,0.000022387047320216113
1732,0.000022163021385215103
1734,0.000021944842338715227
1736,0.00002173232947986046
1738,0.00002152530920952459
1740,0.000021323614700254008
1742,0.000021127085583882743
1744,0.000020935567655755638
1746,0.000020748912594566392
1748,0.000020566977696882854
1750,0.000020389625625492903
1752,0.000020216724170760668
1754,0.000020048146024235633
1756,0.000019883768563805753
1758,0.00001972347364973123
1760,0.000019567147430937813
1762,0.000019414680160987713
1764,0.00001926596602318289
1766,0.000019120902964289396
1768,0.00001897939253640335
1770,0.0000188413397465086
1772,0.00001870665291330374
1774,0.000018575243530901856
1776,0.000018447026139030503
1778,0.000018321918199381704
1780,0.000018199839977782808
1782,0.00001808071443187853
1784,0.000017964467104033004
1786,0.0000178510260191774
1788,0.00001774032158734519
1790,0.000017632286510651684
1792,0.000017526855694488697
1794,0.000017423966162718412
1796,0.000017323556976662623
1798,0.00001722556915769533
1800,0.000017129945613257248
1802,0.00001703663106612114
1804,0.00001694557198674632
1806,0.00001685671652856966
1808,0.000016770014466088843
1810,0.000016685417135601414
1812,0.00001660287737847082
1814,0.000016522349486797316
1816,0.000016443789151378452
1818,0.000016367153411849834
1820,0.000016292400608902807
1822,0.000016219490338481002
1824,0.000016148383407863145
1826,0.000016079041793543957
1828,0.000016011428600829994
1830,0.000015945508025071234
1832,0.000015881245314453537
1834,0.000015818606734280727
1836,0.000015757559532678926
1838,0.000015698071907658858
1840,0.00001564011297547542
1842,0.000015583652740226592
1844,0.000015528662064636768
1846,0.00001547511264197233
1848,0.000015422976969039724
1850,0.000015372228320218974
1852,0.00001532284072248755
1854,0.000015274788931392023
1856,0.000015228048407926738
1858,0.000015182595296280814
1860,0.000015138406402416656
1862,0.000015095459173444781
1864,0.0000150537316777616
1866,0.000015013202585918203
1868,0.00001497385115218981
1870,0.000014935657196816886
1872,0.000014898601088890337
1874,0.000014862663729854365
1876,0.000014827826537601918
1878,0.000014794071431138681
1880,0.000014761380815792713
1882,0.000014729737568947887
1884,0.000014699125026280223
1886,0.000014669526968477164
1888,0.00001464092760842073
1890,0.00001461331157881636
1892,0.00001458666392025001
1894,0.000014560970069656831
1896,0.000014536215849185577
1898,0.000014512387455443444
1900,0.000014489471449106821
1902,0.000014467454744883993
1904,0.000014446324601816467
1906,0.0000144260686139061
1908,0.000014406674701055907
1910,0.000014388131100312716
1912,0.000014370426357400544
1914,0.000014353549318533894
1916,0.000014337489122500696
1918,0.00001432223519300503
1920,0.000014307777231260146
1922,0.000014294105208822735
1924,0.000014281209360659737
1926,0.000014269080178439327
1928,0.000014257708404038129
1930,0.000014247085023256897
1932,0.000014237201259737379
1934,0.000014228048569073229
1936,0.00001421961863310818
1938,0.000014211903354415004
1940,0.000014204894850948945
1942,0.000014198585450869623
1944,0.000014192967687525662
1946,0.000014188034294596431
1948,0.00001418377820138565
1950,0.000014180192528261628
1952,0.000014177270582239291
1954,0.000014175005852699221
1956,0.000014173392007239147
1958,0.000014172422887653539
1960,0.00001417209250603703
1962,0.000014172395041007689
1964,0.00001417332483404618
1966,0.000014174876385947074
1968,0.000014177044353378707
1970,0.000014179823545548115
1972,0.000014183208920967653
1974,0.000014187195584320154
1976,0.00001419177878341943
1978,0.000014196953906263218
1980,0.000014202716478175602
1982,0.000014209062159036233
1984,0.000014215986740593572
1986,0.000014223486143859702
1988,0.000014231556416584094
1990,0.00001424019373080406
1992,0.000014249394380469502
1994,0.000014259154779139787
1996,0.000014269471457750578
1998,0.000014280341062448571
2000,0.00001429176035249215
2002,0.00001430372619821603
2004,0.000014316235579058044
2006,0.000014329285581646279
2008,0.000014342873397944885
2010,0.0000143569963234568
2012,0.000014371651755481909
2014,0.00001438683719142899
2016,0.000014402550227180015
2018,0.000014418788555505344
2020,0.000014435549964528443
2022,0.000014452832336238748
2024,0.000014470633645051436
2026,0.000014488951956412811
2028,0.000014507785425450105
2030,0.000014527132295664586
2032,0.000014546990897666763
2034,0.000014567359647952698
2036,0.000014588237047720301
2038,0.000014609621681724651
2040,0.000014631512217171367
2042,0.00001465390740264706
2044,0.000014676806067085985
2046,0.000014700207118772025
2048,0.00001472410954437514
2050,0.000014748512408021489
2052,0.000014773414850396401
2054,0.000014798816087879523
2056,0.00001482471541171131
2058,0.000014851112187190213
2060,0.000014878005852899885
2062,0.000014905395919965716
2064,0.000014933281971340122
2066,0.000014961663661115905
2068,0.000014990540713867146
2070,0.000015019912924017076
2072,0.000015049780155232321
2074,0.000015080142339843078
2076,0.000015110999478288625
2078,0.000015142351638587758
2080,0.000015174198955833637
2082,0.000015206541631712606
2084,0.000015239379934046575
2086,0.00001527271419635849
2088,0.000015306544817460554
2090,0.000015340872261064788
2092,0.000015375697055415543
2094,0.00001541101979294363
2096,0.000015446841129941754
2098,0.000015483161786260872
2100,0.000015519982545027183
2102,0.000015557304252379482
2104,0.00001559512781722657
2106,0.0000156334542110244
2108,0.000015672284467572845
2110,0.0000157116196828316
2112,0.00001575146101475527
2114,0.000015791809683147174
2116,0.000015832666969531793
2118,0.0000158740342170456
2120,0.000015915912830346128
2122,0.00001595830427553904
2124,0.000016001210080123065
2126,0.000016044631832952658
2128,0.00001608857118421818
2130,0.00001613302984544351
2132,0.000016178009589500906
2134,0.000016223512250643094
2136,0.000016269539724552336
2138,0.000016316093968406476
2140,0.000016363177000961843
2142,0.000016410790902652923
2144,0.00001645893781570871
2146,0.000016507619944285712
2148,0.000016556839554617493
2150,0.000016606598975180757
2152,0.000016656900596877927
2154,0.000016707746873236113
2156,0.00001675914032062256
2158,0.00001681108351847645
2160,0.000016863579109557147
2162,0.000016916629800208775
2164,0.000016970238360641258
2166,0.000017024407625227712
2168,0.000017079140492818317
2170,0.00001713443992707064
2172,0.000017190308956796442
2174,0.000017246750676325094
2176,0.000017303768245883498
2178,0.000017361364891992766
2180,0.000017419543907881574
2182,0.00001747830865391633
2184,0.000017537662558048256
2186,0.00001759760911627741
2188,0.00001765815189313384
2190,0.000017719294522175885
2192,0.00001778104070650577
2194,0.00001784339421930267
2196,0.000017906358904373294
2198,0.000017969938676720123
2200,0.00001803413752312758
2202,0.00001809895950276609
2204,0.000018164408747814347
2206,0.000018230489464099866
2208,0.00001829720593175804
2210,0.000018364562505909902
2212,0.00001843256361735872
2214,0.00001850121377330569
2216,0.000018570517558084894
2218,0.00001864047963391782
2220,0.000018711104741687516
2222,0.000018782397701732797
2224,0.000018854363414662613
2226,0.000018927006862190914
2228,0.000019000333107992203
2230,0.000019074347298578138
2232,0.00001914905466419536
2234,0.00001922446051974493
2236,0.00001930057026572363
2238,0.000019377389389187426
2240,0.00001945492346473743
2242,0.000019533178155528742
2244,0.00001961215921430239
2246,0.00001969187248444084
2248,0.000019772323901047357
2250,0.00001985351949204965
2252,0.000019935465379328117
2254,0.000020018167779869168
2256,0.000020101633006943923
2258,0.00002018586747131284
2260,0.00002027087768245652
2262,0.000020356670249833387
2264,0.000020443251884164385
2266,0.00002053062939874543
2268,0.000020618809710787967
2270,0.000020707799842788095
2272,0.00002079760692392492
2274,0.000020888238191488408
2276,0.000020979700992337575
2278,0.000021072002784389277
2280,0.000021165151138138386
2282,0.000021259153738209782
2284,0.00002135401838494284
2286,0.000021449752996008978
2288,0.000021546365608062925
2290,0.000021643864378428327
2292,0.000021742257586818367
2294,0.000021841553637092076
2296,0.00002194176105904701
2298,0.00002204288851024904
2300,0.000022144944777899967
2302,0.00002224793878074373
2304,0.000022351879571011935
2306,0.000022456776336409576
2308,0.000022562638402141692
2310,0.00002266947523298182
2312,0.00002277729643538311
2314,0.000022886111759632945
2316,0.000022995931102052036
2318,0.00002310676450723885
2320,0.000023218622170360323
2322,0.00002333151443948992
2324,0.000023445451817993904
2326,0.00002356044496696697
2328,0.00002367650470771825
2330,0.000023793642024308687
2332,0.00002391186806614106
2334,0.00002403119415060363
2336,0.000024151631765768724
2338,0.000024273192573147288
2340,0.000024395888410500835
2342,0.00002451973129471189
2344,0.000024644733424714305
2346,0.000024770907184484775
2348,0.000024898265146096954
2350,0.00002502682007283943
2352,0.000025156584922399213
2354,0.00002528757285011207
2356,0.00002541979721228125
2358,0.000025553271569566213
2360,0.0000256880096904429
2362,0.000025824025554737273
2364,0.00002596133335723366
2366,0.000026099947511359905
2368,0.000026239882652950807
2370,0.000026381153644091902
2372,0.000026523775577045353
2374,0.000026667763778259965
2376,0.000026813133812467206
2378,0.00002695990148686541
2380,0.00002710808285539412
2382,0.00002725769422310085
2384,0.000027408752150602386
2386,0.000027561273458642973
2388,0.000027715275232751654
2390,0.000027870774828001282
2392,0.00002802778987387153
2394,0.000028186338279218592
2396,0.000028346438237354015
2398,0.000028508108231235588
2400,0.000028671367038772755
2402,0.000028836233738249695
2404,0.000029002727713868732
2406,0.00002917086866141728
2408,0.000029340676594061285
2410,0.00002951217184826837
2412,0.00002968537508986407
2414,0.000029860307320224308
2416,0.000030036989882607766
2418,0.00003021544446863164
2420,0.000030395693124894454
2422,0.000030577758259749656
2424,0.000030761662650234014
2426,0.00003094742944915464
2428,0.000031135082192338926
2430,0.00003132464480605154
2432,0.00003151614161458278
2434,0.000031709597348012984
2436,0.000031905037150157415
2438,0.00003210248658669651
2440,0.0000323019716534964
2442,0.000032503518785124624
2444,0.00003270715486356649
2446,0.00003291290722714725
2448,0.00003312080367966567
2450,0.000033330872499744736
2452,0.00003354314245040541
2454,0.000033757642788869334
2456,0.000033974403276596894
2458,0.00003419345418956704
2460,0.000034414826328805355
2462,0.000034638551031167536
2464,0.00003486466018038496
2466,0.00003509318621837984
2468,0.00003532416215685757
2470,0.000035557621589183715
2472,0.00003579359870255382
2474,0.00003603212829046443
2476,0.00003627324576549335
2478,0.00003651698717239855
2480,0.00003676338920154425
2482,0.000037012489202663856
2484,0.00003726432519896923
2486,0.00003751893590161642
2488,0.00003777636072453802
2490,0.000038036639799652744
2492,0.00003829981399246357
2494,0.00003856592491805512
2496,0.000038835014957502776
2498,0.00003910712727470504
2500,0.00003938230583365193
2502,0.00003966059541614229
2504,0.00003994204163996343
2506,0.00004022669097754672
2508,0.00004051459077511375
2510,0.0000408057892723275
2512,0.00004110033562246398
2514,0.00004139827991312008
2516,0.000041699673187473974
2518,0.000042004567466115005
2520,0.00004231301576946048
2522,0.00004262507214077747
2524,0.00004294079166982846
2526,0.00004326023051716006
2528,0.00004358344593905494
2530,0.00004391049631316779
2532,0.0000442414411648666
2534,0.00004457634119430197
2536,0.00004491525830422691
2538,0.00004525825562859156
2540,0.00004560539756193735
2542,0.00004595674978961616
2544,0.00004631237931886139
2546,0.000046672354510737955
2548,0.00004703674511300037
2550,0.00004740562229388808
2552,0.000047779058676888954
2554,0.00004815712837650265
2556,0.000048539907035036994
2558,0.000048927471860471534
2560,0.00004931990166542388
2562,0.000049717276907255614
2564,0.000050119679729356134
2566,0.00005052719400364408
2568,0.00005093990537432769
2570,0.000051357901302966766
2572,0.00005178127111488085
2574,0.0000522101060469497
2576,0.000052644499296854146
2578,0.000053084546073807024
2580,0.00005353034365082627
2582,0.00005398199141860364
2584,0.00005443959094102531
2586,0.00005490324601240254
2588,0.00005537306271647261
2590,0.00005584914948723348
2592,0.00005633161717167699
2594,0.00005682057909448941
2596,0.00005731615112478945
2598,0.000057818451744978306
2600,0.00005832760212177776
2602,0.000058843726179536804
2604,0.000059366950675889736
2606,0.000059897405279852646
2608,0.00006043522265244831
2610,0.000060980538529953936
2612,0.00006153349180986957
2614,0.00006209422463970948
2616,0.00006266288250872295
2618,0.0000632396143426559
2620,0.00006382457260166871
2622,0.00006441791338153165
2624,0.00006501979651822359
2626,0.00006563038569606583
2628,0.0000662498485595283
2630,0.00006687835682885163
2632,0.00006751608641963468
2634,0.00006816321756654389
2636,0.00006881993495130811
2638,0.0000694864278351691
2640,0.00007016289019596653
2642,0.0000708495208700436
2644,0.00007154652369916849
2646,0.00007225410768267513
2648,0.00007297248713503703
2650,0.00007370188184909684
2652,0.0000744425172651853
2654,0.00007519462464637386
2656,0.00007595844126011689
2658,0.0000767342105665513
2660,0.00007752218241373445
2662,0.00007832261324011388
2664,0.0000791357662845376
2666,0.0000799619118041271
2668,0.00008080132730035296
2670,0.00008165429775366648
2672,0.00008252111586706157
2674,0.00008340208231895655
2676,0.00008429750602580685
2678,0.00008520770441487863
2680,0.00008613300370763634
2682,0.00008707373921421851
2684,0.00008803025563950149
2686,0.00008900290740127486
2688,0.000089992058961081
2690,0.0000909980851682972
2692,0.00009202137161807144
2694,0.00009306231502375251
2696,0.00009412132360448991
2698,0.00009519881748871461
2700,0.0000962952291342486
2702,0.000097411003765832
2704,0.00009854659983089822
2706,0.0000997024894744727
2708,0.00010087915903411806
2710,0.00010207710955589934
2712,0.00010329685733239569
2714,0.0001045389344638429
2716,0.00010580388944354946
2718,0.0001070922877687952
2720,0.0001084047125784872
2722,0.0001097417653189218
2724,0.00011110406643907696
2726,0.000112492256116942
2728,0.00011390699501847745
2730,0.00011534896509089146
2732,0.00011681887039201728
2734,0.00011831743795768008
2736,0.00011984541870905559
2738,0.00012140358840213954
2740,0.00012299274862157575
2742,0.00012461372782122542
2744,0.00012626738241400517
2746,0.00012795459791367555
2748,0.0001296762901314264
2750,0.00013143340643028293
2752,0.00013322692704054263
2754,0.00013505786643965668
2756,0.00013692727480018387
2758,0.00013883623950967553
2760,0.0001407858867665974
2762,0.0001427773832566594
2764,0.00014481193791420583
2766,0.00014689080377362464
2768,0.00014901527991605904
2770,0.00015118671351705462
2772,0.00015340650200115102
2774,0.00015567609530983022
2776,0.00015799699828966633
2778,0.00016037077320798848
2780,0.00016279904240386862
2782,0.00016528349108278472
2784,0.0001678258702638908
2786,0.00017042799988944963
2788,0.00017309177210665628
2790,0.0001758191547328075
2792,0.00017861219491555394
2794,0.0001814730230008153
2796,0.00018440385662185215
2798,0.00018740700502396963
2800,0.00019048487364039328
2802,0.00019363996893600557
2804,0.00019687490353687505
2806,0.0002001924016648543
2808,0.000203595304897978
2810,0.00020708657827896916
2812,0.00021066931679586764
2814,0.00021434675226064714
2816,0.00021812226061369063
2818,0.00022199936968417375
2820,0.0002259817674387634
2822,0.0002300733107536055
2824,0.00023427803474735808
2826,0.0002386001627160502
2828,0.00024304411671383465
2830,0.0002476145288272735
2832,0.00025231625319468114
2834,0.00025715437882627466
2836,0.0002621342432854747
2838,0.0002672614472967043
2840,0.0002725418703504721
2842,0.00027798168738244806
2844,0.000283587386609684
2846,0.0002893657886141466
2848,0.00029532406677135545
2850,0.0003014697691302242
2852,0.0003078108418592265
2854,0.0003143556543838197
2856,0.00032111302635071993
2858,0.00032809225656619135
2860,0.00033530315406806084
2862,0.00034275607150476776
2864,0.0003504619410094586
2866,0.0003584323127730264
2868,0.000366679396537105
2870,0.0003752161062464363
2872,0.00038405610811974636
2874,0.0003932138724193305
2876,0.00040270472922193385
2878,0.0004125449285171846
2880,0.0004227517049846861
2882,0.00043334334782674217
2884,0.0004443392760603211
2886,0.00045576011969888843
2888,0.000467627807281643
2890,0.0004799656602337602
2892,0.0004927984945655283
2894,0.0005061527304394928
2896,0.0005200565101512219
2898,0.0005345398250789191
2900,0.000549634652157029
2902,0.0005653751004156093
2904,0.0005817975680960203
2906,0.0005989409107985835
2908,0.0006168466210320055
2910,0.0006355590194083716
2912,0.0006551254575500139
2914,0.000675596532531453
2916,0.0006970263123536031
2918,0.0007194725715174848
2920,0.0007429970352054247
2922,0.0007676656298589821
2924,0.0007935487370291772
2926,0.0008207214462253119
2928,0.0008492638010579536
2930,0.0008792610312099137
2932,0.0009108037606249074
2934,0.0009439881797280046
2936,0.0009789161664443607
2938,0.0010156953372402744
2940,0.0010544390053814903
2942,0.0010952660191444522
2944,0.0011383004479540175
2946,0.0011836710795790348
2948,0.001231510686940342
2950,0.001281955019262701
2952,0.0013351414698719358
2954,0.0013912073726703301
2956,0.0014502878820532267
2958,0.0015125133975396221
2960,0.001578006505223472
2962,0.001646878423389954
2964,0.001719224958685558
2966,0.001795122000723351
2968,0.0018746206050144472
2970,0.001957741734754441
2972,0.002044470750479468
2974,0.0021347517545649325
2976,0.002228481919922151
2978,0.002325505966957721
2980,0.0024256110081901376
2982,0.0025285220596215074
2984,0.0026338986152399813
2986,0.0027413327744026704
2988,0.002850349466700162
2990,0.0029604092971421392
2992,0.0030709144110216027
2994,0.0031812175573585223
2996,0.00329063425459511
2998,0.003398457702081014
3000,0.0035039759056257175
3002,0.0036064904294145677
3004,0.0037053362247617795
3006,0.0037999020382479304
3008,0.0038896508697208888
3010,0.0039741397740338915
3012,0.00405303800109169
3014,0.004126142157445299
3016,0.004193386908883964
3018,0.004254849865727202
3020,0.004310749751153462
3022,0.004361437677097605
3024,0.004407382165685116
3026,0.004449149232619522
3028,0.004487379197931261
3030,0.004522761814587636
3032,0.004556010850371236
3034,0.004587838595568896
3036,0.004618930142209091
3038,0.004649916918475074
3040,0.004681348995092308
3042,0.004713666097114119
3044,0.004747167913620188
3046,0.004781984993008935
3048,0.0048180520549397175
3050,0.004855085838367907
3052,0.004892569641436605
3054,0.0049297465742685976
3056,0.004965623338312972
3058,0.0049989861168590315
3060,0.005028429874612893
3062,0.0050524019011393955
3064,0.005069259642922853
3066,0.005077341650068355
3068,0.005075048842630204
3070,0.00506093147513105
3072,0.005033775494826034
3074,0.004992680869516072
3076,0.004937124276283602
3078,0.004866999500773934
3080,0.004782630964417079
3082,0.00468475868989898
3084,0.0045744962547780346
3086,0.004453266305452918
3088,0.004322720490332346
3090,0.004184651868009868
3092,0.004040907838033865
3094,0.0038933105606245794
3096,0.0037435900009465057
3098,0.0035933325684371045
3100,0.003443946220854036
3102,0.0032966411652827305
3104,0.0031524240750583714
3106,0.0030121030796601174
3108,0.00287630060269044
3110,0.0027454712965807684
3112,0.0026199227152334343
3114,0.0024998368572465273
3116,0.002385291212678364
3118,0.0022762783981866434
3120,0.0021727238397341616
3122,0.002074501250589336
3124,0.001981445859970564
3126,0.0018933654862243099
3128,0.001810049632177957
3130,0.0017312768232287067
3132,0.0016568204229836822
3134,0.001586453156668086
3136,0.0015199505565243045
3138,0.0014570935214105133
3140,0.0013976701584523007
3142,0.00134147705028264
3144,0.0012883200685491311
3146,0.001238014833730893
3148,0.0011903869032029316
3150,0.0011452717539421637
3152,0.0011025146131477684
3154,0.0010619701791214238
3156,0.0010235022657554306
3158,0.0009869833966387274
3160,0.0009522943688564635
3162,0.0009193238017958811
3164,0.0008879676824755186
3166,0.0008581289159104739
3168,0.0008297168866649141
3170,0.0008026470359000135
3172,0.0007768404567983792
3174,0.0007522235101506433
3176,0.0007287274610577567
3178,0.0007062881370782467
3180,0.0006848456076886637
3182,0.0006643438845919539
3184,0.0006447306421740163
3186,0.0006259569572506152
3188,0.0006079770671471744
3190,0.0005907481450986321
3192,0.0005742300919344118
3194,0.0005583853430159134
3196,0.0005431786894140735
3198,0.0005285771123471494
3200,0.0005145496299400113
3202,0.0005010671554127151
3204,0.0004881023658557187
3206,0.00047562958079998247
3208,0.0004636246498411262
3210,0.00045206484862682264
3212,0.00044092878256506325
3214,0.00043019629765736413
3216,0.0004198483979051125
3218,0.00040986716877892287
3220,0.000400235706279992
3222,0.0003909380511590215
3224,0.0003819591278923439
3226,0.00037328468804653103
3228,0.0003649012576920779
3230,0.00035679608855385445
3232,0.00034895711261103264
3234,0.0003413728998822501
3236,0.0003340326191529973
3238,0.0003269260014217345
3240,0.0003200433058591882
3242,0.00031337528809175565
3244,0.00030691317063507705
3246,0.0003006486153177191
3248,0.0002945736975476578
3250,0.0002886808822859348
3252,0.0002829630016025862
3254,0.00027741323369978073
3256,0.00027202508329612354
3258,0.0002667923632743688
3260,0.0002617091775023741
3262,0.0002567699047441102
3264,0.0002519691835839336
3266,0.0002473018982932145
3268,0.0002427631655738074
3270,0.00023834832211781307
3272,0.00023405291292764285
3274,0.00022987268034458435
3276,0.0002258035537379269
3278,0.00022184163981025173
3280,0.00021798321347775757
3282,0.0002142247092875006
3284,0.00021056271333619788
3286,0.0002069939556577971
3288,0.00020351530304937057
3290,0.00020012375230706294
3292,0.00019681642384582727
3294,0.00019359055567853332
3296,0.00019044349773174443
3298,0.00018737270647703578
3300,0.00018437573985819074
3302,0.00018145025249596033
3304,0.00017859399115332305
3306,0.0001758047904453397
3308,0.00017308056877876854
3310,0.00017041932450760172
3312,0.00016781913229160393
3314,0.00016527813964578892
3316,0.0001627945636695622
3318,0.00016036668794499478
3320,0.00015799285959437607
3322,0.00015567148648782956
3324,0.00015340103459236497
3326,0.00015118002545429094
3328,0.00014900703380742202
3330,0.00014688068529999034
3332,0.00014479965433361537
3334,0.00014276266200809708
3336,0.00014076847416618415
3338,0.00013881589953282573
3340,0.00013690378794375138
3342,0.00013503102865853586
3344,0.00013319654875359625
3346,0.00013139931159084235
3348,0.0001296383153579557
3350,0.00012791259167650943
3352,0.00012622120427436493
3354,0.00012456324771898924
3356,0.00012293784620853146
3358,0.00012134415241767909
3360,0.00011978134639548651
3362,0.00011824863451252759
3364,0.00011674524845487437
3366,0.00011527044426254515
3368,0.00011382350141019655
3370,0.00011240372192795886
3372,0.00011101042956042957
3374,0.00010964296896195027
3376,0.00010830070492639324
3378,0.00010698302164978224
3380,0.00010568932202416157
3382,0.000104419026961213
3384,0.00010317157474420098
3386,0.00010194642040690116
3388,0.00010074303513823933
3390,0.00009956090571143427
3392,0.00009839953393650114
3394,0.0000972584361350319
3396,0.00009613714263622482
3398,0.00009503519729318854
3400,0.00009395215701859554
3402,0.0000928875913388071
3404,0.00009184108196563674
3406,0.00009081222238495996
3408,0.00008980061746141945
3410,0.00008880588305851023
3412,0.00008782764567336663
3414,0.00008686554208560518
3416,0.0000859192190196096
3418,0.00008498833281967382
3420,0.00008407254913744755
3422,0.00008317154263115551
3424,0.00008228499667608689
3426,0.00008141260308587558
3428,0.0000805540618441146
3430,0.00007970908084586991
3432,0.00007887737564867841
3434,0.00007805866923263569
3436,0.00007725269176919622
3438,0.0000764591803983269
3440,0.00007567787901367102
3442,0.00007490853805539577
3444,0.00007415091431041107
3446,0.00007340477071966163
3448,0.0000726698761922079
3450,0.0000719460054258244
3452,0.00007123293873385524
3454,0.00007053046187807958
3456,0.00006983836590734952
3458,0.000069156447001774
3460,0.00006848450632223222
3462,0.00006782234986500925
3464,0.0000671697883213558
3466,0.0000665266369417824
3468,0.00006589271540490688
3470,0.00006526784769068116
3472,0.00006465186195783142
3474,0.0000640445904253522
3476,0.00006344586925790228
3478,0.00006285553845495596
3480,0.00006227344174357011
3482,0.00006169942647463282
3484,0.00006113334352246499
3486,0.00006057504718765184
3488,0.00006002439510298606
3490,0.00005948124814240936
3492,0.00005894547033284355
3494,0.000058416928768807296
3496,0.000057895493529717874
3498,0.000057381037599782335
3500,0.00005687343679038577
3502,0.00005637256966488796
3504,0.00005587831746574366
3506,0.00005539056404386458
3508,0.00005490919579014505
3510,0.000054434101569075336
3512,0.000053965172654370865
3514,0.000053502302666547285
3516,0.00005304538751237462
3518,0.0000525943253261461
3520,0.0000521490164126998
3522,0.00005170936319213366
3524,0.0000512752701461564
3526,0.00005084664376601956
3528,0.000050423392501977305
3530,0.000050005426714223296
3532,0.000049592658625255234
3534,0.00004918500227362009
3536,0.000048782373468994156
3538,0.000048384689748554275
3540,0.00004799187033459811
3542,0.00004760383609337248
3544,0.00004722050949507072
3546,0.000046841814574961405
3548,0.00004646767689561173
3550,0.00004609802351017073
3552,0.00004573278292667833
3554,0.000045371885073367755
3556,0.00004501526126492953
3558,0.00004466284416970716
3560,0.000044314567777794855
3562,0.00004397036737000917
3564,0.000043630179487707365
3566,0.00004329394190342617
3568,0.000042961593592315435
3570,0.00004263307470434234
3572,0.00004230832653724238
3574,0.000041987291510194364
3576,0.00004166991313819731
3578,0.00004135613600712792
3580,0.00004104590574945807
3582,0.00004073916902061255
3584,0.00004043587347594749
3586,0.00004013596774833141
3588,0.000039839401426310415
3590,0.00003954612503284065
3592,0.00003925609000457095
3594,0.000038969248671659476
3596,0.00003868555423810901
3598,0.000038404960762605114
3600,0.00003812742313984322
3602,0.00003785289708232979
3604,0.00003758133910264436
3606,0.00003731270649614879
3608,0.00003704695732413121
3610,0.000036784050397371835
3612,0.00003652394526011903
3614,0.000036266602174463655
3616,0.000036011982105100584
3618,0.00003576004670446631
3620,0.00003551075829824233
3622,0.00003526407987121376
3624,0.00003501997505347347
3626,0.00003477840810696193
3628,0.000034539343912333815
3630,0.00003430274795614183
3632,0.000034068586318329486
3634,0.000033836825660024074
3636,0.00003360743321162173
3638,0.00003338037676115661
3640,0.0000331556246429464
3642,0.00003293314572650685
3644,0.000032712909405727855
3646,0.000032494885588304164
3648,0.000032279044685413966
3650,0.00003206535760163854
3652,0.00003185379572511675
3654,0.00003164433091792799
3656,0.00003143693550669769
3658,0.00003123158227341937
3660,0.00003102824444648764
3662,0.00003082689569193664
3664,0.000030627510104878513
3666,0.000030430062201136628
3668,0.000030234526909068744
3670,0.000030040879561574928
3672,0.000029849095888285652
3674,0.000029659152007925366
3676,0.000029471024420847095
3678,0.000029284690001733606
3680,0.00002910012599246108
3682,0.000028917309995120957
3684,0.000028736219965196147
3686,0.000028556834204887584
3688,0.000028379131356587412
3690,0.000028203090396495134
3692,0.000028028690628373104
3694,0.00002785591167743795
3696,0.00002768473348438456
3698,0.00002751513629953928
3700,0.00002734710067713923
3702,0.000027180607469734567
3704,0.000027015637822710752
3706,0.000026852173168927795
3708,0.000026690195223473743
3710,0.000026529685978529564
3712,0.000026370627698342695
3714,0.000026213002914306784
3716,0.000026056794420144877
3718,0.000025901985267193713
3720,0.00002574855875978667
3722,0.00002559649845073296
3724,0.000025445788136890834
3726,0.00002529641185483262
3728,0.000025148353876599265
3730,0.000025001598705542462
3732,0.000024856131072252157
3734,0.000024711935930567508
3736,0.000024568998453669345
3738,0.000024427304030252236
3740,0.00002428683826077423
3742,0.000024147586953782616
3744,0.00002400953612231383
3746,0.00002387267198036589
3748,0.000023736980939441564
3750,0.00002360244960516083
3752,0.000023469064773940933
3754,0.000023336813429742463
3756,0.000023205682740880066
3758,0.000023075660056896332
3760,0.00002294673290549722
3762,0.000022818888989547958
3764,0.00002269211618412781
3766,0.000022566402533642483
3768,0.0000224417362489929
3770,0.000022318105704799106
3772,0.000022195499436677975
3774,0.000022073906138573623
3776,0.000021953314660139414
3778,0.000021833714004170234
3780,0.000021715093324084152
3782,0.000021597441921452208
3784,0.000021480749243575386
3786,0.000021365004881107738
3788,0.000021250198565724557
3790,0.000021136320167834782
3792,0.000021023359694336546
3794,0.000020911307286414986
3796,0.00002080015321738146
3798,0.00002068988789055317
3800,0.00002058050183717243
3802,0.000020471985714364693
3804,0.000020364330303134535
3806,0.00002025752650639873
3808,0.000020151565347055724
3810,0.00002004643796609066
3812,0.000019942135620715277
3814,0.000019838649682541884
3816,0.00001973597163579072
3818,0.000019634093075530084
3820,0.00001953300570594841
3822,0.00001943270133865769
3824,0.000019333171891027673
3826,0.00001923440938455008
3828,0.000019136405943232284
3830,0.000019039153792019838
3832,0.000018942645255247267
3834,0.00001884687275511654
3836,0.000018751828810202646
3838,0.00001865750603398574
3840,0.000018563897133409324
3842,0.000018470994907463954
3844,0.000018378792245795825
3846,0.00001828728212734
3848,0.0000181964576189775
3850,0.000018106311874215962
3852,0.000018016838131893337
3854,0.00001792802971490418
3856,0.000017839880028948022
3858,0.00001775238256129952
3860,0.000017665530879599803
3862,0.000017579318630668703
3864,0.000017493739539337433
3866,0.000017408787407301257
3868,0.000017324456111991843
3870,0.000017240739605468877
3872,0.00001715763191333054
3874,0.000017075127133642513
3876,0.000016993219435885164
3878,0.000016911903059918506
3880,0.000016831172314964637
3882,0.000016751021578607336
3884,0.000016671445295808422
3886,0.00001659243797794058
3888,0.00001651399420183641
3890,0.00001643610860885329
3892,0.000016358775903953773
3894,0.00001628199085480131
3896,0.00001620574829087086
3898,0.000016130043102574278
3900,0.000016054870240400018
3902,0.000015980224714067056
3904,0.000015906101591692662
3906,0.000015832495998973762
3908,0.000015759403118381676
3910,0.000015686818188370013
3912,0.000015614736502595358
3914,0.00001554315340915065
3916,0.000015472064309810935
3918,0.00001540146465929129
3920,0.000015331349964516665
3922,0.00001526171578390353
3924,0.000015192557726652911
3926,0.000015123871452054869
3928,0.000015055652668803926
3930,0.00001498789713432552
3932,0.000014920600654113048
3934,0.000014853759081075464
3936,0.000014787368314895187
3938,0.000014721424301396115
3940,0.000014655923031921603
3942,0.00001459086054272218
3944,0.00001452623291435288
3946,0.000014462036271079993
3948,0.000014398266780297027
3950,0.00001433492065194983
3952,0.000014271994137970552
3954,0.000014209483531720435
3956,0.000014147385167441192
3958,0.000014085695419714857
3960,0.000014024410702931923
3962,0.000013963527470767683
3964,0.000013903042215666542
3966,0.000013842951468334271
3968,0.00001378325179723797
3970,0.000013723939808113632
3972,0.000013665012143481216
3974,0.000013606465482167046
3976,0.000013548296538833451
3978,0.000013490502063515473
3980,0.000013433078841164573
3982,0.000013376023691199188
3984,0.000013319333467062029
3986,0.000013263005055783979
3988,0.000013207035377554531
3990,0.000013151421385298603
3992,0.000013096160064259655
3994,0.000013041248431588978
3996,0.000012986683535941077
3998,0.000012932462457075009
4000,0.000012878582305461614
