500,8.880702545735798e-6
502,9.086562878816884e-6
504,9.303317890456236e-6
506,9.53111158485931e-6
508,9.769924818236251e-6
510,0.000010019534663451134
512,0.000010279468951824602
514,0.000010548956725364928
516,0.000010826876215531563
518,0.000011111703100343816
520,0.000011401463148038243
522,0.000011693694837057838
524,0.000011985428963621442
526,0.000012273193315789248
528,0.000012553050808531288
530,0.000012820678578826159
532,0.000013071493012369145
534,0.000013300821285803584
536,0.000013504113908611706
538,0.000013677185612267585
540,0.000013816464993204436
542,0.000013919228186986633
544,0.000013983790139008624
546,0.00001400962980448482
548,0.000013997432901691385
550,0.000013949046491068748
552,0.000013867351513609525
554,0.000013756069982405726
556,0.000013619530662159786
558,0.000013462419668337053
560,0.000013289540556455115
562,0.000013105603243532415
564,0.000012915054122060634
566,0.000012721952599946621
568,0.000012529893241252006
570,0.000012341968346865612
572,0.000012160763332780181
574,0.000011988376398037141
576,0.00001182645430034411
578,0.000011676237117786745
580,0.000011538606277318873
582,0.000011414131589428303
584,0.0000113031143688227
586,0.000011205624860754978
588,0.00001112153311539613
590,0.000011050533182696756
592,0.000010992161081133294
594,0.000010945807472668486
596,0.000010910726391580887
598,0.000010886041746991227
600,0.000010870753643085465
602,0.000010863746802131871
604,0.000010863803467586977
606,0.000010869623018462594
608,0.00001087985004703959
610,0.000010893111771295907
612,0.000010908064369092245
614,0.00001092344623736815
616,0.000010938134526622736
618,0.000010951199915784032
620,0.000010961953848806506
622,0.000010969982650829614
624,0.000010975164185073242
626,0.000010977664843258402
628,0.000010977917272500828
630,0.000010976581778065858
632,0.000010974496275075981
634,0.000010972620643793987
636,0.000010971981287791896
638,0.000010973620770442159
640,0.000010978555944061072
642,0.00001098774636142937
644,0.00001100207328454048
646,0.00001102232847629811
648,0.000011049211248758443
650,0.000011083331919633812
652,0.0000111252198129935
654,0.000011175334126899089
656,0.00001123407628400895
658,0.000011301802706242901
660,0.000011378837261651576
662,0.000011465482893181857
664,0.000011562032144327646
666,0.000011668776445878347
668,0.00001178601412729463
670,0.000011914057174259213
672,0.000012053236779454984
674,0.000012203907734350016
676,0.000012366451691886847
678,0.000012541279298011674
680,0.000012728831147000847
682,0.000012929577463442811
684,0.00001314401635359432
686,0.000013372670401307417
688,0.000013616081309481537
690,0.000013874802208206723
692,0.000014149387167725856
694,0.000014440377372245783
696,0.00001474828333652004
698,0.000015073562492105177
700,0.000015416591450767468
702,0.000015777632292043154
704,0.00001615679235185359
706,0.000016553977249318434
708,0.000016968837326934403
710,0.000017400708346108887
712,0.000017848548221956054
714,0.00001831087282544948
716,0.0000187856954137443
718,0.00001927047598730664
720,0.000019762088630142205
722,0.000020256816353115187
724,0.000020750383681998546
726,0.000021238036664911642
728,0.000021714677570968173
730,0.000022175056933684127
732,0.000022614018765699248
734,0.000023026786336376512
736,0.000023409267151976003
738,0.000023758348567783874
740,0.000024072151819828816
742,0.000024350213771519972
744,0.00002459357282979592
746,0.000024804747346367776
748,0.00002498760908926756
750,0.0000251471680290906
752,0.00002528929489722669
754,0.00002542041292234754
756,0.0000255471894699072
758,0.000025676252987639514
760,0.000025813952538957905
762,0.000025966168321971085
764,0.000026138173610317992
766,0.000026334542559019544
768,0.00002655909467476566
770,0.000026814865325391356
772,0.000027104092038896497
774,0.000027428208012257666
776,0.000027787836756495226
778,0.00002818278479670921
780,0.000028612032578668153
782,0.000029073727021855205
784,0.000029565182311950037
786,0.00003008289827949518
788,0.000030622607678323445
790,0.00003117936433606116
792,0.00003174768289992899
794,0.00003232173720419121
796,0.000032895617880262975
798,0.000033463640993913473
800,0.00003402068924803384
802,0.00003456255742883137
804,0.000035086266604452235
806,0.00003559030935430864
808,0.00003607479245142709
810,0.000036541453915840185
812,0.000036993546488148194
814,0.00003743559629723533
816,0.00003787306033610435
818,0.00003831191646895117
820,0.00003875822367412291
822,0.00003921768839102817
824,0.00003969526686289183
826,0.00004019482558213102
828,0.00004071887455732596
830,0.00004126838263560287
832,0.000041842681071835455
834,0.00004243946053431772
836,0.000043054866649876725
838,0.00004368369849732024
840,0.00004431971162201079
842,0.00004495602103908184
844,0.00004558559001800329
846,0.00004620177805583806
848,0.000046798908470792214
850,0.00004737280558062832
852,0.0000479212468184967
854,0.00004844427891925856
856,0.000048944360174086666
858,0.000049426310982022364
860,0.00004989707864747463
862,0.000050365344620748526
864,0.00005084101862002659
866,0.0000513346715423119
868,0.00005185695742347284
870,0.00005241806580662246
872,0.00005302723292549144
874,0.00005369232655960626
876,0.00005441950808756834
878,0.00005521296785966843
880,0.000056074727069950096
882,0.00005700450041399204
884,0.00005799961790522909
886,0.00005905500984417149
888,0.00006016326446310568
890,0.0000613147715407955
892,0.00006249796576612321
894,0.00006369967967016295
896,0.00006490560708961917
898,0.00006610086496135462
900,0.00006727062561158861
902,0.00006840077654662186
904,0.00006947855358622988
906,0.00007049308915521776
908,0.00007143582246154087
910,0.00007230073195420453
912,0.00007308437073596543
914,0.00007378570912681208
916,0.00007440581172352534
918,0.00007494739603738638
920,0.00007541433391507055
922,0.00007581116390133404
924,0.0000761426813012672
926,0.00007641366216729104
928,0.00007662875786581906
930,0.00007679256988910474
932,0.00007690988371945884
934,0.0000769860110859989
936,0.00007702716786226298
938,0.00007704080528654079
940,0.00007703581782301062
942,0.00007702257093851035
944,0.00007701272189535373
946,0.00007701883954004756
948,0.0000770538578611977
950,0.00007713041742817547
952,0.0000772601564592747
954,0.00007745301025462102
956,0.0000777165675084699
958,0.00007805551895674911
960,0.00007847122179584596
962,0.00007896139477776035
964,0.00007951995455197481
966,0.00008013700285162716
968,0.00008079897464999969
970,0.0000814889571888637
972,0.00008218718676962371
974,0.00008287172308975155
976,0.00008351928942081498
978,0.00008410625187468452
980,0.00008460969410956949
982,0.00008500852735509196
984,0.00008528456204452657
986,0.00008542345905782489
988,0.00008541547788762778
990,0.00008525594790746667
992,0.00008494540849818323
994,0.00008448939360269157
996,0.00008389787347740264
998,0.00008318440564715028
1000,0.00008236508144948058
1002,0.00008145737743050776
1004,0.00008047902780613696
1006,0.00007944702427457412
1008,0.00007837682520941471
1010,0.00007728182270519934
1012,0.00007617307910333257
1014,0.00007505931019096941
1016,0.00007394706483636923
1018,0.00007284103359506819
1020,0.0000717444134760086
1022,0.00007065926263912409
1024,0.00006958679555505462
1026,0.0000685275925800644
1028,0.00006748172316187703
1030,0.0000664488037915785
1032,0.00006542802595676866
1034,0.00006441819319895439
1036,0.00006341779983175358
1038,0.00006242516918908761
1040,0.00006143865041284194
1042,0.000060456854455865226
1044,0.000059478896509245396
1046,0.00005850460647188583
1048,0.00005753467237737342
1050,0.00005657069270262077
1052,0.00005561512921914061
1054,0.00005467116858960291
1056,0.000053742514517547465
1058,0.000052833140355074514
1060,0.00005194703380732243
1062,0.000051087961572824126
1064,0.000050259274414500076
1066,0.00004946376464606173
1068,0.00004870358037738096
1070,0.00004798019529379195
1072,0.00004729442947864969
1074,0.00004664651526014656
1076,0.000046036201301907236
1078,0.00004546288724267659
1080,0.0000449257796278919
1082,0.00004442405777427553
1084,0.000043957036223466
1086,0.00004352430950351881
1088,0.000043125865847341786
1090,0.00004276215965916699
1092,0.000042434137546999114
1094,0.000042143218708653455
1096,0.00004189123610746025
1098,0.000041680349024652855
1100,0.00004151293949813567
1102,0.00004139150473683317
1104,0.00004131855527961828
1106,0.00004129652522572629
1108,0.00004132769713684974
1110,0.00004141414087731267
1112,0.0000415576631272495
1114,0.000041759762716180616
1116,0.0000420215862254624
1118,0.0000423438783406397
1120,0.000042726922024150054
1122,0.00004317046458942461
1124,0.000043673627117899656
1126,0.00004423479636347966
1128,0.00004485150037175349
1130,0.00004552027155236744
1132,0.000046236503899597635
1134,0.00004699431439517098
1136,0.00004778642215606397
1138,0.000048604062247142476
1140,0.00004943695372070006
1142,0.00005027334267568869
1144,0.00005110014018396395
1146,0.00005190317111738766
1148,0.00005266754278826795
1150,0.00005337813187944839
1152,0.00005402017495719119
1154,0.00005457993314327579
1156,0.000055045387114266274
1158,0.00005540690684245379
1160,0.000055657833976888774
1162,0.00005579491583422855
1164,0.00005581854007969695
1166,0.000055732738162061153
1168,0.00005554495117469263
1170,0.00005526557985801183
1172,0.000054907365706499414
1174,0.000054484667760979286
1176,0.00005401270663616631
1178,0.000053506843263530746
1180,0.000052981946842473404
1182,0.00005245188831361673
1184,0.00005192917637108401
1186,0.00005142473595130945
1188,0.00005094781627101212
1190,0.000050506007438086965
1192,0.00005010534096681034
1194,0.000049750449167508854
1196,0.000049444760216886386
1198,0.000049190708809038056
1200,0.00004898994600867603
1202,0.0000488435359143402
1204,0.00004875213076396528
1206,0.00004871611995139861
1208,0.00004873575177089532
1210,0.00004881122922150173
1212,0.000048942782601462266
1214,0.00004913072181633332
1216,0.00004937547050254482
1218,0.00004967758267740479
1220,0.00005003774124656278
1222,0.00005045673686089462
1224,0.00005093542563273514
1226,0.000051474665119495086
1228,0.000052075229527302375
1230,0.00005273770691662314
1232,0.000053462382974687564
1234,0.000054249117473270195
1236,0.00005509722085102718
1238,0.000056005339560037575
1240,0.00005697136000392658
1242,0.000057992342039305776
1244,0.00005906449384849132
1246,0.000060183199997220224
1248,0.00006134311295852137
1250,0.00006253831459738512
1252,0.0000637625476195693
1254,0.0000650095079244762
1256,0.0000662731781480758
1258,0.00006754817233812298
1260,0.0000688300542320121
1262,0.00007011558959990478
1264,0.00007140289832094184
1266,0.00007269148437062244
1268,0.00007398213977759466
1270,0.00007527673822722627
1272,0.00007657795102226679
1274,0.00007788892885304278
1276,0.00007921299530196136
1278,0.00008055339242104596
1280,0.00008191310716625582
1282,0.00008329479301965832
1284,0.00008470078675407293
1286,0.00008613320803237153
1288,0.0000875941201732958
1290,0.00008908572376469938
1292,0.0000906105503551907
1294,0.00009217162108231932
1296,0.00009377253540924952
1298,0.00009541745926659064
1300,0.00009711099077460768
1302,0.0000988578953186997
1304,0.0001006627186251677
1306,0.00010252930400201244
1308,0.00010446025503788205
1310,0.00010645639533231778
1312,0.00010851628106463291
1314,0.00011063582057324034
1316,0.00011280804871982645
1318,0.0001150230939730637
1320,0.000117268363761379
1322,0.00011952895892498235
1324,0.00012178831079709118
1326,0.00012402901449896117
1328,0.00012623381035590725
1330,0.00012838664437694975
1332,0.00013047372238156755
1334,0.00013248446501749043
1336,0.00013441227595735597
1338,0.0001362550537096782
1340,0.0001380154060038716
1342,0.00013970055896844627
1344,0.0001413219845318453
1346,0.00014289479295831069
1348,0.00014443695031647093
1350,0.00014596838336411515
1352,0.0001475100296912149
1354,0.0001490828828740656
1356,0.00015070707434099422
1358,0.00015240102785542904
1360,0.0001541807196629629
1362,0.00015605907667200808
1364,0.00015804554466458012
1366,0.00016014585589401874
1368,0.00016236201783962484
1370,0.00016469253030320258
1372,0.00016713281583737808
1374,0.0001696758202126091
1376,0.0001723127092447029
1378,0.0001750335619718862
1380,0.00017782794513468794
1382,0.00018068525672586703
1384,0.00018359475083800403
1386,0.0001865452015378464
1388,0.00018952422450664602
1390,0.00019251734216819627
1392,0.00019550693952748882
1394,0.0001984713030474585
1396,0.00020138395516177554
1398,0.00020421348743711863
1400,0.00020692405444268212
1402,0.00020947661990449766
1404,0.00021183095216395847
1406,0.00021394825708075945
1408,0.00021579422793364136
1410,0.00021734220230405923
1412,0.00021857606524983622
1414,0.00021949254216450942
1416,0.0002201025896061774
1418,0.00022043171021187587
1420,0.000220519166976677
1422,0.00022041622240282516
1424,0.000220183648939994
1426,0.00021988882696997279
1428,0.00021960275761242083
1430,0.0002193972765413922
1432,0.0002193426787584856
1434,0.00021950587364598796
1436,0.00021994910321244937
1438,0.00022072918688069142
1440,0.0002218972091034239
1442,0.0002234985412728324
1444,0.00022557308279727442
1446,0.00022815561226113075
1448,0.00023127615278335507
1450,0.000234960271652384
1452,0.00023922925009442573
1454,0.00024410007308825718
1456,0.0002495852010915765
1458,0.0002556920958716459
1460,0.00026242248240485754
1462,0.00026977133945912127
1464,0.0002777256246062109
1466,0.0002862627566121707
1468,0.00029534890073803756
1470,0.0003049371311662967
1472,0.0003149655792369572
1474,0.0003253557145909765
1476,0.00033601094484565053
1478,0.00034681575198225424
1480,0.00035763560206531766
1482,0.0003683178599286041
1484,0.0003786939033604674
1486,0.00038858255658815176
1488,0.0003977948510652751
1490,0.0004061399816831652
1492,0.00041343217649937803
1494,0.0004194980625919256
1496,0.0004241840158573953
1498,0.0004273629488532627
1500,0.0004289400260114957
1502,0.0004288568919148521
1504,0.0004270941348013839
1506,0.00042367185745283316
1508,0.00041864836850256134
1510,0.00041211712700293913
1512,0.0004042021709938956
1514,0.0003950523416070224
1516,0.0003848346806548236
1518,0.00037372742751216404
1520,0.0003619130601975964
1522,0.00034957180541988965
1524,0.0003368759789692137
1526,0.0003239854174835658
1528,0.0003110441408562235
1530,0.0002981782613474816
1532,0.00028549504925631195
1534,0.0002730829881662806
1536,0.00026101260987202867
1538,0.000249337887747501
1540,0.0002380979806373595
1542,0.00022731914864837851
1544,0.00021701669920099468
1546,0.00020719685979173728
1548,0.0001978585086974052
1550,0.0001889947239300938
1552,0.0001805941333189275
1554,0.000172642064897456
1556,0.00016512150765254384
1558,0.00015801389921597418
1560,0.000151299760335908
1562,0.00014495919691319282
1564,0.00013897228981377092
1566,0.00013331939117684332
1568,0.00012798134396757295
1570,0.00012293963937483096
1572,0.00011817652452446575
1574,0.00011367507098407448
1576,0.0001094192127383361
1578,0.0001053937607395474
1580,0.00010158439978738516
1582,0.00009797767235236897
1584,0.00009456095300888763
1586,0.00009132241636277944
1588,0.00008825100072178813
1590,0.00008533636924246935
1592,0.0000825688698741142
1594,0.0000799394950912295
1596,0.00007743984214580718
1598,0.00007506207436610593
1600,0.00007279888386916804
1602,0.0000706434559308897
1604,0.00006858943516283964
1606,0.00006663089357323444
1608,0.00006476230053571529
1610,0.00006297849464995741
1612,0.00006127465744957663
1614,0.00005964628889280569
1616,0.00005808918455802385
1618,0.00005659941445788757
1620,0.000055173303381294846
1622,0.000053807412670761774
1624,0.000052498523343240364
1626,0.000051243620464379775
1628,0.00005003987868927085
1630,0.000048884648886470904
1632,0.0000477754457663141
1634,0.00004670993643897233
1636,0.00004568592983228989
1638,0.000044701366903964944
1640,0.000043754311587107313
1642,0.000042842942412513825
1644,0.000041965544755127294
1646,0.00004112050365606217
1648,0.00004030629717527348
1650,0.00003952149023341122
1652,0.00003876472890463996
1654,0.000038034735125216284
1656,0.00003733030178541474
1658,0.00003665028817498158
1660,0.000035993615754689505
1662,0.00003535926422877344
1664,0.00003474626789506226
1666,0.000034153712251491256
1668,0.000033580730839402485
1670,0.00003302650230561934
1672,0.00003249024766673392
1674,0.00003197122776037726
1676,0.00003146874086946446
1678,0.000030982120506527584
1680,0.000030510733346276914
1682,0.000030053977295473608
1684,0.00002961127969006127
1686,0.000029182095610296152
1688,0.00002876590630534294
1690,0.000028362217719469546
1692,0.000027970559112586302
1694,0.000027590481768436036
1696,0.000027221557784256963
1698,0.000026863378936213296
1700,0.000026515555615323027
1702,0.00002617771582901146
1704,0.000025849504263786166
1706,0.00002553058140486598
1708,0.000025220622708907363
1710,0.000024919317826256496
1712,0.000024626369869418565
1714,0.00002434149472467758
1716,0.000024064420404022855
1718,0.000023794886434744017
1720,0.00002353264328424565
1722,0.000023277451817807517
1724,0.00002302908278717772
1726,0.00002278731634803479
1728,0.00002255194160449263
1730,0.000022322756178949082
1732,0.000022099565805696508
1734,0.00002188218394682161
1736,0.000021670431429022154
1738,0.000021464136100061522
1740,0.000021263132503668332
1742,0.00002106726157176815
1744,0.000020876370333008693
1746,0.00002069031163660845
1748,0.00002050894389062267
1750,0.000020332130813779633
1752,0.000020159741200095388
1754,0.00001999164869552618
1756,0.000019827731585965163
1758,0.000019667872595934447
1760,0.00001951195869736445
1762,0.000019359880927890878
1764,0.000019211534218135338
1766,0.000019066817227468684
1768,0.000018925632187787277
1770,0.000018787884754861163
1772,0.000018653483866839986
1774,0.00001852234160952781
1776,0.000018394373088061215
1778,0.00001826949630464715
1780,0.0000181476320420374
1782,0.000018028703752435637
1784,0.000017912637451551035
1786,0.00001779936161752906
1788,0.000017688807094505707
1790,0.00001758090700054623
1792,0.000017475596639743095
1794,0.000017372813418260664
1796,0.00001727249676412637
1798,0.000017174588050579272
1800,0.000017079030522797675
1802,0.00001698576922783726
1804,0.00001689475094762069
1806,0.00001680592413482833
1808,0.000016719238851548007
1810,0.000016634646710549547
1812,0.000016552100819056903
1814,0.000016471555724897864
1816,0.000016392967364917433
1818,0.000016316293015547316
1820,0.000016241491245429517
1822,0.00001616852186999741
1824,0.000016097345907922824
1826,0.000016027925539342342
1828,0.000015960224065780588
1830,0.00001589420587169251
1832,0.00001582983638755056
1834,0.000015767082054406706
1836,0.00001570591028986243
1838,0.000015646289455383533
1840,0.000015588188824899588
1842,0.000015531578554630894
1844,0.000015476429654088707
1846,0.00001542271395819706
1848,0.00001537040410048724
1850,0.000015319473487318086
1852,0.0000152698962730779
1854,0.000015221647336325523
1856,0.000015174702256830597
1858,0.000015129037293474473
1860,0.000015084629362975518
1862,0.000015041456019403957
1864,0.000014999495434453213
1866,0.000014958726378436158
1868,0.000014919128201976269
1870,0.000014880680818364948
1872,0.000014843364686557703
1874,0.000014807160794783086
1876,0.000014772050644739504
1878,0.000014738016236356113
1880,0.000014705040053095136
1882,0.000014673105047773968
1884,0.000014642194628886307
1886,0.000014612292647402617
1888,0.000014583383384031
1890,0.000014555451536920462
1892,0.000014528482209789252
1894,0.000014502460900461854
1896,0.000014477373489798805
1898,0.000014453206231004257
1900,0.000014429945739296842
1902,0.000014407578981930012
1904,0.000014386093268548669
1906,0.00001436547624186933
1908,0.000014345715868671808
1910,0.000014326800431090723
1912,0.000014308718518195714
1914,0.00001429145901784977
1916,0.000014275011108835351
1918,0.000014259364253238607
1920,0.000014244508189082236
1922,0.000014230432923198044
1924,0.00001421712872433049
1926,0.000014204586116463059
1928,0.000014192795872359361
1930,0.000014181749007311486
1932,0.000014171436773088204
1934,0.000014161850652076018
1936,0.000014152982351606306
1938,0.000014144823798462138
1940,0.000014137367133558472
1942,0.000014130604706789816
1944,0.000014124529072039579
1946,0.000014119132982345623
1948,0.00001411440938521672
1950,0.000014110351418094776
1952,0.000014106952403958025
1954,0.00001410420584706035
1956,0.000014102105428802314
1958,0.000014100645003729522
1960,0.00001409981859565408
1962,0.000014099620393895185
1964,0.000014100044749634932
1966,0.000014101086172385617
1968,0.000014102739326564945
1970,0.000014104999028175689
1972,0.000014107860241586478
1974,0.000014111318076410504
1976,0.000014115367784479046
1978,0.00001412000475690689
1980,0.000014125224521246722
1982,0.000014131022738729776
1984,0.000014137395201590095
1986,0.000014144337830469774
1988,0.000014151846671902815
1990,0.000014159917895875137
1992,0.000014168547793458505
1994,0.000014177732774516131
1996,0.000014187469365477853
1998,0.000014197754207182786
2000,0.000014208584052787543
2002,0.000014219955765738052
2004,0.000014231866317803135
2006,0.000014244312787168134
2008,0.000014257292356586781
2010,0.000014270802311589722
2012,0.0000142848400387481
2014,0.000014299403023990627
2016,0.000014314488850972666
2018,0.000014330095199495947
2020,0.000014346219843977442
2022,0.000014362860651966145
2024,0.000014380015582706452
2026,0.00001439768268574685
2028,0.000014415860099592802
2030,0.000014434546050402593
2032,0.00001445373885072508
2034,0.000014473436898278201
2036,0.000014493638674767307
2038,0.000014514342744742202
2040,0.000014535547754491993
2042,0.00001455725243097678
2044,0.000014579455580795327
2046,0.000014602156089187785
2048,0.000014625352919072684
2050,0.00001464904511011732
2052,0.000014673231777840842
2054,0.000014697912112749174
2056,0.00001472308537950117
2058,0.000014748750916105157
2060,0.00001477490813314534
2062,0.00001480155651303729
2064,0.000014828695609311943
2066,0.000014856325045927513
2068,0.000014884444516608693
2070,0.00001491305378421262
2072,0.000014942152680121015
2074,0.000014971741103658045
2076,0.000015001819021533302
2078,0.00001503238646730951
2080,0.000015063443540894444
2082,0.000015094990408056585
2084,0.000015127027299964184
2086,0.000015159554512747145
2088,0.000015192572407081528
2090,0.000015226081407796107
2092,0.000015260082003500747
2094,0.000015294574746236165
2096,0.000015329560251144768
2098,0.00001536503919616225
2100,0.000015401012321729585
2102,0.000015437480430525222
2104,0.000015474444387217045
2106,0.00001551190511823397
2108,0.000015549863611556867
2110,0.00001558832091652846
2112,0.000015627278143682163
2114,0.000015666736464589476
2116,0.00001570669711172574
2118,0.000015747161378354128
2120,0.000015788130618427612
2122,0.000015829606246508747
2124,0.000015871589737707064
2126,0.000015914082627634014
2128,0.000015957086512375175
2130,0.000016000603048479665
2132,0.000016044633952966624
2134,0.000016089181003348616
2136,0.000016134246037671853
2138,0.000016179830954573117
2140,0.000016225937713353345
2142,0.00001627256833406768
2144,0.000016319724897632034
2146,0.000016367409545945996
2148,0.000016415624482032083
2150,0.00001646437197019125
2152,0.000016513654336174632
2154,0.00001656347396737146
2156,0.000016613833313013152
2158,0.000016664734884393537
2160,0.00001671618125510519
2162,0.000016768175061291912
2164,0.000016820719001917325
2166,0.000016873815839049572
2168,0.000016927468398162242
2170,0.000016981679568451363
2172,0.00001703645230316871
2174,0.000017091789619971317
2176,0.00001714769460128727
2178,0.000017204170394697914
2180,0.000017261220213336406
2182,0.000017318847336302834
2184,0.000017377055109095818
2186,0.000017435846944060875
2188,0.000017495226320855405
2190,0.00001755519678693064
2192,0.000017615761958030457
2194,0.00001767692551870734
2196,0.000017738691222855455
2198,0.000017801062894261147
2200,0.000017864044427170815
2202,0.000017927639786876438
2204,0.000017991853010318875
2206,0.00001805668820670907
2208,0.00001812214955816737
2210,0.00001818824132038109
2212,0.000018254967823280575
2214,0.000018322333471733905
2216,0.000018390342746260435
2218,0.000018459000203763415
2220,0.000018528310478281908
2222,0.000018598278281762197
2224,0.000018668908404848947
2226,0.000018740205717696367
2228,0.000018812175170799627
2230,0.000018884821795846726
2232,0.0000189581507065912
2234,0.000019032167099745885
2236,0.00001910687625589797
2238,0.000019182283540445758
2240,0.00001925839440455735
2242,0.000019335214386151623
2244,0.000019412749110901785
2246,0.000019491004293261906
2248,0.000019569985737516686
2250,0.000019649699338854948
2252,0.00001973015108446708
2254,0.000019811347054666903
2256,0.00001989329342403838
2258,0.000019975996462607412
2260,0.00002005946253703936
2262,0.000020143698111862552
2264,0.00002022870975071826
2266,0.000020314504117637638
2268,0.00002040108797834602
2270,0.000020488468201595147
2272,0.000020576651760523648
2274,0.000020665645734046518
2276,0.00002075545730827388
2278,0.00002084609377795969
2280,0.00002093756254798092
2282,0.000021029871134847717
2284,0.000021123027168245197
2286,0.00002121703839260742
2288,0.000021311912668724107
2290,0.000021407657975380842
2292,0.00002150428241103326
2294,0.000021601794195516008
2296,0.000021700201671787037
2298,0.000021799513307707977
2300,0.000021899737697861325
2302,0.000022000883565405092
2304,0.000022102959763965784
2306,0.000022205975279570284
2308,0.000022309939232617688
2310,0.000022414860879891654
2312,0.000022520749616614243
2314,0.00002262761497854204
2316,0.000022735466644105462
2318,0.0000228443144365921
2320,0.00002295416832637508
2322,0.000023065038433187317
2324,0.00002317693502844269
2326,0.00002328986853760507
2328,0.000023403849542606296
2330,0.000023518888784314057
2332,0.00002363499716505083
2334,0.000023752185751164916
2336,0.000023870465775654764
2338,0.000023989848640847692
2340,0.000024110345921134193
2342,0.000024231969365759126
2344,0.00002435473090167092
2346,0.000024478642636430207
2348,0.00002460371686117913
2350,0.00002472996605367268
2352,0.000024857402881373512
2354,0.000024986040204611603
2356,0.000025115891079810304
2358,0.000025246968762780165
2360,0.00002537928671208224
2362,0.00002551285859246233
2364,0.000025647698278357893
2366,0.000025783819857479185
2368,0.000025921237634466542
2370,0.000026059966134625338
2372,0.000026200020107740617
2374,0.00002634141453197319
2376,0.00002648416461783916
2378,0.000026628285812274736
2380,0.000026773793802788536
2382,0.0000269207045217033
2384,0.000027069034150489238
2386,0.000027218799124191173
2388,0.000027370016135951784
2390,0.00002752270214163318
2392,0.000027676874364539306
2394,0.00002783255030024155
2396,0.000027989747721510053
2398,0.00002814848468335346
2400,0.000028308779528169554
2402,0.000028470650891009724
2404,0.000028634117704959952
2406,0.000028799199206641254
2408,0.000028965914941832568
2410,0.00002913428477121916
2412,0.000029304328876269675
2414,0.000029476067765245052
2416,0.000029649522279342746
2418,0.000029824713598979567
2420,0.000030001663250216775
2422,0.000030180393111330928
2424,0.000030360925419534414
2426,0.000030543282777849383
2428,0.00003072748816213904
2430,0.000030913564928300476
2432,0.00003110153681962315
2434,0.0000312914279743174
2436,0.00003148326293321743
2438,0.00003167706664766331
2440,0.00003187286448756681
2442,0.00003207068224966584
2444,0.00003227054616597259
2446,0.00003247248291242049
2448,0.00003267651961771528
2450,0.000032882683872395746
2452,0.00003309100373810978
2454,0.00003330150775711148
2456,0.00003351422496198541
2458,0.00003372918488560412
2460,0.000033946417571325394
2462,0.00003416595358343575
2464,0.00003438782401784688
2466,0.00003461206051305233
2468,0.00003483869526135118
2470,0.00003506776102034659
2472,0.00003529929112472667
2474,0.000035533319498335523
2476,0.0000357698806665429
2478,0.00003600900976892057
2480,0.000036250742572234395
2482,0.00003649511548376093
2484,0.000036742165564937724
2486,0.00003699193054535721
2488,0.000037244448837113714
2490,0.000037499759549514004
2492,0.00003775790250416183
2494,0.000038018918250427295
2496,0.00003828284808131247
2498,0.00003854973404972457
2500,0.00003881961898516904
2502,0.000039092546510874605
2504,0.000039368561061363317
2506,0.00003964770790047874
2508,0.00003993003313988609
2510,0.00004021558375805813
2512,0.00004050440761976195
2514,0.00004079655349606132
2516,0.000041092071084850495
2518,0.00004139101103193554
2520,0.00004169342495268
2522,0.00004199936545423213
2524,0.000042308886158351724
2526,0.000042622041724854874
2528,0.000042938887875696116
2530,0.000043259481419707634
2532,0.00004358388027801609
2534,0.0000439121435101585
2536,0.00004424433134091902
2538,0.0000445805051879097
2540,0.00004492072768991856
2542,0.00004526506273604981
2544,0.00004561357549568131
2546,0.00004596633244926586
2548,0.00004632340142000325
2550,0.00004668485160641171
2552,0.00004705075361582761
2554,0.00004742117949886436
2556,0.00004779620278486136
2558,0.00004817589851835615
2560,0.000048560343296613565
2562,0.00004894961530824679
2564,0.000049343794372967204
2566,0.00004974296198250045
2568,0.000050147201342708374
2570,0.0000505565974169575
2572,0.00005097123697077628
2574,0.00005139120861784529
2576,0.00005181660286736599
2578,0.0000522475121728554
2580,0.000052684030982416135
2582,0.00005312625579053292
2584,0.00005357428519144894
2586,0.000054028219934177205
2588,0.0000544881629792046
2590,0.00005495421955694835
2592,0.00005542649722802718
2594,0.00005590510594541186
2596,0.000056390158118522386
2598,0.000056881768679341925
2600,0.000057380055150620476
2602,0.0000578851377162439
2604,0.00005839713929384761
2606,0.00005891618560975693
2608,0.00005944240527633997
2610,0.000059975929871862074
2612,0.000060516894022934935
2614,0.00006106543548965731
2616,0.00006162169525354802
2618,0.00006218581760837686
2620,0.00006275795025400279
2622,0.00006333824439333417
2624,0.00006392685483253014
2626,0.00006452394008456791
2628,0.00006512966247630551
2630,0.00006574418825917625
2632,0.00006636768772365569
2634,0.00006700033531764964
2636,0.00006764230976895696
2638,0.0000682937942119688
2640,0.00006895497631877251
2642,0.00006962604843483634
2644,0.00007030720771945888
2646,0.00007099865629117558
2648,0.00007170060137832346
2650,0.00007241325547497448
2652,0.00007313683650245739
2654,0.00007387156797669859
2656,0.00007461767918162296
2658,0.00007537540534886666
2660,0.00007614498784406651
2662,0.00007692667436000234
2664,0.00007772071911688229
2666,0.00007852738307007463
2668,0.00007934693412560469
2670,0.00008017964736375034
2672,0.00008102580527108624
2674,0.00008188569798134371
2676,0.00008275962352547138
2678,0.00008364788809130089
2680,0.00008455080629324163
2682,0.00008546870145244995
2684,0.00008640190588794102
2686,0.00008735076121913412
2688,0.00008831561868034813
2690,0.00008929683944779011
2692,0.00009029479497960717
2694,0.0000913098673696022
2696,0.00009234244971524447
2698,0.00009339294650063963
2700,0.00009446177399515806
2702,0.00009554936066845836
2704,0.0000966561476226803
2706,0.00009778258904262527
2708,0.00009892915266478392
2710,0.0001000963202661191
2712,0.00010128458817356034
2714,0.0001024944677952194
2716,0.00010372648617439128
2718,0.00010498118656746471
2720,0.00010625912904692857
2722,0.00010756089113072687
2724,0.00010888706843928645
2726,0.0001102382753816163
2728,0.00011161514587195676
2730,0.00011301833407854323
2732,0.00011444851520613845
2734,0.00011590638631408391
2736,0.00011739266717172386
2738,0.00011890810115316474
2740,0.0001204534561734482
2742,0.00012202952566834205
2744,0.00012363712962008366
2746,0.00012527711563155368
2748,0.0001269503600515066
2750,0.000128657769153648
2752,0.00013040028037251887
2754,0.00013217886359933058
2756,0.00013399452254109315
2758,0.00013584829614658717
2760,0.00013774126010295524
2762,0.00013967452840693063
2764,0.0001416492550149773
2766,0.00014366663557689233
2768,0.000145727909257718
2770,0.0001478343606531273
2772,0.0001499873218037882
2774,0.00015218817431457722
2776,0.00015443835158490454
2778,0.00015673934115683526
2780,0.00015909268718814395
2782,0.000161499993057927
2784,0.0001639629241129201
2786,0.0001664832105632334
2788,0.0001690626505368227
2790,0.00017170311330266894
2792,0.00017440654267334316
2794,0.0001771749605983924
2796,0.00018001047096080302
2798,0.00018291526358967956
2800,0.00018589161850323402
2802,0.00018894191039720828
2804,0.00019206861339496974
2806,0.0001952743060767205
2808,0.0001985616768065662
2810,0.0002019335293775979
2812,0.0002053927889966659
2814,0.00020894250863217858
2816,0.00021258587575004767
2818,0.0002163262194648419
2820,0.0002201670181353183
2822,0.00022411190743577952
2824,0.00022816468893718697
2826,0.0002323293392346473
2828,0.0002366100196608141
2830,0.00024101108662791978
2832,0.00024553710264460364
2834,0.00025019284805745525
2836,0.0002549833335712698
2838,0.0002599138136064516
2840,0.0002649898005568301
2842,0.00027021708001640713
2844,0.0002756017270492727
2846,0.00028115012358315036
2848,0.0002868689770138081
2850,0.0002927653401149435
2852,0.0002988466323561763
2854,0.0003051206627405078
2856,0.00031159565428210773
2858,0.0003182802702556018
2860,0.0003251836423592576
2862,0.000332315400946635
2864,0.0003396857074944818
2866,0.0003473052894889593
2868,0.0003551854779277742
2870,0.0003633382476525096
2872,0.00037177626074348484
2874,0.00038051291322885273
2876,0.00038956238538042525
2878,0.0003989396958909198
2880,0.0004086607602509118
2882,0.00041874245366874384
2884,0.0004292026789028557
2886,0.0004400604394032909
2888,0.00045133591818725954
2890,0.0004630505629021813
2892,0.0004752271775580782
2894,0.0004878900214387765
2896,0.0005010649157271129
2898,0.000514779358401892
2900,0.0005290626479819503
2902,0.0005439460167030761
2904,0.0005594627737137504
2906,0.0005756484588619338
2908,0.0005925410076125855
2910,0.000610180927578123
2912,0.0006286114870538802
2914,0.0006478789158180405
2916,0.000668032618268413
2918,0.0006891253987116657
2920,0.0007112136982757204
2922,0.0007343578424602037
2924,0.0007586222977456536
2926,0.000784075934916602
2928,0.0008107922957776496
2930,0.0008388498587097738
2932,0.0008683322969745684
2934,0.0008993287217695023
2936,0.0009319338997065323
2938,0.0009662484315682747
2940,0.001002378875835123
2942,0.0010404377965330931
2944,0.0010805437104147596
2946,0.00112282090339173
2948,0.0011673990805978615
2950,0.001214412808694996
2952,0.001264000703397177
2954,0.0013163043102256168
2956,0.00137146662296682
2958,0.0014296301831637657
2960,0.0014909347063910205
2962,0.0015555141883157974
2964,0.0016234934568172222
2966,0.0016949841565611042
2968,0.001770080179534717
2970,0.0018488525881893056
2972,0.001931344114758715
2974,0.0020175633575343875
2976,0.0021074788282776347
2978,0.002201013031049278
2980,0.002298036770313863
2982,0.0023983638977681555
2984,0.0025017467196018278
2986,0.0026078723078301904
2988,0.0027163599981268895
2990,0.0028267604119991264
2992,0.0029385564011086564
2994,0.0030511663520319957
2996,0.0031639502811110468
2998,0.003276219067483711
3000,0.003387247011814388
3002,0.003496287685559377
3004,0.0036025927847075593
3006,0.003705433458045143
3008,0.0038041233628737865
3010,0.0038980425089869515
3012,0.003986660772485679
3014,0.004069559795795174
3016,0.004146451872837346
3018,0.004217194412855894
3020,0.00428179874713932
3022,0.004340432409838855
3024,0.004393414531899455
3026,0.004441204511843633
3028,0.004484384524621993
3030,0.004523636604023892
3032,0.00455971498921864
3034,0.004593414270741223
3036,0.004625533771846724
3038,0.004656838703866764
3040,0.004688018996815684
3042,0.004719647271730001
3044,0.0047521380415779056
3046,0.004785710724914979
3048,0.004820359285114314
3050,0.004855831194414219
3052,0.0048916179715970814
3054,0.004926958821478211
3056,0.004960858015210282
3058,0.004992115706454545
3060,0.0050193709882094106
3062,0.005041155246008801
3064,0.005055953305580965
3066,0.005062269508150503
3068,0.005058695629350475
3070,0.00504397742094374
3072,0.005017076448960173
3074,0.004977223834301317
3076,0.004923962549363809
3078,0.004857175211468017
3080,0.0047770949603167315
3082,0.0046842980656140775
3084,0.00457967832714948
3086,0.004464404934300871
3088,0.004339866997283264
3090,0.004207609183964622
3092,0.004069263580888369
3094,0.003926482937879216
3096,0.0037808798734372015
3098,0.0036339755505930436
3100,0.003487159992767979
3102,0.0033416648291400113
3104,0.0031985480397768674
3106,0.0030586893463628484
3108,0.002922794320369166
3110,0.0027914050432642917
3112,0.0026649151914558294
3114,0.00254358764833312
3116,0.0024275730824599457
3118,0.0023169283034715194
3120,0.002211633564248941
3122,0.0021116082884248526
3124,0.002016724952149257
3126,0.0019268210364905916
3128,0.0018417090975953734
3130,0.0017611850852454715
3132,0.0016850350872357756
3134,0.0016130406969304774
3136,0.0015449832028730346
3138,0.0014806467891196598
3140,0.0014198209180577308
3142,0.0013623020474239716
3144,0.001307894812448523
3146,0.0012564127840268412
3148,0.001207678895424886
3150,0.001161525613671997
3152,0.0011177949176149943
3154,0.0010763381325392322
3156,0.0010370156611472397
3158,0.0009996966423121325
3160,0.0009642585621639932
3162,0.0009305868365001046
3164,0.0008985743790279163
3166,0.0008681211663685903
3168,0.0008391338079084201
3170,0.0008115251263484914
3172,0.0007852137530544246
3174,0.0007601237409522409
3176,0.0007361841966745171
3178,0.0007133289328686803
3180,0.0006914961409843116
3182,0.0006706280844165464
3184,0.0006506708115642428
3186,0.0006315738881375038
3188,0.0006132901478978829
3190,0.0005957754609190886
3192,0.0005789885184028146
3194,0.000562890633062841
3196,0.0005474455540925039
3198,0.0005326192957495672
3200,0.0005183799786234513
3202,0.000504697682688809
3204,0.0004915443112936792
3206,0.00047889346527762435
3208,0.00046672032646373317
3210,0.0004550015498168839
3212,0.00044371516360833436
3214,0.00043284047697289714
3216,0.00042235799428924
3218,0.0004122493358559456
3220,0.00040249716437571625
3222,0.0003930851167974365
3224,0.0003839977411007152
3226,0.0003752204376400465
3228,0.0003667394046959326
3230,0.0003585415879083028
3232,0.0003506146332934356
3234,0.00034294684356948494
3236,0.0003355271375377287
3238,0.00032834501228693386
3240,0.00032139050800688174
3242,0.0003146541752142457
3244,0.0003081270442097565
3246,0.0003018005966000575
3248,0.0002956667387309217
3250,0.00028971777689068914
3252,0.00028394639415395517
3254,0.00027834562874580097
3256,0.00027290885381626095
3258,0.0002676297585233602
3260,0.00026250233033097196
3262,0.00025752083843501864
3264,0.0002526798182382135
3266,0.0002479740567996665
3268,0.0002433985791913058
3270,0.0002389486356982379
3272,0.00023461968980491882
3274,0.00023040740691337538
3276,0.00022630764374373472
3278,0.00022231643837101117
3280,0.00021843000085550323
3282,0.00021464470442728086
3284,0.000210957077188128
3286,0.00020736379429696125
3288,0.00020386167060719554
3290,0.00020044765372678362
3292,0.00019711881747374308
3294,0.00019387235570190455
3296,0.00019070557647339403
3298,0.0001876158965559998
3300,0.0001846008362250942
3302,0.0001816580143511801
3304,0.0001787851437554317
3306,0.000175980026816798
3308,0.00017324055131535157
3310,0.00017056468649759247
3312,0.00016795047935037546
3314,0.00016539605107101032
3316,0.00016289959372190962
3318,0.00016045936705891785
3320,0.00015807369552316605
3322,0.00015574096538695134
3324,0.00015345962204475346
3326,0.000151228167441068
3328,0.00014904515762726367
3330,0.000146909200440165
3332,0.00014481895329551686
3334,0.00014277312108991637
3336,0.00014077045420519334
3338,0.0001388097466095916
3340,0.00013688983405044978
3342,0.00013500959233340057
3344,0.00013316793568341094
3346,0.0001313638151832648
3348,0.00012959621728535296
3350,0.0001278641623928808
3352,0.00012616670350683242
3354,0.00012450292493524674
3356,0.0001228719410615586
3358,0.00012127289516894915
3360,0.00011970495831782365
3362,0.00011816732827370037
3364,0.00011665922848294903
3366,0.00011517990709396155
3368,0.00011372863602147464
3370,0.00011230471005188995
3372,0.00011090744598755841
3374,0.00010953618182810703
3376,0.00010819027598699258
3378,0.00010686910654156441
3380,0.00010557207051501394
3382,0.000104298583188674
3384,0.00010304807744321511
3386,0.00010182000312736226
3388,0.00010061382645282964
3390,0.00009942902941423927
3392,0.00009826510923285381
3394,0.0000971215778230154
3396,0.00009599796128023981
3398,0.00009489379938996923
3400,0.00009380864515603833
3402,0.00009274206434795633
3404,0.00009169363506615353
3406,0.00009066294732438404
3408,0.00008964960264851599
3410,0.00008865321369098038
3412,0.00008767340386018482
3414,0.00008670980696423305
3416,0.00008576206686832374
3418,0.00008482983716523237
3420,0.00008391278085830948
3422,0.00008301057005645494
3424,0.00008212288568055571
3426,0.00008124941718089711
3428,0.00008038986226508237
3430,0.00007954392663601683
3432,0.00007871132373953381
3434,0.00007789177452125943
3436,0.00007708500719233252
3438,0.00007629075700361271
3440,0.0000755087660280285
3442,0.00007473878295073066
3444,0.00007398056286673428
3446,0.00007323386708574517
3448,0.00007249846294388095
3450,0.00007177412362201042
3452,0.00007106062797044659
3454,0.00007035776033974104
3456,0.00006966531041733828
3458,0.00006898307306985961
3460,0.0000683108481907959
3462,0.0000676484405533983
3464,0.00006699565966856587
3466,0.00006635231964753662
3468,0.0000657182390691976
3470,0.00006509324085183763
3472,0.00006447715212917342
3474,0.00006386980413048718
3476,0.0000632710320647208
3478,0.00006268067500837815
3480,0.00006209857579709315
3482,0.00006152458092072742
3484,0.000060958540421866804
3486,0.000060400307797591625
3488,0.00005984973990440058
3490,0.0000593066968661731
3492,0.000058771041985059835
3494,0.00005824264165519527
3496,0.0000577213652791309
3498,0.000057207085186891235
3500,0.0000566996765575593
3502,0.000056199017343301344
3504,0.00005570498819574496
3506,0.000055217472394627115
3508,0.00005473635577863292
3510,0.000054261526678348524
3512,0.00005379287585125444
3514,0.00005333029641868896
3516,0.000052873683804713394
3518,0.00005242293567681422
3520,0.000051977951888379
3522,0.00005153863442288602
3524,0.000051104887339749235
3526,0.00005067661672176304
3528,0.000050253730624092654
3530,0.000049836139024758796
3532,0.00004942375377656662
3534,0.00004901648856043099
3536,0.00004861425884005196
3538,0.0000482169818178961
3540,0.00004782457639244071
3542,0.00004743696311663975
3544,0.000047054064157571766
3546,0.000046675803257231546
3548,0.000046302105694428495
3550,0.000045932898247756415
3552,0.000045568109159600075
3554,0.0000452076681011458
3556,0.00004485150613836406
3558,0.000044499555698933404
3560,0.00004415175054007598
3562,0.00004380802571727618
3564,0.000043468317553854656
3566,0.00004313256361137122
3568,0.000042800702660830844
3570,0.00004247267465466792
3572,0.00004214842069948501
3574,0.000041827883029522615
3576,0.000041511004980838044
3578,0.000041197730966171556
3580,0.000040888006450478896
3582,0.00004058177792711041
3584,0.0000402789928946169
3586,0.00003997959983416381
3588,0.000039683548187535214
3590,0.00003939078833571039
3592,0.00003910127157799587
3594,0.00003881495011169642
3596,0.00003853177701230949
3598,0.00003825170621422725
3600,0.00003797469249193195
3602,0.000037700691441669825
3604,0.00003742965946358989
3606,0.000037161553744334144
3608,0.000036896332240066114
3610,0.00003663395365992532
3612,0.00003637437744989542
3614,0.00003611756377707412
3616,0.000035863473514333685
3618,0.000035612068225360905
3620,0.00003536331015006568
3622,0.00003511716219034817
3624,0.000034873587896214244
3626,0.00003463255145222953
3628,0.000034394017664302864
3630,0.000034157951946789745
3632,0.000033924320309907154
3634,0.00003369308934745109
3636,0.00003346422622480863
3638,0.000033237698667256286
3640,0.00003301347494853699
3642,0.00003279152387970828
3644,0.00003257181479825404
3646,0.00003235431755745287
3648,0.00003213900251599641
3650,0.00003192584052785038
3652,0.00003171480293235249
3654,0.000031505861544540405
3656,0.00003129898864570408
3658,0.000031094156974156144
3660,0.00003089133971621504
3662,0.00003069051049739488
3664,0.000030491643373796936
3666,0.000030294712823697433
3668,0.00003009969373932646
3670,0.00002990656141883312
3672,0.0000297152915584321
3674,0.000029525860244727048
3676,0.00002933824394720605
3678,0.00002915241951090507
3680,0.000028968364149234805
3682,0.000028786055436967024
3684,0.00002860547130337618
3686,0.000028426590025532506
3688,0.000028249390221742733
3690,0.000028073850845134678
3692,0.0000278999511773822
3694,0.00002772767082256696
3696,0.000027556989701173607
3698,0.000027387888044215072
3700,0.000027220346387484793
3702,0.000027054345565932676
3704,0.00002688986670816186
3706,0.000026726891231043217
3708,0.00002656540083444479
3710,0.000026405377496073357
3712,0.000026246803466425407
3714,0.000026089661263844795
3716,0.000025933933669684752
3718,0.000025779603723571384
3720,0.000025626654718766542
3722,0.00002547507019762754
3724,0.000025324833947161443
3726,0.000025175929994671647
3728,0.00002502834260349465
3730,0.000024882056268824835
3732,0.000024737055713625113
3734,0.0000245933258846216
3736,0.000024450851948380215
3738,0.000024309619287463288
3740,0.000024169613496664408
3742,0.000024030820379319638
3744,0.00002389322594369331
3746,0.000023756816399436763
3748,0.000023621578154118245
3750,0.000023487497809822404
3752,0.000023354562159817832
3754,0.000023222758185290926
3756,0.000023092073052144844
3758,0.00002296249410786175
3760,0.000022834008878427245
3762,0.000022706605065315294
3764,0.000022580270542532506
3766,0.00002245499335372031
3768,0.000022330761709313802
3770,0.00002220756398375594
3772,0.00002208538871276591
3774,0.000021964224590660483
3776,0.000021844060467727033
3778,0.000021724885347647328
3780,0.0000216066883849708
3782,0.000021489458882636202
3784,0.000021373186289540733
3786,0.00002125786019815546
3788,0.000021143470342186087
3790,0.000021030006594278123
3792,0.00002091745896376538
3794,0.000020805817594461
3796,0.000020695072762490017
3798,0.000020585214874162548
3800,0.000020476234463886804
3802,0.000020368122192121058
3804,0.000020260868843363682
3806,0.000020154465324180518
3808,0.000020048902661268772
3810,0.000019944171999556634
3812,0.00001984026460033788
3814,0.000019737171839440776
3816,0.00001963488520543047
3818,0.000019533396297844283
3820,0.000019432696825459072
3822,0.00001933277860459018
3824,0.000019233633557421136
3826,0.000019135253710363627
3828,0.000019037631192446953
3830,0.000018940758233736558
3832,0.000018844627163780867
3834,0.0000187492304100859
3836,0.000018654560496617182
3838,0.00001856061004232826
3840,0.000018467371759715366
3842,0.00001837483845339774
3844,0.00001828300301872291
3846,0.00001819185844039671
3848,0.000018101397791137227
3850,0.000018011614230352467
3852,0.00001792250100284111
3854,0.000017834051437515897
3856,0.000017746258946149305
3858,0.00001765911702214094
3860,0.00001757261923930632
3862,0.000017486759250686527
3864,0.000017401530787378444
3866,0.000017316927657385032
3868,0.000017232943744485372
3870,0.00001714957300712399
3872,0.000017066809477319195
3874,0.00001698464725958993
3876,0.000016903080529900908
3878,0.00001682210353462556
3880,0.00001674171058952658
3882,0.000016661896078753572
3884,0.00001658265445385762
3886,0.000016503980232822366
3888,0.00001642586799911129
3890,0.000016348312400730942
3892,0.000016271308149309706
3894,0.000016194850019191957
3896,0.000016118932846547184
3898,0.00001604355152849383
3900,0.00001596870102223766
3902,0.000015894376344224204
3904,0.00001582057256930527
3906,0.000015747284829918928
3908,0.000015674508315283074
3910,0.00001560223827060201
3912,0.000015530469996286022
3914,0.00001545919884718357
3916,0.000015388420231825933
3918,0.000015318129611684068
3920,0.000015248322500437429
3922,0.000015178994463254543
3924,0.000015110141116085164
3926,0.000015041758124963701
3928,0.000014973841205323822
3930,0.000014906386121323958
3932,0.000014839388685183522
3934,0.00001477284475652969
3936,0.000014706750241754478
3938,0.000014641101093382007
3940,0.000014575893309445708
3942,0.000014511122932875345
3944,0.000014446786050893634
3946,0.000014382878794422314
3948,0.000014319397337497471
3950,0.000014256337896694014
3952,0.00001419369673055905
3954,0.000014131470139054072
3956,0.00001406965446300579
3958,0.00001400824608356542
3960,0.000013947241421676303
3962,0.000013886636937549734
3964,0.000013826429130148816
3966,0.000013766614536680205
3968,0.00001370718973209364
3970,0.000013648151328589076
3972,0.000013589495975131333
3974,0.000013531220356972091
3976,0.000013473321195179155
3978,0.000013415795246172771
3980,0.000013358639301269004
3982,0.000013301850186229938
3984,0.000013245424760820622
3986,0.000013189359918372719
3988,0.000013133652585354568
3990,0.000013078299720947767
3992,0.000013023298316629985
3994,0.000012968645395764006
3996,0.000012914338013192838
3998,0.000012860373254840839
4000,0.000012806748237320699
