500,8.506825450906617e-6
502,8.431809465101899e-6
504,8.362894186710427e-6
506,8.30050119941773e-6
508,8.244920185850148e-6
510,8.19633301731432e-6
512,8.154835817878332e-6
514,8.120458563592284e-6
516,8.093182072772683e-6
518,8.072952443024729e-6
520,8.059693114666691e-6
522,8.053314807602237e-6
524,8.053723606105213e-6
526,8.060827466829242e-6
528,8.074541409785269e-6
530,8.094791627354805e-6
532,8.12151871762899e-6
534,8.154680218718066e-6
536,8.194252592100124e-6
538,8.240232776595898e-6
540,8.29263941057179e-6
542,8.351513798484297e-6
544,8.416920678629894e-6
546,8.488948831546157e-6
548,8.567711552428775e-6
550,8.65334699564616e-6
552,8.746018384392811e-6
554,8.845914063168063e-6
556,8.953247354559955e-6
558,9.068256164253674e-6
560,9.191202258842391e-6
562,9.32237011959107e-6
564,9.462065251694654e-6
566,9.610611803013688e-6
568,9.768349319501527e-6
570,9.935628438044102e-6
572,0.000010112805293768473
574,0.00001030023440205367
576,0.000010498259771427266
578,0.000010707204020560047
580,0.000010927355321715822
582,0.000011158952088091779
584,0.000011402165479526217
586,0.000011657080036664359
588,0.000011923673081793852
590,0.00001220179395101723
592,0.000012491144637003735
594,0.000012791263987903962
596,0.000013101518152975328
598,0.000013421100371420772
600,0.000013749043306706638
602,0.000014084246746243811
604,0.000014425522439953385
606,0.000014771656039132328
608,0.000015121483566649905
610,0.00001547397686165589
612,0.000015828329488326524
614,0.000016184032338190356
616,0.000016540927262306178
618,0.00001689922801606273
620,0.000017259500661859585
622,0.00001762259994549014
624,0.00001798956323190722
626,0.000018361468386662137
628,0.00001873926569992066
630,0.000019123596144188433
632,0.00001951460898967994
634,0.000019911791513485986
636,0.000020313822833596876
638,0.000020718463284613784
640,0.00002112249043692835
642,0.000021521692653078285
644,0.000021910930400863722
646,0.000022284273584105164
648,0.000022635219082054604
650,0.000022956985985822128
652,0.000023242876800121493
654,0.00002348668214325381
656,0.000023683096148604744
658,0.000023828102384294764
660,0.00002391928816228204
662,0.000023956050207875813
664,0.000023939666772279746
666,0.000023873228452623938
668,0.000023761438791012627
670,0.000023610312201725378
672,0.00002342680766000767
674,0.000023218440224411226
676,0.000022992909114741834
678,0.0000227577725352414
680,0.000022520188295784368
682,0.000022286728062583146
684,0.000022063263632664986
686,0.000021854916952361752
688,0.000021666061851350778
690,0.000021500364235089658
692,0.000021360848086643785
694,0.000021249976349931658
696,0.000021169737983077765
698,0.00002112173473494816
700,0.00002110726323358788
702,0.000021127389646644868
704,0.000021183015444938067
706,0.000021274933695673156
708,0.000021403875886134968
710,0.00002157054959612234
712,0.000021775667459220497
714,0.000022019967831671587
716,0.000022304227464895744
718,0.0000226292662854566
720,0.00002299594414836621
722,0.00002340514916480797
724,0.000023857776930229362
726,0.000024354699711108228
728,0.000024896724411006604
730,0.00002548453795969471
732,0.000026118638696299648
734,0.000026799252407564656
736,0.000027526232012695552
738,0.000028298940552674826
740,0.000029116118254063822
742,0.000029975736106779714
744,0.000030874840712238286
746,0.000031809398153255516
748,0.0000327741482274546
750,0.00003376248430915913
752,0.000034766377852474934
754,0.00003577636932500159
756,0.00003678164810662624
758,0.000037770241404101874
760,0.000038729325455209726
762,0.00003964566069570428
764,0.00004050613659563248
766,0.00004129839332988171
768,0.000042011469477313804
770,0.00004263641157246774
772,0.00004316677649833858
774,0.00004359896400977858
776,0.00004393233433479128
778,0.000044169092273716415
780,0.000044313949731479185
782,0.00004437360745966908
784,0.00004435611883853639
786,0.000044270210494571536
788,0.000044124635440903326
790,0.000043927625324630816
792,0.00004368649168996269
794,0.00004340740487282202
796,0.000043095356123796725
798,0.00004275428638824652
800,0.00004238734612389735
802,0.000041997236639963204
804,0.000041586576419062083
806,0.000041158236829745696
808,0.000040715600565062015
810,0.00004026271163114819
812,0.000039804304949527
814,0.000039345722982681505
816,0.000038892742692328433
818,0.000038451346079846714
820,0.00003802747064508051
822,0.000037626773071507236
824,0.00003725443217567201
826,0.00003691500791457812
828,0.00003661236401425061
830,0.00003634965387457678
832,0.00003612936337658966
834,0.00003595340005052268
836,0.000035823215452991926
838,0.0000357399462317494
840,0.00003570455905587357
842,0.000035717985353121766
844,0.00003578123368259859
846,0.000035895470542692586
848,0.00003606206421165182
850,0.00003628259033479281
852,0.000036558801756443745
854,0.00003689256793559078
856,0.00003728579080008151
858,0.00003774030404024289
860,0.00003825776189993609
862,0.000038839521986879554
864,0.00003948652504867614
866,0.000040199173519229495
868,0.000040977210235794876
870,0.00004181959916346023
872,0.00004272441115496171
874,0.00004368871947259003
876,0.000044708511636075994
878,0.00004577862569126885
880,0.00004689271976839079
882,0.00004804328345754006
884,0.00004922169792828036
886,0.00005041834903406013
888,0.000051622794390099045
890,0.00005282398233695991
892,0.00005401051847169842
894,0.0000551709742509237
896,0.00005629423148154563
898,0.00005736985499673697
900,0.00005838848188345264
902,0.00005934220832218303
904,0.000060224944998666224
906,0.00006103270170005158
908,0.00006176375516731621
910,0.00006241865573443901
912,0.0000630000403141544
914,0.00006351224148799968
916,0.0000639607112052391
918,0.00006435130709814664
920,0.00006468951358267265
922,0.00006497968416602546
924,0.00006522439371028066
926,0.00006542398025873555
928,0.00006557633744890353
930,0.00006567699303793255
932,0.00006571947901053359
934,0.00006569596633499091
936,0.00006559810527650886
938,0.00006541798382826784
940,0.0000651490968558627
942,0.00006478721176215614
944,0.00006433102631976034
946,0.00006378254118878012
948,0.00006314710987577311
950,0.0000624331751400107
952,0.00006165174389885127
954,0.00006081568409907523
956,0.00005993894156159013
958,0.00005903577161085807
960,0.00005812006256223707
962,0.000057204801622407244
964,0.000056301704891098983
966,0.00005542100743852539
968,0.00005457139052450809
970,0.0000537600124853294
972,0.00005299260735094459
974,0.00005227361919851164
976,0.000051606348120358224
978,0.00005099309278897655
980,0.00005043528257822021
982,0.000049933597470727845
984,0.00004948807600180016
986,0.0000490982107448011
988,0.00004876302859622633
990,0.00004848115098088933
992,0.00004825082853296732
994,0.000048069946704610996
996,0.000047936003171820984
998,0.00004784606407455332
1000,0.0000477967126617664
1002,0.000047784009189715085
1004,0.000047803483470682484
1006,0.00004785018027054858
1008,0.00004791877241934049
1010,0.00004800374735164298
1012,0.000048099660891956844
1014,0.000048201439212215576
1016,0.000048304698348891604
1018,0.000048406043021363595
1020,0.00004850330491020376
1022,0.000048595686123428125
1024,0.0000486837857637576
1026,0.00004876950405280761
1028,0.00004885583589947684
1030,0.000048946580428534936
1032,0.000049046001996670425
1034,0.00004915848044392017
1036,0.000049288184378270186
1038,0.000049438793127224057
1040,0.000049613283102663797
1042,0.00004981378493951956
1044,0.000050041510325460646
1046,0.00005029674245563001
1048,0.00005057888128946751
1050,0.00005088653358911171
1052,0.00005121763728640412
1054,0.000051569609345559084
1056,0.00005193950545591338
1058,0.000052324178411158354
1060,0.00005272042014800503
1062,0.00005312507088713287
1064,0.000053535078855013856
1066,0.000053947497019325426
1068,0.00005435941010243403
1070,0.00005476779584953872
1072,0.00005516933784350806
1074,0.000055560220632640965
1076,0.000055935948501525896
1078,0.00005629123394663544
1080,0.00005661999876556195
1082,0.00005691551893594313
1084,0.000057170725018035174
1086,0.000057378645099448854
1088,0.000057532951131807866
1090,0.00005762854666360085
1092,0.00005766211939523368
1094,0.00005763257962920312
1096,0.000057541317267079453
1098,0.00005739223408593989
1100,0.000057191540048242794
1102,0.000056947335763683196
1104,0.00005666903118161285
1106,0.00005636666820266036
1108,0.000056050220259028674
1110,0.00005572893627559089
1112,0.000055410783254439456
1114,0.000055102025243802405
1116,0.000054806960260960974
1118,0.00005452782297975619
1120,0.00005426485016892305
1122,0.00005401649721891075
1124,0.00005377978630407284
1126,0.000053550758694860206
1128,0.00005332499521407888
1130,0.00005309816073793125
1132,0.00005286652291757667
1134,0.00005262739430651112
1136,0.00005237945269861899
1138,0.000052122907186514766
1140,0.000051859495810036764
1142,0.00005159232153298686
1144,0.0000513255526735673
1146,0.000051064028222052446
1148,0.00005081281557453244
1150,0.00005057676791369627
1152,0.000050360122316427487
1154,0.000050166170159027473
1156,0.000049997021050969516
1158,0.000049853472182847264
1160,0.00004973498740270492
1162,0.00004963978432679487
1164,0.00004956502250095584
1166,0.0000495070800822632
1168,0.00004946190011141837
1170,0.000049425380358319583
1172,0.000049393774003612924
1174,0.0000493640638209936
1176,0.00004933427196909896
1178,0.00004930367234799829
1180,0.00004927288285859057
1182,0.0000492438294352808
1184,0.00004921958974915766
1186,0.00004920413884529081
1188,0.00004920202900113405
1190,0.00004921804034410356
1192,0.00004925683735471694
1194,0.00004932266068840264
1196,0.000049419075790963446
1198,0.00004954879150431484
1200,0.000049713554610174846
1202,0.000049914120580046446
1204,0.000050150296502574527
1206,0.00005042104861341753
1208,0.00005072466335608455
1210,0.00005105894703637842
1212,0.000051421445013770796
1214,0.000051809657722569854
1216,0.000052221228812457324
1218,0.00005265408161241339
1220,0.00005310648483443256
1222,0.00005357703700347336
1224,0.000054064570576142936
1226,0.000054567989285999455
1228,0.000055086063725572895
1230,0.00005561721851978148
1232,0.00005615934826800534
1234,0.00005670969814460223
1236,0.000057264838775249444
1238,0.00005782075437227123
1240,0.00005837304908386099
1242,0.00005891726041288375
1244,0.00005944925219549739
1246,0.00005996564534917903
1248,0.000060464235097112726
1250,0.00006094434111627036
1252,0.00006140704345603619
1254,0.00006185527175755161
1256,0.00006229373583882701
1258,0.00006272870806434278
1260,0.00006316768754969521
1262,0.00006361898942942285
1264,0.00006409130722032614
1266,0.00006459329295663922
1268,0.00006513319020068597
1270,0.00006571854206997472
1272,0.00006635598289072843
1274,0.0000670511101898714
1276,0.00006780842482363414
1278,0.00006863132169034706
1280,0.00006952211170956193
1282,0.0000704820572291504
1284,0.00007151140714714487
1286,0.00007260942397860005
1288,0.00007377440183810895
1290,0.00007500368073113792
1292,0.00007629366762142091
1294,0.00007763987771586346
1296,0.00007903700993634074
1298,0.00008047906868569998
1300,0.000081959540104604
1302,0.00008347162553244297
1304,0.00008500852835708617
1306,0.00008656378347877183
1308,0.00008813161202513036
1310,0.00008970727876596291
1312,0.00009128742699282952
1314,0.00009287036627844298
1316,0.0000944562926583389
1318,0.00009604742761485718
1320,0.00009764807024750279
1322,0.00009926456435495076
1324,0.00010090518735722191
1326,0.0001025799704303792
1328,0.00010430045928530495
1330,0.00010607942381098384
1332,0.00010793052365006037
1334,0.00010986793666543487
1336,0.00011190595847825074
1338,0.00011405858338847235
1340,0.00011633907921313182
1342,0.0001187595701416558
1344,0.0001213306422809317
1346,0.00012406098631081576
1348,0.00012695709103543312
1350,0.00013002300094091062
1352,0.000133260150093557
1354,0.00013666728329321315
1356,0.00014024047253297195
1358,0.00014397323187399633
1360,0.00014785672681954978
1362,0.00015188006608177212
1364,0.00015603065603252622
1366,0.00016029459316610375
1368,0.0001646570690178458
1370,0.00016910276508008213
1372,0.00017361622024811388
1374,0.00017818215662295927
1376,0.0001827857474999691
1378,0.0001874128025196264
1380,0.000192049831328226
1382,0.00019668393461698045
1384,0.00020130246819794595
1386,0.00020589243910784893
1388,0.00021043962586970657
1390,0.0002149274653984509
1392,0.00021933580849409725
1394,0.00022363970301772076
1396,0.00022780840696490432
1398,0.00023180485303073953
1400,0.00023558577522631632
1402,0.000239102663065395
1404,0.00024230362940011723
1406,0.0002451361680306901
1408,0.00024755064683981356
1410,0.00024950424922924694
1412,0.0002509649658308147
1414,0.0002519151771143486
1416,0.0002523543776899293
1418,0.0002523006830638655
1420,0.00025179091817812923
1422,0.0002508792842393807
1424,0.0002496347949616166
1426,0.000248137825219222
1428,0.0002464761968062442
1430,0.00024474122961926157
1432,0.0002430241233708676
1434,0.0002414129289460607
1436,0.00023999024766408245
1438,0.00023883168495884936
1440,0.00023800499778801198
1442,0.00023756981851519464
1444,0.00023757781064543947
1446,0.000238073107656608
1448,0.0002390928976407553
1450,0.00024066803638163236
1452,0.00024282359426880135
1454,0.00024557926444526457
1456,0.0002489495789537902
1458,0.00025294389594761844
1460,0.00025756613480865966
1462,0.0002628142484201316
1464,0.000268679434316626
1466,0.0002751451004701629
1468,0.00028218561835903635
1470,0.00028976491655704616
1472,0.0002978349925036705
1474,0.000306334447492043
1476,0.0003151871781100364
1478,0.00032430138289916315
1480,0.00033356906114480453
1482,0.00034286618602541273
1484,0.00035205372147130545
1486,0.0003609796168749253
1488,0.000369481854527389
1490,0.00037739254302585507
1492,0.00038454295157156106
1494,0.0003907692746128091
1496,0.0003959188163118494
1498,0.0003998562040323946
1500,0.0004024691931284062
1502,0.00040367362243692254
1504,0.0004034171262842487
1506,0.0004016813025426113
1508,0.00039848216761431124
1510,0.0003938688817760825
1512,0.0003879208815754963
1514,0.00038074368892204887
1516,0.00037246376161707335
1518,0.00036322279675093477
1520,0.00035317189518107445
1522,0.0003424659496984012
1524,0.00033125854544280726
1526,0.0003196975747856352
1528,0.0003079216842548953
1530,0.00029605759722122485
1532,0.00028421829675554774
1534,0.00027250200826856534
1536,0.00026099188955595816
1538,0.0002497563149943912
1540,0.00023884962972500051
1542,0.00022831324790550773
1544,0.00021817697548156544
1546,0.00020846045084603576
1548,0.00019917461412531783
1550,0.00019032313534418272
1552,0.00018190375123648325
1554,0.00017390947832121256
1556,0.00016632968499188155
1558,0.0001591510173027223
1560,0.0001523581818816074
1562,0.00014593459527740714
1564,0.00013986291254664392
1566,0.00013412544953833258
1568,0.00012870451365575556
1570,0.00012358265729686826
1572,0.00011874286705024959
1574,0.00011416870031307592
1576,0.00010984437948682346
1578,0.00010575485241820013
1580,0.00010188582636224312
1582,0.00009822378149197249
1584,0.00009475596888089665
1586,0.00009147039694187424
1588,0.00008835580950975333
1590,0.00008540165809213408
1592,0.00008259807026663375
1594,0.00007993581575795066
1596,0.00007740627136838837
1598,0.00007500138564726238
1600,0.00007271364395537757
1602,0.00007053603439983651
1604,0.00006846201497274926
1606,0.00006648548211737459
1608,0.00006460074086054437
1610,0.00006280247658575561
1612,0.00006108572847285527
1614,0.000059445864594394184
1616,0.000057878558632752745
1618,0.00005637976816384979
1620,0.00005494571444089188
1622,0.000053572863603815557
1624,0.000052257909235723636
1626,0.00005099775618585684
1628,0.00004978950557879638
1630,0.00004863044093113616
1632,0.000047518015299386034
1634,0.00004644983938605453
1636,0.00004542367053447169
1638,0.00004443740254676566
1640,0.00004348905626336515
1642,0.000042576770846362815
1644,0.00004169879571296729
1646,0.00004085348306904445
1648,0.000040039280996364124
1650,0.000039254727050605756
1652,0.00003849844233042176
1654,0.000037769125980904735
1656,0.00003706555009765368
1658,0.00003638655500028819
1660,0.00003573104484672427
1662,0.00003509798356180852
1664,0.00003448639105601858
1666,0.000033895339711885304
1668,0.00003332395111758817
1670,0.00003277139302882788
1672,0.000032236876541600196
1674,0.00003171965345989226
1676,0.000031219013843605265
1678,0.000030734283723185714
1680,0.000030264822968527778
1682,0.000029810023300701498
1684,0.000029369306435970924
1686,0.000028942122352400938
1688,0.000028527947670116693
1690,0.000028126284136981855
1692,0.00002773665721210576
1694,0.000027358614740180636
1696,0.000026991725710192328
1698,0.000026635579092545673
1700,0.00002628978274910292
1702,0.000025953962411053043
1704,0.000025627760719915673
1706,0.00002531083632733759
1708,0.000025002863049665583
1710,0.000024703529073579026
1712,0.000024412536209341237
1714,0.000024129599188482345
1716,0.000023854445002959936
1718,0.000023586812283059006
1720,0.000023326450711490956
1722,0.000023073120471334183
1724,0.000022826591725627415
1726,0.00002258664412658255
1728,0.00002235306635252733
1730,0.00002212565567082082
1732,0.00002190421752510726
1734,0.000021688565145387122
1736,0.00002147851917948899
1738,0.000021273907344622797
1740,0.000021074564097784795
1742,0.000020880330323867506
1744,0.00002069105304040531
1746,0.000020506585117957175
1748,0.000020326785015194784
1750,0.00002015151652782521
1752,0.000019980648550534744
1754,0.000019814054851193087
1756,0.00001965161385660646
1758,0.000019493208449153925
1760,0.00001933872577368356
1762,0.000019188057054084855
1764,0.000019041097418990422
1766,0.00001889774573609435
1768,0.000018757904454606462
1770,0.00001862147945539167
1772,0.000018488379908370957
1774,0.000018358518136786866
1776,0.000018231809487960135
1778,0.000018108172210186846
1780,0.000017987527335446464
1782,0.00001786979856761074
1784,0.000017754912175861968
1786,0.00001764279689304605
1788,0.000017533383818702206
1790,0.000017426606326525827
1792,0.000017322399976035424
1794,0.00001722070242822751
1796,0.00001712145336501583
1798,0.000017024594412262807
1800,0.000016930069066221887
1802,0.00001683782262321988
1804,0.00001674780211241762
1806,0.000016659956231496567
1808,0.000016574235285127066
1810,0.000016490591126082233
1812,0.00001640897709886856
1814,0.000016329347985751528
1816,0.000016251659955060995
1818,0.000016175870511667335
1820,0.000016101938449525094
1822,0.000016029823806186447
1824,0.000015959487819191858
1826,0.000015890892884250232
1828,0.000015824002515125372
1830,0.000015758781305149955
1832,0.00001569519489029222
1834,0.00001563320991370443
1836,0.000015572793991685848
1838,0.000015513915680996216
1840,0.000015456544447459243
1842,0.000015400650635798278
1844,0.000015346205440649557
1846,0.000015293180878700954
1848,0.00001524154976190676
1850,0.000015191285671731483
1852,0.000015142362934377923
1854,0.000015094756596957016
1856,0.000015048442404558868
1858,0.000015003396778186511
1860,0.00001495959679351565
1862,0.000014917020160445446
1864,0.000014875645203407034
1866,0.000014835450842398075
1868,0.000014796416574713074
1870,0.00001475852245734067
1872,0.00001472174909000037
1874,0.00001468607759879255
1876,0.000014651489620436679
1878,0.000014617967287073922
1880,0.000014585493211611328
1882,0.000014554050473585836
1884,0.000014523622605527379
1886,0.000014494193579801203
1888,0.000014465747795910458
1890,0.000014438270068240972
1892,0.00001441174561423088
1894,0.00001438616004294856
1896,0.000014361499344063072
1898,0.000014337749877191952
1900,0.000014314898361611874
1902,0.000014292931866318361
1904,0.00001427183780042126
1906,0.000014251603903863316
1908,0.000014232218238449671
1910,0.00001421366917917668
1912,0.000014195945405848883
1914,0.000014179035894973486
1916,0.000014162929911922077
1918,0.000014147617003349829
1920,0.00001413308698986277
1922,0.00001411932995892409
1924,0.00001410633625799091
1926,0.00001409409648787313
1928,0.000014082601496306562
1930,0.000014071842371732535
1932,0.000014061810437276826
1934,0.000014052497244920783
1936,0.000014043894569857968
1938,0.000014035994405029804
1940,0.00001402878895583404
1942,0.000014022270635000025
1944,0.000014016432057625148
1946,0.000014011266036366815
1948,0.000014006765576784753
1950,0.000014002923872828543
1952,0.000013999734302465466
1954,0.00001399719042344398
1956,0.000013995285969188305
1958,0.000013994014844819759
1960,0.000013993371123300697
1962,0.000013993349041696983
1964,0.000013993942997555176
1966,0.00001399514754539065
1968,0.000013996957393283134
1970,0.000013999367399576161
1972,0.000014002372569677152
1974,0.000014005968052954886
1976,0.000014010149139731367
1978,0.000014014911258365014
1980,0.000014020249972422413
1982,0.000014026160977935832
1984,0.000014032640100743842
1986,0.000014039683293912571
1988,0.000014047286635234992
1990,0.00001405544632480603
1992,0.000014064158682671098
1994,0.000014073420146545886
1996,0.00001408322726960531
1998,0.000014093576718339538
2000,0.000014104465270475146
2002,0.000014115889812959488
2004,0.000014127847340006444
2006,0.000014140334951201783
2008,0.000014153349849666438
2010,0.000014166889340276052
2012,0.000014180950827935167
2014,0.000014195531815904578
2016,0.000014210629904180351
2018,0.000014226242787923066
2020,0.000014242368255935932
2022,0.000014259004189190416
2024,0.000014276148559398158
2026,0.00001429379942762787
2028,0.00001431195494296607
2030,0.000014330613341220476
2032,0.000014349772943664991
2034,0.000014369432155825125
2036,0.000014389589466302905
2038,0.000014410243445640228
2040,0.00001443139274521968
2042,0.00001445303609620195
2044,0.000014475172308498868
2046,0.000014497800269781236
2048,0.000014520918944520642
2050,0.000014544527373064384
2052,0.000014568624670742786
2054,0.000014593210027008117
2056,0.000014618282704604416
2058,0.000014643842038767478
2060,0.000014669887436454395
2062,0.00001469641837560193
2064,0.00001472343440441315
2066,0.000014750935140671671
2068,0.000014778920271082977
2070,0.000014807389550642205
2072,0.000014836342802027878
2074,0.000014865779915021073
2076,0.000014895700845949498
2078,0.000014926105617155994
2080,0.000014956994316491041
2082,0.00001498836709682874
2084,0.000015020224175605913
2086,0.000015052565834383875
2088,0.000015085392418432461
2090,0.000015118704336335962
2092,0.000015152502059620586
2094,0.000015186786122403061
2096,0.000015221557121060098
2098,0.000015256815713918342
2100,0.000015292562620964532
2102,0.00001532879862357551
2104,0.000015365524564267904
2106,0.000015402741346467097
2108,0.00001544044993429528
2110,0.000015478651352378348
2112,0.00001551734668567137
2114,0.00001555653707930242
2116,0.000015596223738434563
2118,0.000015636407928145795
2120,0.000015677090973326704
2122,0.00001571827425859573
2124,0.000015759959228231817
2126,0.00001580214738612428
2128,0.00001584484029573977
2130,0.000015888039580106202
2132,0.00001593174692181341
2134,0.000015975964063030573
2136,0.00001602069280554015
2138,0.000016065935010788314
2140,0.000016111692599951687
2142,0.00001615796755402043
2144,0.000016204761913897445
2146,0.00001625207778051378
2148,0.000016299917314960002
2150,0.000016348282738633653
2152,0.00001639717633340261
2154,0.000016446600441784382
2156,0.000016496557467141296
2158,0.00001654704987389152
2160,0.000016598080187735967
2162,0.000016649650995900998
2164,0.000016701764947396985
2166,0.000016754424753292725
2168,0.000016807633187005676
2170,0.000016861393084608137
2172,0.00001691570734514926
2174,0.000016970578930993072
2176,0.000017026010868172454
2178,0.000017082006246759186
2180,0.000017138568221250083
2182,0.000017195700010969285
2184,0.00001725340490048682
2186,0.00001731168624005346
2188,0.000017370547446052034
2190,0.000017429992001465173
2192,0.000017490023456359756
2194,0.000017550645428387984
2196,0.000017611861603305403
2198,0.000017673675735505774
2200,0.000017736091648573107
2202,0.000017799113235850953
2204,0.000017862744461029006
2206,0.000017926989358747326
2208,0.000017991852035218202
2210,0.000018057336668865942
2212,0.000018123447510984665
2214,0.00001819018888641439
2216,0.00001825756519423552
2218,0.000018325580908481974
2220,0.000018394240578873165
2222,0.00001846354883156507
2224,0.000018533510369920568
2226,0.00001860412997529932
2228,0.00001867541250786742
2230,0.000018747362907427086
2232,0.00001881998619426665
2234,0.000018893287470031063
2236,0.000018967271918613314
2238,0.000019041944807066933
2240,0.000019117311486539924
2242,0.00001919337739323047
2244,0.000019270148049364662
2246,0.00001934762906419662
2248,0.000019425826135031374
2250,0.000019504745048270747
2252,0.000019584391680482723
2254,0.0000196647719994946
2256,0.000019745892065510312
2258,0.000019827758032252316
2260,0.000019910376148128488
2262,0.000019993752757424346
2264,0.000020077894301521144
2266,0.000020162807320140167
2268,0.000020248498452613748
2270,0.000020334974439183463
2272,0.000020422242122325904
2274,0.00002051030844810663
2276,0.00002059918046756274
2278,0.000020688865338114548
2280,0.000020779370325006932
2282,0.00002087070280278097
2284,0.000020962870256776212
2286,0.000021055880284664438
2288,0.000021149740598015216
2290,0.000021244459023894092
2292,0.000021340043506493874
2294,0.00002143650210879972
2296,0.000021533843014288695
2298,0.00002163207452866439
2300,0.000021731205081627372
2302,0.00002183124322868214
2304,0.00002193219765298128
2306,0.000022034077167207638
2308,0.00002213689071549518
2310,0.0000222406473753894
2312,0.000022345356359848054
2314,0.000022451027019282986
2316,0.000022557668843643994
2318,0.000022665291464545584
2320,0.00002277390465743736
2322,0.000022883518343819182
2324,0.00002299414259350188
2326,0.000023105787626914552
2328,0.000023218463817459368
2330,0.000023332181693914986
2332,0.000023446951942889535
2334,0.00002356278541132431
2336,0.000023679693109049194
2338,0.000023797686211390976
2340,0.00002391677606183574
2342,0.000024036974174746464
2344,0.000024158292238137066
2346,0.000024280742116504148
2348,0.000024404335853717703
2350,0.000024529085675972134
2352,0.000024655003994798897
2354,0.000024782103410142165
2356,0.00002491039671349897
2358,0.000025039896891125213
2360,0.000025170617127309142
2362,0.000025302570807713717
2364,0.000025435771522789567
2366,0.000025570233071260077
2368,0.000025705969463680316
2370,0.000025842994926071492
2372,0.000025981323903632737
2374,0.000026120971064531995
2376,0.000026261951303777853
2378,0.000026404279747174298
2380,0.000026547971755360284
2382,0.000026693042927936186
2384,0.000026839509107679125
2386,0.000026987386384849403
2388,0.000027136691101590163
2390,0.00002728743985642252
2392,0.000027439649508838527
2394,0.000027593337183994282
2396,0.000027748520277505647
2398,0.000027905216460349138
2400,0.000028063443683870465
2402,0.00002822322018490346
2404,0.00002838456449100209
2406,0.000028547495425788338
2408,0.000028712032114418894
2410,0.000028878193989173575
2412,0.000029046000795168503
2414,0.000029215472596197335
2416,0.00002938662978070349
2418,0.00002955949306788705
2420,0.000029734083513949415
2422,0.000029910422518479527
2424,0.00003008853183098501
2426,0.000030268433557572235
2428,0.000030450150167778902
2430,0.00003063370450156324
2432,0.00003081911977645382
2434,0.000031006419594864246
2436,0.00003119562795157689
2438,0.00003138676924140033
2440,0.000031579868267004814
2442,0.00003177495024694069
2444,0.00003197204082384446
2446,0.00003217116607283764
2448,0.000032372352510123415
2450,0.00003257562710178645
2452,0.00003278101727280144
2454,0.00003298855091625579
2456,0.00003319825640279249
2458,0.00003341016259027903
2460,0.000033624298833708466
2462,0.00003384069499533925
2464,0.00003405938145508009
2466,0.00003428038912112678
2468,0.000034503749440858023
2470,0.00003472949441199715
2472,0.000034957656594047617
2474,0.000035188269120009564
2476,0.00003542136570838543
2478,0.0000356569806754829
2480,0.00003589514894802352
2482,0.000036135906076065555
2484,0.00003637928824625026
2486,0.00003662533229538073
2488,0.000036874075724342784
2490,0.00003712555671237794
2492,0.00003737981413171848
2494,0.000037636887562595336
2496,0.00003789681730862942
2498,0.000038159644412617904
2500,0.00003842541067272676
2502,0.00003869415865910183
2504,0.00003896593173091059
2506,0.000039240774053827556
2508,0.00003951873061797651
2510,0.0000397998472563432
2512,0.0000400841706636728
2514,0.00004037174841586649
2516,0.00004066262898989263
2518,0.000040956861784227935
2520,0.00004125449713984482
2522,0.0000415555863617619
2524,0.00004186018174117474
2526,0.00004216833657818487
2528,0.000042480105205145675
2530,0.000042795543010644275
2532,0.00004311470646413943
2534,0.00004343765314127582
2536,0.00004376444174989641
2538,0.000044095132156774575
2540,0.000044429785415089165
2542,0.00004476846379266605
2544,0.00004511123080101084
2546,0.000045458151225158105
2548,0.00004580929115436356
2550,0.000046164718013666536
2552,0.00004652450059635106
2554,0.00004688870909733507
2556,0.00004725741514751801
2558,0.0000476306918491187
2560,0.000048008613812036035
2562,0.000048391257191266796
2564,0.00004877869972541565
2566,0.00004917102077633413
2568,0.000049568301369926665
2570,0.000049970624238162955
2572,0.000050378073862338064
2574,0.000050790736517622396
2576,0.000051208700318946126
2578,0.00005163205526826386
2580,0.000052060893303247366
2582,0.000052495308347455884
2584,0.000052935396362035804
2586,0.000053381255399002995
2588,0.000053832985656163786
2590,0.00005429068953373257
2592,0.000054754471692706126
2594,0.000055224439115057424
2596,0.0000557007011658144
2598,0.00005618336965709125
2600,0.00005667255891414317
2602,0.00005716838584351799
2604,0.000057670970003381276
2606,0.00005818043367609493
2608,0.00005869690194313184
2610,0.000059220502762413873
2612,0.000059751367048162654
2614,0.000060289628753357706
2616,0.00006083542495489959
2618,0.00006138889594158038
2620,0.00006195018530496792
2622,0.00006251944003331495
2624,0.00006309681060860915
2626,0.00006368245110688479
2628,0.00006427651930192253
2630,0.00006487917677246877
2632,0.00006549058901311257
2634,0.00006611092554896324
2636,0.0000667403600542791
2638,0.00006737907047520416
2640,0.0000680272391567761
2642,0.00006868505297437739
2644,0.00006935270346980813
2646,0.000070030386992168
2648,0.0000707183048437429
2650,0.00007141666343110149
2652,0.00007212567442161546
2654,0.00007284555490562823
2656,0.00007357652756450677
2658,0.00007431882084482248
2660,0.00007507266913891854
2662,0.00007583831297213404
2664,0.00007661599919696694
2666,0.000077405981194473
2668,0.00007820851908321088
2670,0.00007902387993605953
2672,0.00007985233800524975
2674,0.00008069417495596841
2676,0.00008154968010891206
2678,0.00008241915069218486
2680,0.00008330289210295585
2682,0.00008420121817931167
2684,0.00008511445148276247
2686,0.00008604292359188231
2688,0.0000869869754075904
2690,0.00008794695747060457
2692,0.00008892323029162721
2694,0.00008991616469485237
2696,0.00009092614217541339
2698,0.00009195355527142395
2700,0.00009299880795129932
2702,0.00009406231601708169
2704,0.00009514450752453215
2706,0.00009624582322079322
2708,0.00009736671700046954
2710,0.00009850765638102066
2712,0.00009966912299840927
2714,0.00010085161312400015
2716,0.00010205563820376083
2718,0.00010328172542087413
2720,0.00010453041828293474
2722,0.0001058022772349695
2724,0.00010709788029959123
2726,0.00010841782374567133
2728,0.00010976272278699728
2730,0.00011113321231246621
2732,0.00011252994764945581
2734,0.00011395360536211311
2736,0.00011540488408640221
2738,0.00011688450540386508
2740,0.00011839321475616446
2742,0.00011993178240260612
2744,0.00012150100442296959
2746,0.00012310170376812085
2748,0.0001247347313610336
2750,0.00012640096725100846
2752,0.00012810132182405526
2754,0.00012983673707259055
2756,0.00013160818792780333
2758,0.00013341668365825514
2760,0.00013526326933851356
2762,0.00013714902739186136
2764,0.0001390750792113908
2766,0.00014104258686407456
2768,0.00014305275488270998
2770,0.00014510683215096008
2772,0.00014720611388706627
2774,0.00014935194373218535
2776,0.0001515457159497089
2778,0.0001537888777423609
2780,0.000156082931694339
2782,0.00015842943834627122
2784,0.00016083001891130548
2786,0.00016328635814123778
2788,0.0001658002073522178
2790,0.0001683733876202556
2792,0.0001710077931574914
2794,0.00017370539488098662
2796,0.00017646824418665656
2798,0.00017929847694189645
2800,0.0001821983177114561
2802,0.0001851700842322121
2804,0.00018821619215365884
2806,0.00019133916006222018
2808,0.0001945416148088623
2810,0.0001978262971609854
2812,0.00020119606780119497
2814,0.00020465391369731223
2816,0.0002082029548698897
2818,0.00021184645158556957
2820,0.00021558781200686753
2822,0.00021943060033140143
2824,0.00022337854545623374
2826,0.00022743555020586612
2828,0.00023160570116554892
2830,0.00023589327916495305
2832,0.00024030277046093286
2834,0.0002448388786721018
2836,0.000249506537522278
2838,0.00025431092445456113
2840,0.00025925747518290376
2842,0.00026435189925357033
2844,0.0002696001966948672
2846,0.000275008675840004
2848,0.0002805839724149565
2850,0.00028633306999075185
2852,0.00029226332190774283
2854,0.00029838247478818384
2856,0.000304698693762801
2858,0.0003112205895470693
2860,0.00031795724751356764
2862,0.00032491825891807925
2864,0.0003321137544489821
2866,0.00033955444028188874
2868,0.0003472516368343334
2870,0.00035521732042842583
2872,0.0003634641680825733
2874,0.000372005605666333
2876,0.0003808558596647823
2878,0.0003900300128099699
2880,0.0003995440638463129
2882,0.0004094149917033301
2884,0.000419660824351654
2886,0.0004303007126153053
2888,0.00044135500920279526
2890,0.0004528453531992457
2892,0.00046479476022823245
2894,0.00047722771844152783
2896,0.0004901702904223747
2898,0.0005036502209872676
2900,0.0005176970507348559
2902,0.0005323422350093143
2904,0.0005476192677081225
2906,0.0005635638090573014
2908,0.0005802138160849366
2910,0.0005976096740279944
2912,0.0006157943262872874
2914,0.0006348133997783783
2916,0.0006547153215887442
2918,0.0006755514217211835
2920,0.0006973760153621447
2922,0.00072024645655251
2924,0.0007442231533656881
2926,0.000769369532749999
2928,0.0007957519411493464
2930,0.0008234394650224258
2932,0.0008525036536712524
2934,0.000883018125721458
2936,0.000915058040681751
2938,0.0009486994189450307
2940,0.000984018298274279
2942,0.001021089723315503
2944,0.0010599865781639253
2946,0.001100778291553049
2948,0.0011435294704956647
2950,0.00118829855091914
2952,0.001235136591152774
2954,0.0012840863718370783
2956,0.0013351819967158333
2958,0.0013884492024126712
2960,0.0014439065687985328
2962,0.0015015677617960753
2964,0.0015614448280027082
2966,0.0016235523948622175
2968,0.0016879124249847978
2970,0.0017545589593613077
2972,0.001823542107228976
2974,0.0018949304517349927
2976,0.0019688110831296186
2978,0.002045286663162186
2980,0.002124469248416639
2982,0.002206471004092131
2984,0.0022913923482160924
2986,0.0023793084025723658
2988,0.0024702548324886443
2990,0.0025642142062591218
2992,0.0026611039029138177
2994,0.0027607663774287467
2996,0.0028629623050393624
2998,0.0029673668284636583
3000,0.0030735688815121142
3002,0.0031810734105905923
3004,0.0032893062947510886
3006,0.003397621876342405
3008,0.003505313216794075
3010,0.0036116254026658037
3012,0.0037157723385291097
3014,0.0038169573767900078
3016,0.003914397797882295
3018,0.004007352588989341
3020,0.00409515227555314
3022,0.00417722889262034
3024,0.004253143709598911
3026,0.0043226101717461244
3028,0.004385509749104864
3030,0.004441898955251228
3032,0.004492006608044647
3034,0.004536221308823595
3036,0.004575069973137246
3038,0.004609188943987411
3040,0.004639289689455114
3042,0.004666121303251399
3044,0.0046904319952469535
3046,0.004712931512341982
3048,0.004734256024019948
3050,0.004754936516524699
3052,0.004775371252488599
3054,0.004795802460400467
3056,0.004816297204307343
3058,0.004836732410293348
3060,0.0048567843134417095
3062,0.004875923096726216
3064,0.004893414106589552
3066,0.004908327565451051
3068,0.004919558940553486
3070,0.004925861874327939
3072,0.004925894721817561
3074,0.0049182802978808985
3076,0.004901676584168384
3078,0.0048748541847601565
3080,0.004836774622279896
3082,0.004786662499016986
3084,0.004724064389874996
3086,0.004648888215266969
3088,0.004561418704160767
3090,0.00446230715142314
3092,0.004352536595356278
3094,0.004233366305402398
3096,0.00410626161156439
3098,0.003972816288655314
3100,0.0038346747984633793
3102,0.003693460787758291
3104,0.0035507166216850274
3106,0.003407856778018552
3108,0.0032661360084970275
3110,0.003126631571565442
3112,0.0029902377115750083
3114,0.002857669933556107
3116,0.002729476438051881
3118,0.0026060542246483975
3120,0.00248766772111238
3122,0.002374468237063738
3124,0.0022665129938688627
3126,0.0021637828928396103
3128,0.0020661985246632716
3130,0.001973634186215508
3132,0.0018859298606665634
3134,0.0018029012436702675
3136,0.00172434797534103
3138,0.0016500602773477768
3140,0.0015798242078567753
3142,0.0015134257431854783
3144,0.0014506538806949808
3146,0.0013913029375632255
3148,0.0013351741980128292
3150,0.0012820770394957064
3152,0.0012318296475702986
3154,0.001184259410444923
3156,0.0011392030676927736
3158,0.001096506673501041
3160,0.0010560254228749136
3162,0.0010176233792714012
3164,0.0009811731339479902
3166,0.0009465554206319123
3168,0.0009136587037147064
3170,0.0008823787538424407
3172,0.0008526182213185686
3174,0.0008242862150038808
3176,0.0007972978922509273
3178,0.0007715740637354884
3180,0.0007470408157516203
3182,0.00072362915154282
3184,0.0007012746524875485
3186,0.000679917159392204
3188,0.0006595004737280593
3190,0.0006399720783480683
3192,0.00062128287700887
3194,0.0006033869518821265
3196,0.0005862413381512028
3198,0.0005698058147412344
3200,0.0005540427102127496
3202,0.0005389167228532893
3204,0.0005243947540217504
3206,0.000510445753831718
3208,0.0004970405782991624
3210,0.00048415185712378866
3212,0.00047175387131989443
3214,0.000459822439960262
3216,0.0004483348153441926
3218,0.0004372695859474579
3220,0.00042660658655708876
3222,0.0004163268150371557
3224,0.00040641235521275074
3226,0.0003968463053981238
3228,0.0003876127121312867
3230,0.00037869650871138127
3232,0.0003700834581667507
3234,0.0003617601003110407
3236,0.00035371370257187385
3238,0.0003459322143017973
3240,0.00033840422430443396
3242,0.0003311189213301602
3244,0.000324066057315342
3246,0.0003172359131572824
3248,0.0003106192668336859
3250,0.0003042073636907529
3252,0.00029799188873805624
3254,0.0002919649408012539
3256,0.00028611900839551897
3258,0.0002804469471934277
3260,0.0002749419589710036
3262,0.00026959757192475793
3264,0.0002644076222609469
3266,0.00025936623696596413
3268,0.00025446781767384365
3270,0.00024970702555333576
3272,0.0002450787671429641
3274,0.00024057818106794135
3276,0.00023620062557784318
3278,0.00023194166684855033
3280,0.0002277970679962155
3282,0.00022376277875490934
3284,0.00021983492577319072
3286,0.00021600980348814722
3288,0.00021228386553849498
3290,0.0002086537166811256
3292,0.00020511610517806968
3294,0.00020166791562322542
3296,0.0001983061621803953
3298,0.00019502798220619692
3300,0.0001918306302332837
3302,0.00018871147229103765
3304,0.00018566798054248795
3306,0.0001826977282176864
3308,0.00017979838482513034
3310,0.00017696771162408652
3312,0.00017420355734183588
3314,0.00017150385412093965
3316,0.00016886661368262755
3318,0.00016628992369333988
3320,0.0001637719443223119
3322,0.00016131090497888923
3324,0.00015890510121900584
3326,0.00015655289181093927
3328,0.00015425269595110237
3330,0.00015200299062122124
3332,0.0001498023080788034
3334,0.00014764923347331237
3336,0.00014554240258094568
3338,0.00014348049965135523
3340,0.00014146225536006694
3342,0.00013948644486074037
3344,0.0001375518859317721
3346,0.00013565743721207963
3348,0.0001338019965212186
3350,0.0001319844992592785
3352,0.00013020391688227303
3354,0.000128459255449001
3356,0.00012674955423558758
3358,0.00012507388441414276
3360,0.00012343134779218016
3362,0.00012182107560963583
3364,0.00012024222739050944
3366,0.00011869398984632117
3368,0.00011717557582873822
3370,0.00011568622332887573
3372,0.00011422519452091664
3374,0.00011279177484782907
3376,0.00011138527214708208
3378,0.00011000501581437845
3380,0.00010865035600353196
3382,0.00010732066286071916
3384,0.00010601532579143296
3386,0.00010473375275855491
3388,0.00010347536961005004
3390,0.00010223961943486635
3392,0.00010102596194569866
3394,0.00009983387288734605
3396,0.00009866284346945994
3398,0.00009751237982254261
3400,0.00009638200247611573
3402,0.00009527124585803387
3404,0.00009417965781397135
3406,0.00009310679914616076
3408,0.00009205224317050757
3410,0.00009101557529125083
3412,0.0000899963925923808
3414,0.00008899430344506487
3416,0.00008800892713036956
3418,0.00008703989347660239
3420,0.00008608684251063092
3422,0.000085149424122567
3424,0.0000842272977432347
3426,0.0000833201320338694
3428,0.00008242760458752034
3430,0.0000815494016416562
3432,0.00008068521780149619
3434,0.00007983475577361206
3436,0.00007899772610936814
3438,0.00007817384695778666
3440,0.00007736284382744521
3442,0.00007656444935703111
3444,0.00007577840309419561
3446,0.00007500445128236632
3448,0.00007424234665519298
3450,0.00007349184823831575
3452,0.00007275272115815965
3454,0.00007202473645747245
3456,0.00007130767091733528
3458,0.00007060130688538842
3460,0.00006990543211002509
3462,0.00006921983958031795
3464,0.00006854432737145293
3466,0.00006787869849545487
3468,0.00006722276075699936
3470,0.00006657632661411343
3472,0.00006593921304357683
3474,0.00006531124141084361
3476,0.00006469223734431123
3478,0.00006408203061377229
3480,0.00006348045501289033
3482,0.00006288734824554844
3484,0.0000623025518159256
3486,0.00006172591092216137
3488,0.00006115727435347627
3490,0.00006059649439061961
3492,0.000060043426709522704
3494,0.00005949793028803993
3496,0.00005895986731566511
3498,0.00005842910310611536
3500,0.00005790550601267853
3502,0.000057388947346225257
3504,0.0000568793012957898
3506,0.000056376444851628424
3508,0.00005588025773066724
3510,0.00005539062230425512
3512,0.00005490742352814061
3514,0.000054430548874594937
3516,0.00005395988826660631
3518,0.00005349533401407351
3520,0.00005303678075192975
3522,0.000052584125380130327
3524,0.00005213726700544018
3526,0.00005169610688495984
3528,0.00005126054837133096
3530,0.000050830496859564105
3532,0.000050405859735434736
3534,0.00004998654632539428
3536,0.00004957246784794579
3538,0.00004916353736643564
3540,0.000048759669743214025
3542,0.000048360781595119346
3544,0.00004796679125024271
3546,0.00004757761870593099
3548,0.000047193185587987625
3550,0.00004681341511103268
3552,0.00004643823203998437
3554,0.00004606756265262612
3556,0.00004570133470322428
3558,0.000045339477387162774
3560,0.00004498192130656262
3562,0.00004462859843685487
3564,0.00004427944209427686
3566,0.00004393438690426293
3568,0.00004359336877070136
3570,0.000043256324846030616
3572,0.00004292319350214882
3574,0.000042593914302111245
3576,0.00004226842797259146
3578,0.00004194667637708278
3580,0.00004162860248981731
3582,0.00004131415037038063
3584,0.000041003265139001114
3586,0.00004069589295249339
3588,0.00004039198098083627
3590,0.00004009147738436596
3592,0.000039794331291566383
3594,0.000039500492777438624
3596,0.00003920991284243226
3598,0.00003892254339192216
3600,0.000038638337216214525
3602,0.00003835724797106658
3604,0.00003807923015870503
3606,0.00003780423910932866
3608,0.00003753223096308096
3610,0.00003726316265247931
3612,0.000036996991885287354
3614,0.000036733677127818106
3616,0.00003647317758865514
3618,0.00003621545320278017
3620,0.00003596046461609541
3622,0.0000357081731703294
3624,0.00003545854088831565
3626,0.00003521153045963359
3628,0.000034967105226601445
3630,0.00003472522917061159
3632,0.00003448586689879849
3634,0.00003424898363103021
3636,0.00003401454518721446
3638,0.000033782517974910565
3640,0.00003355286897723892
3642,0.00003332556574107984
3644,0.00003310057636555378
3646,0.000032877869490775485
3648,0.00003265741428687451
3650,0.00003243918044327494
3652,0.00003222313815822732
3654,0.00003200925812858618
3656,0.000031797511539826307
3658,0.00003158787005629179
3660,0.000031380305811671214
3662,0.00003117479139969341
3664,0.0000309712998650378
3666,0.00003076980469445355
3668,0.000030570279808082303
3670,0.000030372699550979108
3672,0.0000301770386848262
3674,0.000029983272379834945
3676,0.000029791376206830787
3678,0.00002960132612951673
3680,0.00002941309849691054
3682,0.000029226670035951426
3684,0.000029042017844271695
3686,0.00002885911938312936
3688,0.00002867795247049744
3690,0.000028498495274306126
3692,0.0000283207263058339
3694,0.00002814462441324387
3696,0.00002797016877526172
3698,0.00002779733889499166
3700,0.000027626114593867032
3702,0.000027456476005732192
3704,0.000027288403571052367
3706,0.000027121878031248484
3708,0.000026956880423153708
3710,0.00002679339207358883
3712,0.000026631394594053592
3714,0.00002647086987553106
3716,0.000026311800083402385
3718,0.00002615416765246922
3720,0.000025997955282081217
3722,0.00002584314593136605
3724,0.00002568972281455957
3726,0.000025537669396433584
3728,0.0000253869693878191
3730,0.000025237606741222574
3732,0.00002508956564653307
3734,0.000024942830526818226
3736,0.000024797386034206754
3738,0.00002465321704585567
3740,0.000024510308660000097
3742,0.000024368646192083747
3744,0.00002422821517096831
3746,0.00002408900133521974
3748,0.00002395099062946983
3750,0.000023814169200851185
3752,0.000023678523395504057
3754,0.000023544039755153278
3756,0.00002341070501375366
3758,0.000023278506094202495
3760,0.00002314743010511736
3762,0.00002301746433767798
3764,0.000022888596262530536
3766,0.000022760813526753086
3768,0.000022634103950880747
3770,0.000022508455525989188
3772,0.000022383856410835286
3774,0.0000222602949290535
3776,0.000022137759566406867
3778,0.000022016238968091352
3780,0.0000218957219360923
3782,0.000021776197426591984
3784,0.000021657654547427025
3786,0.000021540082555594587
3788,0.000021423470854806345
3790,0.000021307808993089127
3792,0.000021193086660431217
3794,0.000021079293686473384
3796,0.00002096642003824358
3798,0.000020854455817934447
3800,0.00002074339126072266
3802,0.000020633216732629236
3804,0.000020523922728419887
3806,0.00002041549986954465
3808,0.00002030793890211585
3810,0.000020201230694923673
3812,0.000020095366237488463
3814,0.000019990336638149092
3816,0.00001988613312218648
3818,0.000019782747029981695
3820,0.000019680169815207758
3822,0.000019578393043054573
3824,0.000019477408388486202
3826,0.000019377207634529847
3828,0.000019277782670595908
3830,0.000019179125490828382
3832,0.000019081228192485147
3834,0.000018984082974347292
3836,0.000018887682135157086
3838,0.000018792018072083908
3840,0.000018697083279217602
3842,0.000018602870346088645
3844,0.00001850937195621465
3846,0.000018416580885672643
3848,0.000018324490001696576
3850,0.000018233092261299576
3852,0.000018142380709920474
3854,0.000018052348480094037
3856,0.000017962988790144532
3858,0.000017874294942902087
3860,0.000017786260324441388
3862,0.000017698878402842335
3864,0.00001761214272697218
3866,0.00001752604692528868
3868,0.000017440584704663948
3870,0.000017355749849228495
3872,0.000017271536219235153
3874,0.00001718793774994242
3876,0.000017104948450516886
3878,0.00001702256240295438
3880,0.00001694077376101941
3882,0.000016859576749202635
3884,0.000016778965661695925
3886,0.00001669893486138476
3888,0.000016619478778857548
3890,0.00001654059191143161
3892,0.000016462268822195467
3894,0.000016384504139067123
3896,0.00001630729255386808
3898,0.000016230628821412728
3900,0.00001615450775861283
3902,0.00001607892424359689
3904,0.000016003873214843975
3906,0.000015929349670331918
3908,0.000015855348666699408
3910,0.000015781865318421897
3912,0.000015708894797000973
3914,0.000015636432330166927
3916,0.000015564473201094362
3918,0.0000154930127476305
3920,0.000015422046361536005
3922,0.000015351569487738108
3924,0.00001528157762359574
3926,0.000015212066318176532
3928,0.000015143031171545394
3930,0.000015074467834064501
3932,0.000015006372005704493
3934,0.000014938739435366617
3936,0.000014871565920215689
3938,0.000014804847305023631
3940,0.000014738579481523415
3942,0.000014672758387773194
3944,0.000014607380007530501
3946,0.000014542440369636248
3948,0.000014477935547408423
3950,0.000014413861658045288
3952,0.000014350214862037862
3954,0.000014286991362591616
3956,0.000014224187405057133
3958,0.000014161799276369627
3960,0.000014099823304497099
3962,0.00001403825585789709
3964,0.000013977093344981747
3966,0.000013916332213591148
3968,0.00001385596895047473
3970,0.00001379600008078061
3972,0.000013736422167552771
3974,0.00001367723181123586
3976,0.000013618425649187569
3978,0.000013560000355198397
3980,0.000013501952639018687
3982,0.000013444279245892821
3984,0.000013386976956100445
3986,0.000013330042584504592
3988,0.000013273472980106585
3990,0.000013217265025607658
3992,0.000013161415636977052
3994,0.000013105921763026652
3996,0.000013050780384991868
3998,0.000012995988516118826
4000,0.000012941543201257616
