500,9.896999306669292e-6
502,0.000010073261830771147
504,0.000010243875832811015
506,0.00001040637496927162
508,0.000010558159582711696
510,0.000010696591913668115
512,0.000010819116017725669
514,0.00001092339516362029
516,0.000011007455133339746
518,0.000011069818652007773
520,0.000011109615123496274
522,0.000011126651552690757
524,0.00001112143497590052
526,0.000011095143145494447
528,0.000011049547302408728
530,0.000010986897109940958
532,0.000010909781968705774
534,0.000010820984352766823
536,0.000010723339591753652
538,0.000010619613350699062
540,0.00001051240389864594
542,0.000010404072058117883
544,0.00001029669819473898
546,0.000010192063109272257
548,0.000010091648295116069
550,9.99665057116372e-6
552,9.90800633654058e-6
554,9.826421348309962e-6
556,9.752402764143242e-6
558,9.686291051236214e-6
560,9.62829013699052e-6
562,9.578494815770032e-6
564,9.53691491646157e-6
566,9.503496087520705e-6
568,9.478137290953349e-6
570,9.46070523914776e-6
572,9.451046082458917e-6
574,9.448994681449747e-6
576,9.454381792106317e-6
578,9.467039467600196e-6
580,9.48680494531168e-6
582,9.513523249232295e-6
584,9.547048699974519e-6
586,9.58724549057525e-6
588,9.633987458462357e-6
590,9.687157164361646e-6
592,9.746644379440514e-6
594,9.812344084472549e-6
596,9.884154100982431e-6
598,9.961972505396415e-6
600,0.000010045695023184543
602,0.000010135212658630008
604,0.000010230409881520897
606,0.000010331163754324367
608,0.000010437344426383061
610,0.000010548817424493055
612,0.000010665448108662981
614,0.000010787108517804697
616,0.000010913686593669594
618,0.000011045097453976868
620,0.000011181296025978331
622,0.000011322290015340217
624,0.00001146815195431266
626,0.000011619029024867555
628,0.00001177514953221517
630,0.000011936825303506588
632,0.000012104449837340227
634,0.000012278492619112903
636,0.000012459490520781778
638,0.000012648037522626782
640,0.000012844774083578952
642,0.000013050377359999214
644,0.00001326555319136586
646,0.00001349103041732442
648,0.00001372755774168519
650,0.000013975903070971367
652,0.000014236855055568637
654,0.000014511226452887696
656,0.00001479985889984591
658,0.000015103628704205525
660,0.0000154234533180198
662,0.000015760298222432665
664,0.00001611518401749178
666,0.000016489193564841355
668,0.000016883479070707676
670,0.00001729926901986416
672,0.000017737874878252827
674,0.00001820069747327918
676,0.00001868923293710487
678,0.00001920507805973602
680,0.00001974993484491209
682,0.000020325613991596382
684,0.000020934036935402544
686,0.000021577235975080544
688,0.000022257351876262927
690,0.000022976628184825028
692,0.000023737401292360507
694,0.00002454208507405285
696,0.0000253931486638754
698,0.000026293085645731366
700,0.00002724437262880071
702,0.000028249414855349116
704,0.000029310476184838684
706,0.000030429590549998608
708,0.000031608451849953896
710,0.000032848279320580155
712,0.000034149655823036754
714,0.0000355123373732746
716,0.00003693503378671881
718,0.00003841516274290827
720,0.00003994858308722342
722,0.00004152931792515395
724,0.000043149284034098856
726,0.00004479805107402171
728,0.00004646266139688486
730,0.00004812754781073663
732,0.000049774590767771116
734,0.000051383355973566446
736,0.00005293154607662286
738,0.000054395684088961466
740,0.00005575202103847325
742,0.00005697762781900802
744,0.00005805159582753411
746,0.000058956239848570884
748,0.00005967817804894322
750,0.00006020916499425801
752,0.00006054657753180089
754,0.00006069349763940439
756,0.00006065839245237553
758,0.00006045444740292012
760,0.00006009865139836652
762,0.00005961075461676952
764,0.000059012217351787715
766,0.00005832524623577419
768,0.00005757198031610597
770,0.00005677385338629202
772,0.00005595112864690885
774,0.00005512258178292135
776,0.00005430529972262427
778,0.000053514562574272435
780,0.00005276378191787524
782,0.0000520644761420379
784,0.00005142627023688905
786,0.00005085691213971394
788,0.00005036230034733183
790,0.00004994651876972112
792,0.0000496118756480215
794,0.000049358944596383064
796,0.00004918660791032939
798,0.000049092105288351534
800,0.00004907109476322436
802,0.00004911773636943607
804,0.000049224812085519275
806,0.00004938389692783666
808,0.00004958559474316415
810,0.00004981984743653366
812,0.00005007631774784087
814,0.00005034483375414967
816,0.00005061586960493512
818,0.000050881024241908695
820,0.00005113345129532187
822,0.00005136819204142248
824,0.000051582371004895664
826,0.00005177523005818463
828,0.00005194799882177116
830,0.00005210362208786673
832,0.000052246383665391016
834,0.0000523814763517113
836,0.00005251456783600007
838,0.0000526514030786791
840,0.0000527974681804944
842,0.00005295772325180519
844,0.000053136396617357325
846,0.000053336823115602586
848,0.00005356130687906875
850,0.000053810993575616714
852,0.00005408574682664895
854,0.00005438403556634469
856,0.00005470285034601607
858,0.00005503767427293551
860,0.000055382536483852154
862,0.000055730171905884415
864,0.00005607230073758874
866,0.000056400025814566605
868,0.000056704328012862116
870,0.00005697662212719834
872,0.0000572093217240992
874,0.000057396354543612856
876,0.00005753357218252855
878,0.00005761900917348683
880,0.000057652965123830514
882,0.00005763790556131668
884,0.00005757819828292646
886,0.000057479718814652355
888,0.00005734936919983197
890,0.00005719455862808061
892,0.000057022693467744895
894,0.00005684071949300393
896,0.00005665475162501613
898,0.00005646981694948804
900,0.00005628972543381749
902,0.00005611707002942182
904,0.000055953344527964254
906,0.00005579915505348951
908,0.00005565449129947325
910,0.000055519018526616596
912,0.00005539235237974252
914,0.00005527428608038159
916,0.000055164952280859164
918,0.0000550649171046923
920,0.00005497521803054582
922,0.00005489736680536926
924,0.000054833341196433135
926,0.000054785584747337524
928,0.000054757023481748065
930,0.00005475109591306951
932,0.000054771781501862154
934,0.0000548236059830385
936,0.000054911601390433834
938,0.000055041203886224056
940,0.00005521808176561617
942,0.00005544789647414787
944,0.00005573600845046852
946,0.00005608714530719337
948,0.0000565050518187089
950,0.00005699214015439046
952,0.00005754915629499034
954,0.00005817487627218972
956,0.00005886584508154293
958,0.00005961617244359764
960,0.000060417402808158174
962,0.00006125848109788235
964,0.00006212583899682416
966,0.00006300362701530943
968,0.00006387411296673448
970,0.00006471825622939599
972,0.00006551644876030405
974,0.00006624938963244727
976,0.00006689903344021877
978,0.00006744952977068966
980,0.00006788805744711401
982,0.00006820545883950158
984,0.00006839659866392685
986,0.00006846040646316218
988,0.00006839960610124452
990,0.00006822017999893162
992,0.00006793065112722295
994,0.00006754128499775029
996,0.00006706331416624771
998,0.00006650827059814988
1000,0.00006588748157560363
1002,0.00006521174947502511
1004,0.00006449120181419488
1006,0.00006373527152327837
1008,0.00006295275251716677
1010,0.0000621518738470135
1012,0.0000613403457553438
1014,0.000060525349243700346
1016,0.00005971346222809989
1018,0.00005891053480807525
1020,0.000058121539572315804
1022,0.00005735042820658928
1024,0.000056600023196871975
1026,0.00005587196517421208
1028,0.00005516672544007091
1030,0.00005448368250948039
1032,0.00005382125348052602
1034,0.00005317706687631893
1036,0.00005254816319551884
1038,0.0000519312115342698
1040,0.00005132273350140528
1042,0.000050719327539726895
1044,0.000050117886749037014
1046,0.00004951580156062038
1048,0.00004891113632292479
1050,0.00004830276764948017
1052,0.00004769047354304858
1054,0.000047074966179331586
1056,0.0000464578670229467
1058,0.00004584162911383772
1060,0.00004522941629397561
1062,0.000044624951825541736
1064,0.00004403234916950609
1066,0.000043455936297813156
1068,0.000042900082772248805
1070,0.000042369036752398915
1072,0.00004186677748246279
1074,0.00004139688762167174
1076,0.00004096244877256396
1078,0.00004056596247774823
1080,0.000040209297693740794
1082,0.000039893664358070665
1084,0.00003961961127355661
1086,0.00003938704527324755
1088,0.00003919526759601555
1090,0.000039043022670480556
1092,0.000038928554171454064
1094,0.00003884966342812368
1096,0.00003880376620482375
1098,0.00003878794566252003
1100,0.000038799001876285916
1102,0.00003883350127259484
1104,0.00003888783208611875
1106,0.00003895827353661347
1108,0.000039041086036973764
1110,0.00003913262683961126
1112,0.000039229490193109194
1114,0.00003932866414519185
1116,0.00003942768909203437
1118,0.0000395247978882147
1120,0.00003961901548868721
1122,0.00003971019867756791
1124,0.00003979900332909594
1126,0.000039886776565898924
1128,0.00003997538203577979
1130,0.00004006697604548307
1132,0.00004016375868273702
1134,0.00004026772647517513
1136,0.00004038045172844044
1138,0.00004050290933622118
1140,0.00004063536572910598
1142,0.00004077733778417979
1144,0.00004092762269554412
1146,0.00004108439344974097
1148,0.00004124534896007756
1150,0.000041407903421262216
1152,0.00004156939647824411
1154,0.00004172730479031305
1156,0.00004187943673064523
1158,0.00004202409508806513
1160,0.000042160197048673375
1162,0.00004228734544601059
1164,0.00004240584935546296
1166,0.00004251669507615456
1168,0.00004262147049588583
1170,0.00004272224734431977
1172,0.00004282142758182188
1174,0.00004292156252877377
1176,0.000043025156190965295
1178,0.00004313446701852012
1180,0.00004325132431421617
1182,0.00004337697607522432
1184,0.000043511983906142186
1186,0.000043656177777289373
1188,0.000043808679000559755
1190,0.000043967994104702725
1192,0.00004413217561253766
1194,0.00004429903849813754
1196,0.00004446641405460049
1198,0.000044632417088763425
1200,0.00004479569904004768
1202,0.00004495565992867302
1204,0.00004511259652866881
1206,0.000045267772446654145
1208,0.00004542340646311958
1210,0.000045582586444638285
1212,0.0000457491251493595
1214,0.000045927379678761835
1216,0.000046122057546953066
1218,0.00004633802979520722
1220,0.00004658016650199163
1222,0.00004685320394048617
1224,0.00004716164684919815
1226,0.00004750970467573163
1228,0.00004790125757428143
1230,0.00004833984631348704
1232,0.00004882867977675178
1234,0.000049370654037781694
1236,0.000049968377737630454
1238,0.000050624199432317315
1240,0.00005134023356837713
1242,0.000052118382692910976
1244,0.00005296035437479923
1246,0.00005386767209036101
1248,0.00005484168001076523
1250,0.00005588354223284499
1252,0.000056994237545753104
1254,0.00005817455136349805
1256,0.000059425067027799226
1258,0.00006074615934004986
1260,0.00006213799392011898
1262,0.00006360053673644132
1264,0.00006513357870918817
1266,0.00006673678033045737
1268,0.0000684097403687241
1270,0.00007015209057243714
1272,0.00007196361473018913
1274,0.00007384438575748434
1276,0.00007579490942677182
1278,0.00007781625909725643
1280,0.00007991018358659825
1282,0.00008207917106041256
1284,0.00008432645562974863
1286,0.00008665595941328354
1288,0.00008907216953524988
1290,0.00009157995505501286
1292,0.00009418433179670126
1294,0.0000968901831467304
1296,0.00009970194300601561
1298,0.00010262324501437692
1300,0.00010565654192703293
1302,0.00010880270210765052
1304,0.00011206059691506694
1306,0.00011542670244484153
1308,0.00011889474972378128
1310,0.00012245546650625747
1312,0.00012609645862820791
1314,0.00012980227711756174
1316,0.00013355470736319873
1318,0.00013733329820496109
1320,0.0001411161230452281
1322,0.0001448807351747417
1324,0.00014860525049811276
1326,0.0001522694688481784
1328,0.00015585593568173692
1330,0.0001593508522335898
1332,0.00016274476316359779
1334,0.0001660329809899698
1336,0.00016921573793635022
1338,0.0001722980801035512
1340,0.000175289531285392
1342,0.00017820355472212052
1344,0.00018105683600733714
1346,0.00018386840699286477
1348,0.00018665863533966925
1350,0.00018944811947120348
1352,0.00019225655083100963
1354,0.00019510162716662125
1356,0.0001979981135014226
1358,0.00020095714489401802
1360,0.00020398584446083254
1362,0.00020708729354331
1364,0.0002102608443212189
1366,0.00021350271693972218
1368,0.00021680678218806762
1370,0.00022016540453889666
1372,0.00022357021369888202
1374,0.00022701268658412691
1376,0.00023048445248510482
1378,0.00023397727545614331
1380,0.00023748271154061236
1382,0.00024099147716535302
1384,0.00024449259470372666
1386,0.00024797240133872045
1388,0.0002514135204069858
1390,0.00025479390379736796
1392,0.00025808606195914266
1394,0.00026125660432417145
1396,0.00026426621440524446
1398,0.00026707017553870765
1400,0.0002696195396223041
1402,0.0002718629874895313
1404,0.0002737493634062147
1406,0.0002752307796527403
1408,0.00027626608887605213
1410,0.0002768244279998136
1412,0.0002768884699541984
1414,0.0002764570009236073
1416,0.0002755464866152718
1418,0.00027419140204100755
1420,0.0002724432584309549
1422,0.0002703684364623239
1424,0.00026804508973545465
1426,0.00026555948498993044
1428,0.0002630021794734325
1430,0.00026046440286100374
1432,0.0002580349279247182
1434,0.00025579760532054926
1436,0.00025382962775433507
1438,0.00025220049573489026
1440,0.00025097159091169605
1442,0.00025019622543163213
1444,0.00024992002299626504
1446,0.0002501814926971731
1448,0.0002510126731296352
1450,0.00025243974566167507
1452,0.0002544835377152582
1454,0.0002571598569351997
1456,0.0002604796141253842
1458,0.0002644487068777727
1460,0.0002690676476816697
1462,0.000274330931144647
1464,0.00028022614608765376
1466,0.00028673285094599644
1468,0.00029382124615222723
1470,0.0003014506956784349
1472,0.0003095681718669125
1474,0.00031810672265499674
1476,0.0003269840871318481
1478,0.0003361016120007647
1480,0.00034534364487892247
1482,0.00035457759619908144
1484,0.000363654864340523
1486,0.00037241280213493776
1488,0.0003806778605676728
1490,0.0003882699722230775
1492,0.0003950081312772064
1494,0.00040071699307274
1496,0.0004052341667878015
1498,0.00040841772983629253
1500,0.00041015337894430076
1502,0.00041036057835081035
1504,0.00040899709299944243
1506,0.00040606141391624523
1508,0.00040159278578243336
1510,0.0003956688048021412
1512,0.0003884008249660225
1514,0.0003799276443332533
1516,0.0003704080992592545
1518,0.00036001325121352005
1520,0.0003489188087545
1522,0.0003372983076835855
1524,0.0003253174088044749
1526,0.0003131295000687182
1528,0.00030087263615331177
1530,0.0002886677302432403
1532,0.00027661783517948454
1534,0.00026480831100774945
1536,0.0002533076656720356
1538,0.00024216886628175812
1540,0.0002314309419897861
1542,0.00022112072964606397
1544,0.00021125464536982306
1546,0.00020184039584615363
1548,0.00019287857052828255
1550,0.0001843640789657454
1552,0.00017628741582593037
1554,0.00016863574997643153
1556,0.00016139384371865567
1558,0.00015454481455683288
1560,0.00014807075545700087
1562,0.00014195323107668435
1564,0.00013617366752730677
1566,0.00013071365236268654
1568,0.00012555516005385224
1570,0.0001206807164974815
1572,0.00011607351431125706
1574,0.00011171748892446596
1576,0.0001075973638544407
1578,0.0001036986721097075
1580,0.00010000775939408897
1582,0.00009651177370103038
1584,0.00009319864497267782
1586,0.00009005705773705641
1588,0.00008707641901028386
1590,0.00008424682324017595
1592,0.00008155901565498562
1594,0.00007900435505017848
1596,0.00007657477678284546
1598,0.00007426275653532895
1600,0.00007206127524650785
1602,0.00006996378548227155
1604,0.00006796417941882931
1606,0.0000660567585377621
1608,0.0000642362050753297
1610,0.00006249755522661671
1612,0.00006083617407450957
1614,0.000059247732191742834
1616,0.000057728183849335875
1618,0.00005627374675507901
1620,0.00005488088324006421
1622,0.0000535462828086033
1624,0.00005226684596646059
1626,0.0000510396692435433
1628,0.00004986203132957134
1630,0.00004873138024442718
1632,0.00004764532146858655
1634,0.00004660160696304359
1636,0.000045598125012307824
1638,0.00004463289082824932
1640,0.00004370403785671561
1642,0.00004280980973287821
1644,0.00004194855283514539
1646,0.00004111870939117401
1648,0.0000403188110930093
1650,0.000039547473181669316
1652,0.00003880338896456935
1654,0.000038085324732050066
1656,0.00003739211504194185
1658,0.00003672265834356914
1660,0.00003607591291488646
1662,0.00003545089308854875
1664,0.00003484666574466583
1666,0.00003426234704978267
1668,0.000033697099423276415
1670,0.000033150128713876166
1672,0.00003262068157040319
1674,0.00003210804299210741
1676,0.00003161153404514808
1678,0.000031130509732842356
1680,0.000030664357008292324
1682,0.000030212492918905594
1684,0.000029774362873154624
1686,0.000029349439020681116
1688,0.000028937218737549772
1690,0.000028537223209096044
1692,0.00002814899610340037
1694,0.000027772102328960126
1696,0.000027406126870625864
1698,0.000027050673698322494
1700,0.000026705364743493776
1702,0.000026369838938591537
1704,0.000026043751315283866
1706,0.000025726772157380127
1708,0.000025418586204769066
1710,0.000025118891904940114
1712,0.00002482740070891057
1714,0.000024543836408613663
1716,0.000024267934513016812
1718,0.000023999441660436324
1720,0.000023738115064697213
1722,0.000023483721992954204
1724,0.000023236039273145258
1726,0.00002299485282919165
1728,0.000022759957242190936
1730,0.000022531155335971152
1732,0.00002230825778548736
1734,0.00002209108274664626
1736,0.000021879455506240906
1738,0.00002167320815076727
1740,0.000021472179252977073
1742,0.000021276213575098075
1744,0.000021085161787724323
1746,0.000020898880203444652
1748,0.000020717230524339165
1750,0.000020540079602530168
1752,0.00002036729921302702
1754,0.000020198765838153062
1756,0.00002003436046288894
1758,0.000019873968380508585
1760,0.000019717479007923852
1762,0.000019564785710190507
1764,0.000019415785633662438
1766,0.000019270379547312884
1768,0.000019128471691771167
1770,0.00001898996963565118
1772,0.00001885478413877359
1774,0.000018722829021907998
1776,0.00001859402104268376
1778,0.000018468279777339137
1780,0.00001834552750799821
1782,0.000018225689115183295
1784,0.000018108691975287797
1786,0.000017994465862750514
1788,0.00001788294285668749
1790,0.000017774057251751482
1792,0.000017667745473002456
1794,0.000017563945994584748
1796,0.000017462599262018246
1798,0.000017363647617921678
1800,0.0000172670352309964
1802,0.000017172708028108566
1804,0.000017080613629316616
1806,0.000016990701285699347
1808,0.00001690292181984789
1810,0.000016817227568892223
1812,0.000016733572329939972
1814,0.000016651911307811708
1816,0.00001657220106496334
1818,0.00001649439947349175
1820,0.000016418465669125586
1822,0.0000163443600071081
1824,0.00001627204401988393
1826,0.000016201480376506134
1828,0.000016132632843684365
1830,0.000016065466248398854
1832,0.000015999946442009004
1834,0.000015936040265788816
1836,0.00001587371551782491
1838,0.000015812940921216088
1840,0.000015753686093516486
1842,0.000015695921517367213
1844,0.000015639618512264087
1846,0.000015584749207411783
1848,0.000015531286515616914
1850,0.00001547920410817516
1852,0.0000154284763907095
1854,0.000015379078479918798
1856,0.000015330986181197974
1858,0.000015284175967092678
1860,0.000015238624956553402
1862,0.00001519431089495536
1864,0.000015151212134852258
1866,0.000015109307617433419
1868,0.000015068576854655266
1870,0.000015028999912019392
1872,0.000014990557391970874
1874,0.000014953230417891497
1876,0.000014917000618663967
1878,0.000014881850113783973
1880,0.000014847761498998323
1882,0.000014814717832448072
1884,0.000014782702621296726
1886,0.000014751699808824331
1888,0.000014721693761969229
1890,0.000014692669259299964
1892,0.000014664611479400684
1894,0.000014637505989654014
1896,0.000014611338735406186
1898,0.000014586096029499742
1900,0.000014561764542159899
1902,0.000014538331291221097
1904,0.000014515783632680998
1906,0.000014494109251569648
1908,0.00001447329615312198
1910,0.000014453332654242502
1912,0.00001443420737525133
1914,0.000014415909231901207
1916,0.000014398427427655656
1918,0.000014381751446218755
1920,0.000014365871044307377
1922,0.000014350776244657265
1924,0.000014336457329254427
1926,0.000014322904832783961
1928,0.000014310109536288492
1930,0.000014298062461028868
1932,0.000014286754862539982
1934,0.000014276178224874983
1936,0.000014266324255031168
1938,0.00001425718487755144
1940,0.000014248752229295189
1942,0.000014241018654372798
1944,0.000014233976699238252
1946,0.000014227619107934413
1948,0.00001422193881748589
1950,0.000014216928953434488
1952,0.000014212582825512516
1954,0.000014208893923449352
1956,0.000014205855912906872
1958,0.000014203462631539503
1960,0.000014201708085174823
1962,0.000014200586444110814
1964,0.000014200092039525938
1966,0.000014200219359998456
1968,0.000014200963048131477
1970,0.000014202317897280359
1972,0.000014204278848379242
1974,0.000014206840986863581
1976,0.000014209999539685657
1978,0.000014213749872420232
1980,0.00001421808748645745
1982,0.000014223008016280428
1984,0.000014228507226824829
1986,0.000014234581010918008
1988,0.00001424122538679527
1990,0.000014248436495690961
1992,0.00001425621059950213
1994,0.000014264544078522606
1996,0.000014273433429245445
1998,0.00001428287526223172
2000,0.000014292866300043682
2002,0.000014303403375240548
2004,0.000014314483428434957
2006,0.000014326103506408512
2008,0.000014338260760284615
2010,0.000014350952443757079
2012,0.000014364175911372874
2014,0.000014377928616867578
2016,0.000014392208111552024
2018,0.000014407012042748796
2020,0.000014422338152277167
2022,0.000014438184274985248
2024,0.000014454548337328006
2026,0.000014471428355990011
2028,0.00001448882243655169
2030,0.000014506728772198
2032,0.000014525145642468374
2034,0.000014544071412046952
2036,0.000014563504529592005
2038,0.000014583443526603664
2040,0.000014603887016328878
2042,0.000014624833692702842
2044,0.000014646282329325881
2046,0.000014668231778474977
2048,0.000014690680970149188
2050,0.000014713628911148033
2052,0.000014737074684182195
2054,0.000014761017447015747
2056,0.000014785456431639175
2058,0.00001481039094347257
2060,0.000014835820360598266
2062,0.000014861744133022283
2064,0.000014888161781964043
2066,0.00001491507289917363
2068,0.000014942477146276153
2070,0.000014970374254142548
2072,0.000014998764022286371
2074,0.000015027646318286022
2076,0.000015057021077231897
2078,0.000015086888301198062
2080,0.000015117248058737879
2082,0.000015148100484403246
2084,0.000015179445778286988
2086,0.000015211284205587952
2088,0.000015243616096198487
2090,0.00001527644184431388
2092,0.000015309761908063406
2094,0.000015343576809162634
2096,0.000015377887132586682
2098,0.000015412693526264053
2100,0.00001544799670079081
2102,0.00001548379742916474
2104,0.00001552009654653927
2106,0.000015556894949996833
2108,0.000015594193598341446
2110,0.000015631993511910284
2112,0.000015670295772403938
2114,0.00001570910152273526
2116,0.000015748411966896447
2118,0.000015788228369844277
2120,0.000015828552057403235
2122,0.000015869384416186437
2124,0.000015910726893534064
2126,0.000015952580997469257
2128,0.00001599494829667127
2130,0.00001603783042046578
2132,0.000016081229058832154
2134,0.000016125145962427677
2136,0.00001616958294262847
2138,0.000016214541871587153
2140,0.000016260024682307078
2142,0.00001630603336873303
2144,0.000016352569985858373
2146,0.000016399636649848593
2148,0.00001644723553818106
2150,0.000016495368889801132
2152,0.00001654403900529439
2154,0.000016593248247075076
2156,0.000016642999039590727
2158,0.00001669329386954285
2160,0.000016744135286123803
2162,0.000016795525901269738
2164,0.000016847468389929693
2166,0.000016899965490350817
2168,0.000016953020004379757
2170,0.000017006634797780218
2172,0.000017060812800566753
2174,0.000017115557007354836
2176,0.00001717087047772721
2178,0.000017226756336616628
2180,0.000017283217774705065
2182,0.000017340258048839377
2184,0.000017397880482463628
2186,0.00001745608846606802
2188,0.000017514885457654652
2190,0.00001757427498322018
2192,0.00001763426063725537
2194,0.000017694846083261866
2196,0.000017756035054286125
2198,0.000017817831353470747
2200,0.000017880238854623307
2202,0.000017943261502802835
2204,0.00001800690331492411
2206,0.000018071168380379938
2208,0.000018136060861681587
2210,0.000018201584995117517
2212,0.000018267745091430672
2214,0.000018334545536514415
2216,0.000018401990792127496
2218,0.000018470085396628013
2220,0.000018538833965726813
2222,0.000018608241193260455
2224,0.000018678311851983977
2226,0.000018749050794383737
2228,0.00001882046295351057
2230,0.000018892553343833513
2232,0.000018965327062114468
2234,0.00001903878928830387
2236,0.000019112945286457918
2238,0.000019187800405677458
2240,0.000019263360081068964
2242,0.000019339629834727855
2244,0.000019416615276744537
2246,0.000019494322106233457
2248,0.00001957275611238557
2250,0.000019651923175544587
2252,0.000019731829268307273
2254,0.00001981248045664837
2256,0.000019893882901070316
2258,0.00001997604285777838
2260,0.00002005896667988147
2262,0.000020142660818619125
2264,0.000020227131824615112
2266,0.0000203123863491581
2268,0.000020398431145509868
2270,0.000020485273070241493
2272,0.000020572919084598076
2274,0.000020661376255892495
2276,0.000020750651758928636
2278,0.00002084075287745478
2280,0.00002093168700564753
2282,0.000021023461649626982
2284,0.00002111608442900363
2286,0.000021209563078457656
2288,0.000021303905449351183
2290,0.000021399119511374134
2292,0.000021495213354224336
2294,0.000021592195189322522
2296,0.000021690073351562953
2298,0.00002178885630110028
2300,0.000021888552625173437
2302,0.000021989171039967257
2304,0.000022090720392512577
2306,0.00002219320966262561
2308,0.000022296647964887348
2310,0.000022401044550663845
2312,0.000022506408810168258
2314,0.000022612750274565318
2316,0.000022720078618119413
2318,0.00002282840366038684
2320,0.000022937735368453496
2322,0.000023048083859218672
2324,0.00002315945940172608
2326,0.00002327187241954312
2328,0.000023385333493189323
2330,0.000023499853362615126
2332,0.000023615442929731965
2334,0.000023732113260994878
2336,0.00002384987559003877
2338,0.000023968741320369354
2340,0.000024088722028110203
2342,0.000024209829464806988
2344,0.000024332075560290186
2346,0.00002445547242559761
2348,0.00002458003235595807
2350,0.000024705767833837532
2352,0.00002483269153204917
2354,0.000024960816316928782
2356,0.000025090155251577065
2358,0.000025220721599170193
2360,0.000025352528826340374
2362,0.000025485590606627925
2364,0.00002561992082400651
2366,0.000025755533576483253
2368,0.000025892443179775493
2370,0.000026030664171065937
2372,0.000026170211312838025
2374,0.000026311099596793455
2376,0.000026453344247853753
2378,0.00002659696072824795
2380,0.00002674196474168826
2382,0.000026888372237636098
2384,0.00002703619941566038
2386,0.000027185462729890417
2388,0.000027336178893565736
2390,0.00002748836488368507
2392,0.000027642037945757024
2394,0.000027797215598654813
2396,0.00002795391563957767
2398,0.0000281121561491216
2400,0.00002827195549646201
2402,0.000028433332344651183
2404,0.00002859630565603331
2406,0.000028760894697780044
2408,0.00002892711904754967
2410,0.000029094998599272828
2412,0.0000292645535690682
2414,0.000029435804501291182
2416,0.000029608772274719202
2418,0.000029783478108876948
2420,0.000029959943570505135
2422,0.000030138190580176567
2424,0.00003031824141906322
2426,0.000030500118735858205
2428,0.00003068384555385676
2430,0.00003086944527820026
2432,0.0000310569417032876
2434,0.000031246359020358255
2436,0.00003143772182525168
2438,0.000031631055126347466
2440,0.000031826384352691265
2442,0.00003202373536231128
2444,0.000032223134450730497
2446,0.000032424608359679724
2448,0.000032628184286017144
2450,0.00003283388989085954
2452,0.00003304175330893129
2454,0.00003325180315813685
2456,0.00003346406854936274
2458,0.00003367857909651558
2460,0.00003389536492680234
2462,0.000034114456691259705
2464,0.00003433588557553935
2466,0.00003455968331095611
2468,0.00003478588218580665
2470,0.00003501451505696587
2472,0.000035245615361769074
2474,0.000035479217130187775
2476,0.000035715354997307584
2478,0.000035954064216116536
2480,0.00003619538067061298
2482,0.00003643934088924181
2484,0.0000366859820586688
2486,0.00003693534203790249
2488,0.000037187459372773695
2490,0.000037442373310783306
2492,0.00003770012381632857
2494,0.00003796075158631943
2496,0.000038224298066195964
2498,0.00003849080546635888
2500,0.00003876031677902541
2502,0.000039032875795522836
2504,0.00003930852712403307
2506,0.000039587316207801485
2508,0.00003986928934382405
2510,0.000040154493702027145
2512,0.000040442977344954875
2514,0.00004073478924797936
2516,0.00004102997932004989
2518,0.00004132859842499742
2520,0.00004163069840341145
2522,0.000041936332095106805
2524,0.000042245553362198904
2526,0.00004255841711280596
2528,0.00004287497932539798
2530,0.000043195297073812695
2532,0.00004351942855295931
2534,0.00004384743310523201
2536,0.000044179371247655364
2538,0.000044515304699785216
2540,0.000044855296412388954
2542,0.000045199410596930376
2544,0.00004554771275588478
2546,0.0000459002697139114
2548,0.00004625714964991081
2550,0.000046618422129996214
2552,0.0000469841581414086
2554,0.00004735443012740666
2556,0.00004772931202316369
2558,0.00004810887929270489
2560,0.00004849320896691966
2562,0.00004888237968268486
2564,0.000049276471723136126
2566,0.00004967556705912628
2568,0.00005007974939191083
2570,0.00005048910419710213
2572,0.00005090371876993593
2574,0.000051323682271894854
2576,0.00005174908577873598
2578,0.00005218002232997073
2580,0.00005261658697984782
2582,0.00005305887684989157
2584,0.00005350699118305014
2586,0.0000539610313995104
2588,0.0000544211011542384
2590,0.00005488730639630673
2592,0.000055359755430072476
2594,0.000055838558978272337
2596,0.00005632383024710371
2598,0.00005681568499336374
2600,0.00005731424159372104
2602,0.00005781962111619827
2604,0.0000583319473939461
2606,0.00005885134710139364
2608,0.00005937794983286292
2610,0.00005991188818373931
2612,0.00006045329783429325
2614,0.00006100231763625318
2616,0.00006155908970223301
2618,0.000062123759498123
2620,0.00006269647593855626
2622,0.00006327739148556929
2624,0.00006386666225057906
2626,0.0000644644480998049
2628,0.0000650709127632691
2630,0.00006568622394751608
2632,0.00006631055345219567
2634,0.00006694407729066332
2636,0.0000675869758147561
2638,0.0000682394338439111
2640,0.00006890164079879963
2642,0.00006957379083965966
2644,0.00007025608300951562
2646,0.000070948721382485
2648,0.00007165191521737905
2650,0.00007236587911681557
2652,0.00007309083319207075
2654,0.00007382700323390866
2656,0.00007457462088963792
2658,0.0000753339238466562
2660,0.00007610515602275673
2662,0.00007688856776348305
2664,0.00007768441604683272
2666,0.00007849296469562465
2668,0.00007931448459786042
2670,0.00008014925393542588
2672,0.00008099755842149628
2674,0.00008185969154702619
2676,0.00008273595483672427
2678,0.00008362665811493316
2680,0.00008453211978185534
2682,0.00008545266710058885
2684,0.00008638863649545918
2686,0.00008734037386215963
2688,0.00008830823489023799
2690,0.00008929258539849498
2692,0.00009029380168389017
2694,0.00009131227088458119
2696,0.00009234839135775538
2698,0.00009340257307294776
2700,0.0000944752380215763
2702,0.00009556682064346396
2704,0.00009667776827115875
2706,0.00009780854159290713
2708,0.00009895961513518185
2710,0.00010013147776571578
2712,0.00010132463321804416
2714,0.00010253960063861483
2716,0.00010377691515758417
2718,0.00010503712848447888
2720,0.00010632080952997136
2722,0.00010762854505508658
2724,0.00010896094034923332
2726,0.00011031861993853399
2728,0.00011170222832601116
2730,0.00011311243076528061
2732,0.00011454991406949692
2734,0.000116015387457401
2736,0.00011750958343842835
2738,0.00011903325873895411
2740,0.000120587195271876
2742,0.00012217220115186888
2744,0.00012378911175878792
2746,0.0001254387908518481
2748,0.00012712213173737087
2750,0.0001288400584930625
2752,0.00013059352725197252
2754,0.0001323835275494819
2756,0.00013421108373687973
2758,0.00013607725646531734
2760,0.00013798314424417086
2762,0.00013992988507810391
2764,0.00014191865818740333
2766,0.00014395068581645986
2768,0.0001460272351355876
2770,0.00014814962024172246
2772,0.00015031920426391025
2774,0.00015253740157989508
2776,0.00015480568015054547
2778,0.00015712556397931937
2780,0.00015949863570446294
2782,0.00016192653933217344
2784,0.00016441098311953124
2786,0.0001669537426166255
2788,0.00016955666387796653
2790,0.00017222166685399684
2792,0.0001749507489742919
2794,0.00017774598893487828
2796,0.00018060955070300466
2798,0.00018354368775367827
2800,0.00018655074755333765
2802,0.00018963317630717663
2804,0.0001927935239878706
2806,0.0001960344496647968
2808,0.00019935872715428826
2810,0.00020276925101303227
2812,0.0002062690428984258
2814,0.00020986125832154397
2816,0.00021354919382037777
2818,0.0002173362945831655
2820,0.00022122616255399805
2822,0.0002252225650554296
2824,0.0002293294439656013
2826,0.00023355092549039413
2828,0.00023789133057439894
2830,0.00024235518599804282
2832,0.0002469472362120691
2834,0.0002516724559647587
2836,0.00025653606378183466
2838,0.00026154353636393085
2840,0.0002667006239718785
2842,0.0002720133668758844
2844,0.00027748811295099946
2846,0.000283131536508121
2848,0.0002889506584572025
2850,0.0002949528679073673
2852,0.00030114594531731195
2854,0.000307538087318748
2856,0.00031413793334572566
2858,0.00032095459421352856
2860,0.0003279976828024527
2862,0.00033527734701420273
2864,0.00034280430518184685
2866,0.0003505898841282593
2868,0.00035864606008268656
2870,0.0003669855026804324
2872,0.0003756216222865281
2874,0.0003845686209004534
2876,0.00039384154691523334
2878,0.00040345635402018384
2880,0.00041342996455171827
2882,0.0004237803376102939
2884,0.00043452654227290705
2886,0.00044568883623840195
2888,0.0004572887502457981
2890,0.0004693491786020081
2892,0.0004818944761423681
2894,0.0004949505619224037
2896,0.0005085450298985265
2898,0.000522707266794401
2900,0.0005374685772629813
2902,0.0005528623163350345
2904,0.0005689240289853453
2906,0.0005856915964383776
2908,0.0006032053885651746
2910,0.0006215084213806502
2912,0.0006406465182221337
2914,0.0006606684726628299
2916,0.0006816262105753232
2918,0.0007035749480009096
2920,0.0007265733405963533
2922,0.0007506836194264392
2924,0.0007759717067691662
2926,0.0008025073044434537
2928,0.0008303639460297608
2930,0.0008596190033437642
2932,0.0008903536367997752
2934,0.0009226526790697606
2936,0.0009566044419525082
2938,0.0009923004378788903
2940,0.0010298350102230182
2942,0.0010693048706776605
2944,0.0011108085472606212
2946,0.0011544457525382201
2948,0.0012003166873500205
2950,0.0012485212990682346
2952,0.0012991585130977213
2954,0.0013523254496547107
2956,0.0014081166231638155
2958,0.0014666230987709303
2960,0.0015279315520088197
2962,0.0015921231493781754
2964,0.001659272148247187
2966,0.0017294441138800015
2968,0.0018026936774139116
2970,0.0018790618134038142
2972,0.0019585726930389743
2974,0.0020412302547257555
2976,0.0021270147071687845
2978,0.0022158792204620263
2980,0.0023077470517875722
2982,0.0024025092864453173
2984,0.0025000232549290276
2986,0.002600111526877987
2988,0.0027025612098288397
2990,0.002807123135317729
2992,0.0029135104493226514
2994,0.0030213961930976663
2996,0.003130409703017401
2998,0.003240132073297794
3000,0.0033500914540706885
3002,0.003459759480200392
3004,0.003568550488262683
3006,0.003675825233787895
3008,0.003780900481475594
3010,0.003883065118029286
3012,0.003981602446150465
3014,0.0040758172542139535
3016,0.0041650653428456415
3018,0.0042487826201686105
3020,0.004326510767087783
3022,0.004397916838134839
3024,0.004462804924948369
3026,0.004521119026457771
3028,0.004572937369390156
3030,0.004618459428651121
3032,0.004657987648648356
3034,0.004691906235211751
3036,0.004720659301008268
3038,0.004744730118773851
3040,0.0047646223863600295
3042,0.004780843452157015
3044,0.004793888650296759
3046,0.004804225476612528
3048,0.0048122764080815485
3050,0.0048183996880428225
3052,0.004822868196385279
3054,0.004825847371822283
3056,0.004827373854321809
3058,0.004827336956271308
3060,0.004825465229664294
3062,0.004821320311092813
3064,0.0048142999463406215
3066,0.0048036516508031726
3068,0.004788497852437134
3070,0.004767872580042531
3072,0.0047407688024548
3074,0.004706194427024689
3076,0.004663233808474724
3078,0.0046111105353672365
3080,0.004549246434679218
3082,0.004477311377054598
3084,0.004395258768775966
3086,0.004303342687795174
3088,0.004202114415281973
3090,0.004092398403079687
3092,0.003975250118250078
3094,0.003851900270782334
3096,0.003723691271262602
3098,0.003592012164070512
3100,0.003458237745079677
3102,0.0033236763105957325
3104,0.0031895288279381187
3106,0.0030568606173066995
3108,0.0029265851700090856
3110,0.0027994586648356617
3112,0.0026760831286632737
3114,0.0025569159741251793
3116,0.0024422837395244677
3118,0.0023323981423058198
3120,0.0022273729364784985
3122,0.002127240459642496
3124,0.002031967117013115
3126,0.0019414673520914158
3128,0.0018556158880653705
3130,0.0017742581936479763
3132,0.0016972192409084323
3134,0.0016243106920351877
3136,0.0015553366880796309
3138,0.001490098425391935
3140,0.00142839770263889
3142,0.0013700396090564825
3144,0.0013148345073244075
3146,0.00126259944516661
3148,0.0012131591104333058
3150,0.0011663464261809113
3152,0.001122002865767861
3154,0.001079978553492116
3156,0.0010401322038437457
3158,0.0010023309419285894
3160,0.0009664500388580764
3162,0.0009323725886857386
3164,0.0008999891475876686
3166,0.0008691973512274077
3168,0.000839901522429584
3170,0.0008120122782471356
3172,0.0007854461431031535
3174,0.0007601251728007273
3176,0.0007359765927229296
3178,0.0007129324524076616
3180,0.0006909292978108728
3182,0.0006699078619115985
3184,0.0006498127738187705
3186,0.0006305922861770159
3188,0.0006121980204079324
3190,0.0005945847291417339
3192,0.0005777100750734782
3194,0.0005615344254039452
3196,0.0005460206609862677
3198,0.0005311339992867303
3200,0.0005168418302747725
3202,0.0005031135643777667
3204,0.0004899204916663763
3206,0.0004772356514730447
3208,0.00046503371168695026
3210,0.0004532908570117303
3212,0.0004419846855160705
3214,0.00043109411285081775
3216,0.0004205992835489115
3218,0.0004104814888655942
3220,0.00040072309065573934
3222,0.0003913074508224826
3224,0.00038221886590656323
3226,0.0003734425064188122
3228,0.00036496436054908154
3230,0.0003567711819136307
3232,0.00034885044102965057
3234,0.00034119028023029573
3236,0.0003337794717564198
3238,0.0003266073787822702
3240,0.0003196639191518078
3242,0.00031293953162018796
3244,0.00030642514441137504
3246,0.00030011214591796977
3248,0.0002939923573832085
3250,0.00028805800741783734
3252,0.0002823017082162627
3254,0.00027671643334711946
3256,0.0002712954970032489
3258,0.0002660325346051208
3260,0.00026092148466003417
3262,0.0002559565717870416
3264,0.00025113229082453383
3266,0.0002464433919438356
3268,0.00024188486669805503
3270,0.0002374519349408372
3272,0.00023314003255464518
3274,0.00022894479993275634
3276,0.00022486207116335932
3278,0.00022088786386800002
3280,0.00021701836965017316
3282,0.00021324994511312374
3284,0.00020957910340893297
3286,0.0002060025062837304
3288,0.00020251695658642877
3290,0.0001991193912107293
3292,0.00019580687444231508
3294,0.000192576591685151
3296,0.0001894258435426565
3298,0.00018635204023122157
3300,0.00018335269630511368
3302,0.0001804254256732779
3304,0.00017756793688987894
3306,0.00017477802870168006
3308,0.0001720535858365056
3310,0.000169392575018101
3312,0.00016679304119369284
3314,0.00016425310396146772
3316,0.00016177095418603803
3318,0.00015934485079074993
3320,0.00015697311771642133
3322,0.00015465414103677506
3324,0.0001523863662214644
3326,0.00015016829553817266
3328,0.00014799848558581457
3330,0.00014587554495137334
3332,0.00014379813198337865
3334,0.0001417649526754703
3336,0.00013977475865390067
3338,0.00013782634526321018
3340,0.0001359185497446653
3342,0.00013405024950237943
3344,0.00013222036045234633
3346,0.0001304278354499036
3348,0.00012867166279141386
3350,0.00012695086478620185
3352,0.00012526449639502137
3354,0.00012361164393154617
3356,0.00012199142382358252
3358,0.00012040298143089654
3360,0.00011884548991672666
3362,0.0001173181491702217
3364,0.00011582018477720264
3366,0.00011435084703679406
3368,0.00011290941002160978
3370,0.00011149517067930835
3372,0.00011010744797345462
3374,0.00010874558206173956
3376,0.00010740893350971762
3378,0.0001060968825383216
3380,0.00010480882830351079
3382,0.0001035441882064966
3384,0.00010230239723307457
3386,0.0001010829073206698
3388,0.00009988518675177802
3390,0.00009870871957255373
3392,0.00009755300503536303
3394,0.00009641755706418078
3396,0.00009530190374177014
3398,0.00009420558681763746
3400,0.0000931281612358077
3402,0.00009206919468151441
3404,0.0000910282671459445
3406,0.00009000497050822183
3408,0.00008899890813385427
3410,0.00008800969448890893
3412,0.0000870369547692155
3414,0.00008608032454393365
3416,0.00008513944941285253
3418,0.00008421398467682166
3420,0.00008330359502074204
3422,0.0000824079542085736
3424,0.00008152674478984192
3426,0.0000806596578171517
3428,0.00007980639257423817
3430,0.00007896665631410978
3432,0.0000781401640068571
3434,0.00007732663809672202
3436,0.0000765258082680416
3438,0.00007573741121969752
3440,0.00007496119044772057
3442,0.00007419689603571456
3444,0.00007344428445278038
3446,0.0000727031183586351
3448,0.00007197316641563488
3450,0.00007125420310742382
3452,0.00007054600856394308
3454,0.00006984836839254699
3456,0.0000691610735149837
3458,0.00006848392001000885
3460,0.00006781670896141104
3462,0.0000671592463112375
3464,0.00006651134271801774
3466,0.00006587281341979138
3468,0.00006524347810175557
3470,0.00006462316076835412
3472,0.00006401168961963971
3474,0.00006340889693174586
3476,0.00006281461894131415
3478,0.00006222869573372733
3480,0.00006165097113500602
3482,0.00006108129260723215
3484,0.00006051951114736862
3486,0.00005996548118934941
3488,0.00005941906050932011
3490,0.000058880110133913306
3492,0.0000583484942514486
3494,0.00005782408012595078
3496,0.00005730673801388476
3498,0.000056796341083509265
3500,0.000056292765336755866
3502,0.00005579588953354322
3504,0.00005530559511844015
3506,0.00005482176614959463
3508,0.000054344289229849116
3510,0.00005387305343996543
3512,0.00005340795027388601
3514,0.000052948873575960554
3516,0.00005249571948007041
3518,0.000052048386350585104
3520,0.00005160677472508863
3522,0.00005117078725881477
3524,0.00005074032867073369
3526,0.00005031530569123375
3528,0.00004989562701134485
3530,0.00004948120323345176
3532,0.00004907194682344738
3534,0.00004866777206427837
3536,0.00004826859501083669
3538,0.00004787433344615301
3540,0.00004748490683884887
3542,0.000047100236301806694
3544,0.00004672024455201776
3546,0.00004634485587157012
3548,0.000045973996069739285
3550,0.000045607592446146726
3552,0.00004524557375495124
3554,0.00004488787017004093
3556,0.00004453441325119333
3558,0.000044185135911173535
3560,0.000043839972383740366
3562,0.00004349885819253214
3564,0.000043161730120804665
3566,0.00004282852618199466
3568,0.00004249918559108299
3570,0.00004217364873673317
3572,0.000041851857154180956
3574,0.000041533753498852136
3576,0.0000412192815206863
3578,0.00004090838603914485
3580,0.00004060101291888264
3582,0.000040297109046063246
3584,0.00003999662230529825
3586,0.000039699501557192026
3588,0.00003940569661647379
3590,0.00003911515823069945
3592,0.00003882783805950645
3594,0.00003854368865440497
3596,0.000038262663439090124
3598,0.00003798471669025942
3600,0.000037709803518920936
3602,0.00003743787985217797
3604,0.00003716890241547609
3606,0.00003690282871529951
3608,0.00003663961702230354
3610,0.00003637922635487085
3612,0.000036121616463079235
3614,0.000035866747813069225
3616,0.00003561458157180019
3618,0.00003536507959218392
3620,0.00003511820439858498
3622,0.00003487391917267768
3624,0.000034632187739649445
3626,0.000034392974554741186
3628,0.000034156244690115015
3630,0.000033921963822040444
3632,0.00003369009821839019
3634,0.00003346061472643704
3636,0.000033233480760943546
3638,0.00003300866429253656
3640,0.00003278613383635877
3642,0.000032565858440989934
3644,0.00003234780767763005
3646,0.00003213195162953802
3648,0.00003191826088171843
3650,0.000031706706510850025
3652,0.000031497260075449376
3654,0.00003128989360626358
3656,0.000031084579596885686
3658,0.0000308812909945872
3660,0.00003068000119136186
3662,0.000030480684015175036
3664,0.000030283313721413568
3666,0.00003008786498453061
3668,0.000029894312889880616
3670,0.000029702632925739286
3672,0.000029512800975503972
3674,0.000029324793310069666
3676,0.000029138586580376212
3678,0.000028954157810122298
3680,0.000028771484388641925
3682,0.000028590544063939373
3684,0.000028411314935878476
3686,0.00002823377544952243
3688,0.00002805790438862028
3690,0.00002788368086923641
3692,0.0000277110843335195
3694,0.000027540094543607413
3696,0.00002737069157566467
3698,0.000027202855814049217
3700,0.000027036567945605262
3702,0.000026871808954079143
3704,0.000026708560114655106
3706,0.000026546802988608186
3708,0.000026386519418071157
3710,0.000026227691520912952
3712,0.000026070301685725788
3714,0.00002591433256691828
3716,0.000025759767079912073
3718,0.00002560658839643956
3720,0.00002545477993994011
3722,0.000025304325381052546
3724,0.00002515520863320161
3726,0.0000250074138482761
3728,0.000024860925412396536
3730,0.000024715727941770304
3732,0.000024571806278632102
3734,0.000024429145487267767
3736,0.000024287730850119542
3738,0.000024147547863970822
3740,0.000024008582236208537
3742,0.000023870819881161464
3744,0.000023734246916512563
3746,0.000023598849659783733
3748,0.00002346461462489134
3750,0.000023331528518770755
3752,0.000023199578238068507
3754,0.000023068750865900357
3756,0.0000229390336686739
3758,0.000022810414092974144
3760,0.000022682879762510733
3762,0.000022556418475125333
3764,0.000022431018199857887
3766,0.000022306667074070413
3768,0.000022183353400627048
3770,0.000022061065645129063
3772,0.000021939792433203675
3774,0.000021819522547845413
3776,0.000021700244926808922
3778,0.000021581948660052032
3780,0.00002146462298722801
3782,0.00002134825729522591
3784,0.000021232841115757962
3786,0.00002111836412299298
3788,0.000021004816131234826
3790,0.00002089218709264483
3792,0.000020780467095007388
3794,0.000020669646359537716
3796,0.000020559715238730737
3798,0.00002045066421425053
3800,0.000020342483894859095
3802,0.000020235165014383917
3804,0.000020128698429723284
3806,0.00002002307511888868
3808,0.00001991828617908341
3810,0.00001981432282481673
3812,0.000019711176386052697
3814,0.000019608838306393015
3816,0.00001950730014129323
3818,0.000019406553556311463
3820,0.000019306590325389087
3822,0.00001920740232916269
3824,0.0000191089815533066
3826,0.000019011320086905404
3828,0.00001891441012085585
3830,0.000018818243946297456
3832,0.000018722813953071337
3834,0.000018628112628206558
3836,0.000018534132554433564
3838,0.000018440866408724072
3840,0.000018348306960856874
3842,0.000018256447072009085
3844,0.00001816527969337225
3846,0.000018074797864792904
3848,0.000017984994713436968
3850,0.00001789586345247764
3852,0.00001780739737980618
3854,0.000017719589876765236
3856,0.000017632434406904223
3858,0.00001754592451475627
3860,0.000017460053824636417
3862,0.00001737481603946053
3864,0.00001729020493958458
3866,0.000017206214381663928
3868,0.000017122838297532095
3870,0.000017040070693098788
3872,0.000016957905647266684
3874,0.0000168763373108667
3876,0.000016795359905611306
3878,0.000016714967723065625
3880,0.000016635155123635843
3882,0.00001655591653557477
3884,0.00001647724645400408
3886,0.000016399139439952918
3888,0.000016321590119412715
3890,0.00001624459318240767
3892,0.000016168143382080767
3894,0.000016092235533795024
3896,0.000016016864514249566
3898,0.000015942025260610384
3900,0.00001586771276965538
3902,0.00001579392209693356
3904,0.000015720648355937974
3906,0.000015647886717292245
3908,0.000015575632407950378
3910,0.000015503880710409644
3912,0.00001543262696193623
3914,0.000015361866553803507
3916,0.000015291594930542608
3918,0.000015221807589205122
3920,0.000015152500078637672
3922,0.000015083667998768175
3924,0.000015015306999903526
3926,0.000014947412782038566
3928,0.000014879981094176053
3930,0.000014813007733657497
3932,0.000014746488545504614
3934,0.000014680419421771253
3936,0.000014614796300905548
3938,0.000014549615167122185
3940,0.000014484872049784517
3942,0.000014420563022796432
3944,0.000014356684204003742
3946,0.000014293231754604926
3948,0.000014230201878571117
3950,0.000014167590822075081
3952,0.000014105394872929115
3954,0.000014043610360031623
3956,0.00001398223365282229
3958,0.000013921261160745667
3960,0.000013860689332723001
3962,0.000013800514656632207
3964,0.000013740733658795798
3966,0.000013681342903476704
3968,0.000013622338992381703
3970,0.00001356371856417252
3972,0.000013505478293984271
3974,0.000013447614892951304
3976,0.000013390125107740129
3978,0.000013333005720089483
3980,0.000013276253546357281
3982,0.000013219865437074403
3984,0.000013163838276505162
3986,0.000013108168982214391
3988,0.000013052854504640964
3990,0.000012997891826677694
3992,0.000012943277963257486
3994,0.000012889009960945632
3996,0.000012835084897538164
3998,0.000012781499881666095
4000,0.000012728252052405585
