500,1.7731273320262992e-6
502,1.7972537707808106e-6
504,1.8219216872796294e-6
506,1.8471471534317275e-6
508,1.8729468372876078e-6
510,1.8993380295276979e-6
512,1.9263386713206696e-6
514,1.953967383632392e-6
516,1.9822434980715517e-6
518,2.0111870893636964e-6
520,2.040819009551575e-6
522,2.0711609240262604e-6
524,2.1022353495005763e-6
526,2.1340656940439994e-6
528,2.1666762993063465e-6
530,2.200092485066367e-6
532,2.2343405962508236e-6
534,2.2694480525798314e-6
536,2.3054434010051946e-6
538,2.342356371120306e-6
540,2.380217933732936e-6
542,2.4190603628059576e-6
544,2.4589173009859196e-6
546,2.4998238289553683e-6
548,2.5418165388621364e-6
550,2.584933612097476e-6
552,2.629214901715149e-6
554,2.6747020198053918e-6
556,2.721438430161343e-6
558,2.769469546601092e-6
560,2.8188428373361906e-6
562,2.869607935807538e-6
564,2.9218167584420285e-6
566,2.975523629818668e-6
568,3.0307854157711273e-6
570,3.087661664995239e-6
572,3.1462147597750583e-6
574,3.206510076490088e-6
576,3.2686161566195285e-6
578,3.3326048890172904e-6
580,3.398551704294457e-6
582,3.466535782214388e-6
584,3.5366402730801924e-6
586,3.608952534175493e-6
588,3.6835643824077713e-6
590,3.7605723643999433e-6
592,3.840078045380761e-6
594,3.922188318339083e-6
596,4.007015735031816e-6
598,4.094678860571434e-6
600,4.185302653467391e-6
602,4.279018873157716e-6
604,4.375966517243709e-6
606,4.476292290833452e-6
608,4.580151110610146e-6
610,4.6877066464706935e-6
612,4.799131903830172e-6
614,4.9146098499607064e-6
616,5.0343340880306e-6
618,5.158509582833595e-6
620,5.287353442550832e-6
622,5.421095761271789e-6
624,5.559980527417493e-6
626,5.704266603661892e-6
628,5.854228784437887e-6
630,6.010158937645317e-6
632,6.172367237751183e-6
634,6.341183498089582e-6
636,6.516958610831138e-6
638,6.700066103800345e-6
640,6.890903824073311e-6
642,7.089895759086916e-6
644,7.2974940068296845e-6
646,7.514180907559336e-6
648,7.740471350393353e-6
650,7.976915269034304e-6
652,8.224100341803344e-6
654,8.48265491203874e-6
656,8.753251145738374e-6
658,9.036608444041725e-6
660,9.333497128699634e-6
662,9.64474241899302e-6
664,9.971228718535603e-6
666,0.000010313904229903069
668,0.000010673785913907479
670,0.000011051964808371536
672,0.00001144961171818507
674,0.000011867983283906173
676,0.00001230842842977309
678,0.000012772395183178942
680,0.000013261437845750484
682,0.000013777224480314745
684,0.000014321544657173955
686,0.000014896317375926593
688,0.000015503599043948673
690,0.000016145591347595747
692,0.000016824648794779423
694,0.0000175432856348866
696,0.00001830418177054905
698,0.000019110187161414532
700,0.00001996432407804537
702,0.00002086978638897501
704,0.000021829934849874132
706,0.000022848287104547387
708,0.000023928500797164495
710,0.00002507434782884083
712,0.000026289677366903607
714,0.000027578364733746805
716,0.000028944242773216924
718,0.000030391011736533096
720,0.00003192212318444984
722,0.000033540632929764135
724,0.00003524901773990036
726,0.000037048950522593837
728,0.00003894102922231645
730,0.00004092445591683389
732,0.00004299666494078177
734,0.000045152902644306025
736,0.00004738576699881453
738,0.00004968472300426055
740,0.00005203561986075053
742,0.00005442024790118384
744,0.00005681598650530094
746,0.00005919560696142854
748,0.000061527303846592
750,0.00006377503133536241
752,0.00006589921273939264
754,0.00006785786867638306
756,0.00006960816946327157
758,0.00007110836193046781
760,0.0000723199559600714
762,0.00007320999283273269
764,0.00007375317061509312
766,0.00007393358595793622
768,0.0000737458765316315
770,0.00007319561439060781
772,0.00007229889730711509
774,0.0000710811930798024
776,0.00006957558814152459
778,0.00006782065712547964
780,0.00006585819407995113
782,0.00006373102944628012
784,0.00006148110960015641
786,0.00005914795237349176
788,0.000056767527172997056
790,0.00005437155317369877
792,0.00005198716958909703
794,0.0000496369094301439
796,0.000047338900307537024
798,0.00004510721884094763
800,0.000042952334935369144
802,0.00004088159496179123
804,0.000038899706092873374
806,0.00003700919604472114
808,0.00003521083244125884
810,0.00003350399371673293
812,0.00003188698903734814
814,0.000030357328472689418
816,0.00002891194696095476
818,0.00002754738685633464
820,0.000026259944339606774
822,0.000025045784968721905
824,0.000023901033337379546
826,0.000022821841334802533
828,0.00002180443895392348
830,0.00002084517103948769
832,0.000019940522839383454
834,0.000019087136742114036
836,0.000018281822159675857
838,0.00001752156014993351
840,0.000016803504063301808
842,0.000016124977240244188
844,0.000015483468572828315
846,0.000014876626569177272
848,0.000014302252418212462
850,0.000013758292438213142
852,0.00001324283020165599
854,0.000012754078556438686
856,0.000012290371706449123
858,0.000011850157469601278
860,0.000011431989796505966
862,0.0000110345216058982
864,0.000010656497972187714
866,0.00001029674968472724
868,9.954187186549498e-6
870,9.627794891562367e-6
872,9.316625872836393e-6
874,9.019796910130463e-6
876,8.736483881753665e-6
878,8.46591748391554e-6
880,8.20737925960753e-6
882,7.960197918576019e-6
884,7.723745929929031e-6
886,7.497436369236941e-6
888,7.280720002544208e-6
890,7.073082590428179e-6
892,6.8740423960647495e-6
894,6.6831478821448285e-6
896,6.4999755823976085e-6
898,6.324128134391855e-6
900,6.155232461187446e-6
902,5.9929380902833695e-6
904,5.8369155991470436e-6
906,5.686855177407368e-6
908,5.542465296547294e-6
910,5.403471478639262e-6
912,5.269615156328441e-6
914,5.1406526168849e-6
916,5.016354023718079e-6
918,4.896502509276926e-6
920,4.780893333748846e-6
922,4.669333104422603e-6
924,4.561639050996558e-6
926,4.457638352496808e-6
928,4.357167511821853e-6
930,4.260071774253897e-6
932,4.166204586573819e-6
934,4.075427093689148e-6
936,3.987607669934289e-6
938,3.902621482431177e-6
940,3.820350084108587e-6
942,3.7406810341706607e-6
944,3.6635075439817113e-6
946,3.5887281464958885e-6
948,3.516246387508616e-6
950,3.4459705371424543e-6
952,3.377813320104689e-6
954,3.3116916633681264e-6
956,3.2475264600314123e-6
958,3.1852423482113634e-6
960,3.1247675039079927e-6
962,3.0660334468640383e-6
964,3.008974858515156e-6
966,2.9535294111953654e-6
968,2.8996376078251667e-6
970,2.847242631367556e-6
972,2.7962902033902988e-6
974,2.7467284511217634e-6
976,2.6985077824326464e-6
978,2.6515807682173654e-6
980,2.605902031687163e-6
982,2.561428144122135e-6
984,2.5181175266619227e-6
986,2.4759303577447543e-6
988,2.4348284858321915e-6
990,2.3947753470824895e-6
992,2.355735887659059e-6
994,2.317676490382349e-6
996,2.2805649054536364e-6
998,2.2443701849978462e-6
1000,2.2090626211898366e-6
1002,2.174613687744517e-6
1004,2.1409959845660405e-6
1006,2.1081831853649965e-6
1008,2.0761499880652723e-6
1010,2.0448720678340607e-6
1012,2.014326032579464e-6
1014,1.984489380770273e-6
1016,1.9553404614420083e-6
1018,1.9268584362620463e-6
1020,1.8990232435348423e-6
1022,1.8718155640358385e-6
1024,1.8452167885697333e-6
1026,1.819208987155334e-6
1028,1.7937748797453707e-6
1030,1.7688978083953372e-6
1032,1.7445617108007413e-6
1034,1.7207510951271312e-6
1036,1.6974510160618485e-6
1038,1.674647052020828e-6
1040,1.6523252834477448e-6
1042,1.630472272146617e-6
1044,1.6090750415924533e-6
1046,1.588121058167856e-6
1048,1.5675982132765385e-6
1050,1.547494806287611e-6
1052,1.5277995282671643e-6
1054,1.50850144645622e-6
1056,1.4895899894564564e-6
1058,1.4710549330873476e-6
1060,1.4528863868804093e-6
1062,1.4350747811782085e-6
1064,1.4176108548075953e-6
1066,1.4004856432983401e-6
1068,1.3836904676199614e-6
1070,1.3672169234110305e-6
1072,1.3510568706766678e-6
1074,1.3352024239312614e-6
1076,1.3196459427646986e-6
1078,1.3043800228115754e-6
1080,1.2893974871039557e-6
1082,1.2746913777892822e-6
1084,1.2602549481960433e-6
1086,1.2460816552306954e-6
1088,1.232165152090229e-6
1090,1.2184992812755795e-6
1092,1.2050780678918493e-6
1094,1.1918957132220397e-6
1096,1.1789465885616858e-6
1098,1.1662252293024135e-6
1100,1.153726329253069e-6
1102,1.1414447351876372e-6
1104,1.1293754416097116e-6
1106,1.1175135857237915e-6
1108,1.1058544426041712e-6
1110,1.0943934205526421e-6
1112,1.0831260566366638e-6
1114,1.0720480124000661e-6
1116,1.0611550697387458e-6
1118,1.0504431269341703e-6
1120,1.0399081948378613e-6
1122,1.0295463932003594e-6
1124,1.019353947138475e-6
1126,1.0093271837349367e-6
1128,9.99462528764818e-7
1130,9.897565035433955e-7
1132,9.802057218903382e-7
1134,9.70806887205374e-7
1136,9.615567896507912e-7
1138,9.524523034363657e-7
1140,9.434903842024911e-7
1142,9.346680664974933e-7
1144,9.259824613452936e-7
1146,9.174307538997503e-7
1148,9.090102011821857e-7
1150,9.007181298987561e-7
1152,8.925519343344724e-7
1154,8.845090743208227e-7
1156,8.765870732740842e-7
1158,8.687835163015378e-7
1160,8.61096048372921e-7
1162,8.53522372554578e-7
1164,8.460602483038644e-7
1166,8.387074898214825e-7
1168,8.314619644595138e-7
1170,8.243215911830159e-7
1172,8.172843390831424e-7
1174,8.103482259398288e-7
1176,8.035113168321705e-7
1178,7.967717227947019e-7
1180,7.901275995178551e-7
1182,7.835771460909526e-7
1184,7.771186037861565e-7
1186,7.707502548818585e-7
1188,7.644704215240627e-7
1190,7.582774646243698e-7
1192,7.521697827932276e-7
1194,7.46145811307167e-7
1196,7.402040211087993e-7
1198,7.343429178383906e-7
1200,7.285610408958878e-7
1202,7.228569625323059e-7
1204,7.172292869694368e-7
1206,7.116766495468756e-7
1208,7.061977158954059e-7
1210,7.007911811358171e-7
1212,6.954557691022666e-7
1214,6.901902315893355e-7
1216,6.849933476219542e-7
1218,6.798639227474145e-7
1220,6.748007883487043e-7
1222,6.698028009784412e-7
1224,6.648688417126997e-7
1226,6.599978155240612e-7
1228,6.551886506732345e-7
1230,6.504402981186251e-7
1232,6.457517309432502e-7
1234,6.411219437984236e-7
1236,6.365499523636489e-7
1238,6.320347928221903e-7
1240,6.275755213518004e-7
1242,6.231712136301099e-7
1244,6.188209643541984e-7
1246,6.145238867738857e-7
1248,6.102791122382983e-7
1250,6.060857897552828e-7
1252,6.019430855632516e-7
1254,5.978501827150646e-7
1256,5.938062806735602e-7
1258,5.898105949183676e-7
1260,5.858623565636413e-7
1262,5.81960811986374e-7
1264,5.781052224649562e-7
1266,5.742948638276591e-7
1268,5.705290261107343e-7
1270,5.6680701322583e-7
1272,5.631281426364347e-7
1274,5.594917450430719e-7
1276,5.558971640769754e-7
1278,5.523437560019857e-7
1280,5.488308894244175e-7
1282,5.453579450106571e-7
1284,5.41924315212252e-7
1286,5.385294039982725e-7
1288,5.351726265947205e-7
1290,5.318534092307801e-7
1292,5.285711888917026e-7
1294,5.253254130781298e-7
1296,5.221155395716652e-7
1298,5.189410362065081e-7
1300,5.158013806469734e-7
1302,5.126960601707239e-7
1304,5.096245714575481e-7
1306,5.06586420383524e-7
1308,5.035811218204107e-7
1310,5.006081994401176e-7
1312,4.976671855241065e-7
1314,4.947576207775827e-7
1316,4.918790541483408e-7
1318,4.8903104265013e-7
1320,4.862131511904136e-7
1322,4.834249524023962e-7
1324,4.806660264811999e-7
1326,4.779359610240708e-7
1328,4.752343508745068e-7
1330,4.7256079797019315e-7
1332,4.699149111946431e-7
1334,4.672963062324392e-7
1336,4.647046054279768e-7
1338,4.621394376476133e-7
1340,4.596004381451293e-7
1342,4.5708724843041163e-7
1344,4.5459951614127064e-7
1346,4.521368949183058e-7
1348,4.4969904428273884e-7
1350,4.4728562951713246e-7
1352,4.448963215489185e-7
1354,4.4253079683665977e-7
1356,4.401887372589723e-7
1358,4.3786983000603845e-7
1360,4.355737674736405e-7
1362,4.33300247159649e-7
1364,4.3104897156290163e-7
1366,4.288196480844086e-7
1368,4.2661198893082514e-7
1370,4.2442571102013016e-7
1372,4.2226053588945586e-7
1374,4.201161896050104e-7
1376,4.1799240267404074e-7
1378,4.158889099587835e-7
1380,4.13805450592351e-7
1382,4.117417678965053e-7
1384,4.0969760930126985e-7
1386,4.0767272626633393e-7
1388,4.05666874204202e-7
1390,4.036798124050476e-7
1392,4.0171130396322456e-7
1394,3.997611157053968e-7
1396,3.9782901812024543e-7
1398,3.95914785289713e-7
1400,3.9401819482174826e-7
1402,3.921390277845121e-7
1404,3.902770686420106e-7
1406,3.884321051911182e-7
1408,3.8660392849995833e-7
1410,3.8479233284760743e-7
1412,3.8299711566508926e-7
1414,3.8121807747763027e-7
1416,3.79455021848143e-7
1418,3.777077553219096e-7
1420,3.759760873724346e-7
1422,3.742598303484412e-7
1424,3.7255879942198105e-7
1426,3.708728125376334e-7
1428,3.6920169036276514e-7
1430,3.675452562388286e-7
1432,3.6590333613367074e-7
1434,3.6427575859483163e-7
1436,3.626623547038072e-7
1438,3.6106295803125437e-7
1440,3.5947740459311676e-7
1442,3.579055328076487e-7
1444,3.56347183453317e-7
1446,3.5480219962756026e-7
1448,3.532704267063857e-7
1450,3.5175171230478355e-7
1452,3.502459062379413e-7
1454,3.4875286048323864e-7
1456,3.472724291430049e-7
1458,3.4580446840802296e-7
1460,3.44348836521761e-7
1462,3.429053937453162e-7
1464,3.4147400232305494e-7
1466,3.400545264489324e-7
1468,3.386468322334778e-7
1470,3.372507876714281e-7
1472,3.3586626260999924e-7
1474,3.34493128717776e-7
1476,3.3313125945421097e-7
1478,3.3178053003971657e-7
1480,3.304408174263375e-7
1482,3.291120002689916e-7
1484,3.277939588972651e-7
1486,3.26486575287752e-7
1488,3.251897330369238e-7
1490,3.2390331733451867e-7
1492,3.2262721493743966e-7
1494,3.213613141441495e-7
1496,3.201055047695515e-7
1498,3.1885967812034706e-7
1500,3.176237269708581e-7
1502,3.1639754553930576e-7
1504,3.1518102946453385e-7
1506,3.139740757831699e-7
1508,3.127765829072118e-7
1510,3.1158845060203347e-7
1512,3.1040957996479874e-7
1514,3.092398734032761e-7
1516,3.0807923461504456e-7
1518,3.069275685670842e-7
1520,3.0578478147574125e-7
1522,3.0465078078706173e-7
1524,3.0352547515748425e-7
1526,3.02408774434886e-7
1528,3.013005896399736e-7
1530,3.002008329480122e-7
1532,2.9910941767088476e-7
1534,2.98026258239477e-7
1536,2.9695127018637845e-7
1538,2.9588437012889554e-7
1540,2.948254757523681e-7
1542,2.9377450579378607e-7
1544,2.927313800256966e-7
1546,2.916960192403988e-7
1548,2.9066834523441857e-7
1550,2.89648280793259e-7
1552,2.8863574967641865e-7
1554,2.876306766026756e-7
1556,2.8663298723562863e-7
1558,2.8564260816949303e-7
1560,2.8465946691514396e-7
1562,2.8368349188640375e-7
1564,2.827146123865675e-7
1566,2.817527585951631e-7
1568,2.807978615549396e-7
1570,2.7984985315908174e-7
1572,2.789086661386429e-7
1574,2.7797423405019607e-7
1576,2.770464912636947e-7
1578,2.7612537295054304e-7
1580,2.7521081507186824e-7
1582,2.7430275436699354e-7
1584,2.734011283421064e-7
1586,2.7250587525911867e-7
1588,2.7161693412471553e-7
1590,2.7073424467958844e-7
1592,2.698577473878493e-7
1594,2.6898738342662303e-7
1596,2.681230946758129e-7
1598,2.672648237080383e-7
1600,2.664125137787387e-7
1602,2.6556610881644376e-7
1604,2.647255534132029e-7
1606,2.6389079281517496e-7
1608,2.6306177291337156e-7
1610,2.6223844023455433e-7
1612,2.6142074193228073e-7
1614,2.6060862577809684e-7
1616,2.5980204015287417e-7
1618,2.590009340382881e-7
1620,2.582052570084342e-7
1622,2.5741495922158193e-7
1624,2.566299914120604e-7
1626,2.5585030488227677e-7
1628,2.5507585149486213e-7
1630,2.543065836649448e-7
1632,2.535424543525466e-7
1634,2.527834170551018e-7
1636,2.5202942580009524e-7
1638,2.5128043513781766e-7
1640,2.505364001342365e-7
1642,2.497972763639798e-7
1644,2.4906301990343134e-7
1646,2.483335873239344e-7
1648,2.4760893568510315e-7
1650,2.4688902252823924e-7
1652,2.461738058698512e-7
1654,2.45463244195276e-7
1656,2.447572964523997e-7
1658,2.440559220454762e-7
1660,2.433590808290424e-7
1662,2.4266673310192734e-7
1664,2.419788396013544e-7
1666,2.412953614971346e-7
1668,2.406162603859495e-7
1670,2.399414982857215e-7
1672,2.392710376300718e-7
1674,2.386048412628617e-7
1676,2.379428724328187e-7
1678,2.3728509478824348e-7
1680,2.366314723717983e-7
1682,2.3598196961537388e-7
1684,2.3533655133503462e-7
1686,2.3469518272603963e-7
1688,2.3405782935793943e-7
1690,2.334244571697462e-7
1692,2.3279503246517662e-7
1694,2.3216952190796622e-7
1696,2.3154789251725317e-7
1698,2.3093011166303206e-7
1700,2.3031614706167436e-7
1702,2.2970596677151608e-7
1704,2.2909953918851063e-7
1706,2.284968330419461e-7
1708,2.2789781739022587e-7
1710,2.273024616167112e-7
1712,2.267107354256251e-7
1714,2.2612260883801644e-7
1716,2.255380521877828e-7
1718,2.249570361177521e-7
1720,2.243795315758207e-7
1722,2.2380550981114777e-7
1724,2.232349423704059e-7
1726,2.2266780109408443e-7
1728,2.2210405811284812e-7
1730,2.2154368584394637e-7
1732,2.2098665698767617e-7
1734,2.204329445238944e-7
1736,2.1988252170858088e-7
1738,2.1933536207045055e-7
1740,2.1879143940761385e-7
1742,2.182507277842849e-7
1744,2.1771320152753675e-7
1746,2.1717883522410202e-7
1748,2.166476037172197e-7
1750,2.1611948210352588e-7
1752,2.1559444572998895e-7
1754,2.1507247019088736e-7
1756,2.1455353132483067e-7
1758,2.1403760521182147e-7
1760,2.135246681703593e-7
1762,2.1301469675458434e-7
1764,2.125076677514616e-7
1766,2.1200355817800366e-7
1768,2.1150234527853254e-7
1770,2.1100400652197923e-7
1772,2.1050851959922067e-7
1774,2.1001586242045339e-7
1776,2.095260131126038e-7
1778,2.0903895001677334e-7
1780,2.085546516857196e-7
1782,2.0807309688137102e-7
1784,2.075942645723765e-7
1786,2.0711813393168788e-7
1788,2.0664468433417525e-7
1790,2.0617389535427534e-7
1792,2.0570574676367104e-7
1794,2.052402185290031e-7
1796,2.0477729080961206e-7
1798,2.043169439553111e-7
1800,2.0385915850418883e-7
1802,2.0340391518044147e-7
1804,2.0295119489223416e-7
1806,2.0250097872959098e-7
1808,2.02053247962313e-7
1810,2.0160798403792448e-7
1812,2.011651685796458e-7
1814,2.0072478338439406e-7
1816,2.002868104208093e-7
1818,1.9985123182730796e-7
1820,1.99418029910161e-7
1822,1.9898718714159804e-7
1824,1.9855868615793601e-7
1826,1.9813250975773313e-7
1828,1.9770864089996592e-7
1830,1.9728706270223126e-7
1832,1.9686775843897102e-7
1834,1.964507115397207e-7
1836,1.9603590558737992e-7
1838,1.9562332431650618e-7
1840,1.9521295161163023e-7
1842,1.9480477150559383e-7
1844,1.9439876817790797e-7
1846,1.939949259531335e-7
1848,1.935932292992817e-7
1850,1.9319366282623577e-7
1852,1.9279621128419247e-7
1854,1.9240085956212388e-7
1856,1.9200759268625848e-7
1858,1.9161639581858197e-7
1860,1.912272542553569e-7
1862,1.9084015342566122e-7
1864,1.904550788899456e-7
1866,1.9007201633860853e-7
1868,1.896909515905898e-7
1870,1.8931187059198159e-7
1872,1.8893475941465727e-7
1874,1.8855960425491698e-7
1876,1.8818639143215073e-7
1878,1.8781510738751785e-7
1880,1.8744573868264312e-7
1882,1.870782719983294e-7
1884,1.867126941332857e-7
1886,1.8634899200287167e-7
1888,1.859871526378574e-7
1890,1.856271631831987e-7
1892,1.8526901089682726e-7
1894,1.849126831484563e-7
1896,1.8455816741840032e-7
1898,1.8420545129640973e-7
1900,1.8385452248051993e-7
1902,1.8350536877591393e-7
1904,1.8315797809379972e-7
1906,1.8281233845030052e-7
1908,1.8246843796535925e-7
1910,1.8212626486165584e-7
1912,1.8178580746353806e-7
1914,1.814470541959651e-7
1916,1.8110999358346415e-7
1918,1.8077461424909935e-7
1920,1.8044090491345324e-7
1922,1.801088543936209e-7
1924,1.797784516022156e-7
1926,1.7944968554638665e-7
1928,1.791225453268491e-7
1930,1.787970201369251e-7
1932,1.7847309926159623e-7
1934,1.78150772076568e-7
1936,1.778300280473446e-7
1938,1.7751085672831529e-7
1940,1.7719324776185125e-7
1942,1.7687719087741332e-7
1944,1.765626758906703e-7
1946,1.7624969270262746e-7
1948,1.759382312987657e-7
1950,1.7562828174819037e-7
1952,1.753198342027905e-7
1954,1.7501287889640768e-7
1956,1.7470740614401473e-7
1958,1.744034063409039e-7
1960,1.7410086996188459e-7
1962,1.7379978756049068e-7
1964,1.7350014976819644e-7
1966,1.7320194729364225e-7
1968,1.7290517092186884e-7
1970,1.726098115135606e-7
1972,1.7231586000429744e-7
1974,1.7202330740381566e-7
1976,1.717321447952768e-7
1978,1.714423633345454e-7
1980,1.711539542494747e-7
1982,1.7086690883920073e-7
1984,1.7058121847344426e-7
1986,1.7029687459182123e-7
1988,1.7001386870316014e-7
1990,1.6973219238482828e-7
1992,1.6945183728206464e-7
1994,1.691727951073213e-7
1996,1.6889505763961133e-7
1998,1.6861861672386503e-7
2000,1.6834346427029253e-7
2002,1.680695922537545e-7
2004,1.6779699271313898e-7
2006,1.6752565775074601e-7
2008,1.6725557953167872e-7
2010,1.669867502832415e-7
2012,1.667191622943445e-7
2014,1.6645280791491544e-7
2016,1.661876795553172e-7
2018,1.6592376968577257e-7
2020,1.6566107083579508e-7
2022,1.6539957559362587e-7
2024,1.651392766056775e-7
2026,1.6488016657598333e-7
2028,1.6462223826565316e-7
2030,1.6436548449233482e-7
2032,1.6410989812968191e-7
2034,1.638554721068271e-7
2036,1.6360219940786134e-7
2038,1.6335007307131874e-7
2040,1.630990861896673e-7
2042,1.6284923190880478e-7
2044,1.626005034275604e-7
2046,1.6235289399720197e-7
2048,1.6210639692094808e-7
2050,1.6186100555348594e-7
2052,1.6161671330049418e-7
2054,1.6137351361817106e-7
2056,1.6113140001276744e-7
2058,1.608903660401253e-7
2060,1.606504053052205e-7
2062,1.604115114617113e-7
2064,1.6017367821149093e-7
2066,1.599368993042456e-7
2068,1.597011685370168e-7
2070,1.5946647975376866e-7
2072,1.5923282684495942e-7
2074,1.590002037471179e-7
2076,1.5876860444242456e-7
2078,1.5853802295829643e-7
2080,1.5830845336697696e-7
2082,1.5807988978513005e-7
2084,1.5785232637343845e-7
2086,1.576257573362062e-7
2088,1.574001769209655e-7
2090,1.5717557941808743e-7
2092,1.569519591603972e-7
2094,1.5672931052279296e-7
2096,1.56507627921869e-7
2098,1.5628690581554246e-7
2100,1.5606713870268455e-7
2102,1.558483211227548e-7
2104,1.5563044765544013e-7
2106,1.554135129202967e-7
2108,1.55197511576396e-7
2110,1.5498243832197467e-7
2112,1.5476828789408762e-7
2114,1.54555055068265e-7
2116,1.5434273465817256e-7
2118,1.5413132151527562e-7
2120,1.5392081052850644e-7
2122,1.5371119662393497e-7
2124,1.5350247476444305e-7
2126,1.5329463994940203e-7
2128,1.530876872143534e-7
2130,1.5288161163069305e-7
2132,1.5267640830535838e-7
2134,1.5247207238051898e-7
2136,1.5226859903327013e-7
2138,1.520659834753296e-7
2140,1.5186422095273746e-7
2142,1.5166330674555893e-7
2144,1.5146323616759028e-7
2146,1.5126400456606766e-7
2148,1.5106560732137887e-7
2150,1.5086803984677802e-7
2152,1.5067129758810313e-7
2154,1.5047537602349645e-7
2156,1.5028027066312766e-7
2158,1.5008597704891984e-7
2160,1.498924907542782e-7
2162,1.4969980738382142e-7
2164,1.4950792257311586e-7
2166,1.4931683198841207e-7
2168,1.4912653132638432e-7
2170,1.489370163138725e-7
2172,1.487482827076266e-7
2174,1.4856032629405367e-7
2176,1.4837314288896747e-7
2178,1.481867283373404e-7
2180,1.4800107851305783e-7
2182,1.4781618931867518e-7
2184,1.47632056685177e-7
2186,1.4744867657173859e-7
2188,1.472660449654901e-7
2190,1.4708415788128247e-7
2192,1.4690301136145634e-7
2194,1.4672260147561262e-7
2196,1.4654292432038553e-7
2198,1.463639760192179e-7
2200,1.4618575272213866e-7
2202,1.4600825060554224e-7
2204,1.4583146587197041e-7
2206,1.456553947498962e-7
2208,1.4548003349350958e-7
2210,1.4530537838250572e-7
2212,1.451314257218748e-7
2214,1.4495817184169418e-7
2216,1.4478561309692247e-7
2218,1.4461374586719543e-7
2220,1.444425665566241e-7
2222,1.4427207159359463e-7
2224,1.4410225743057015e-7
2226,1.4393312054389442e-7
2228,1.4376465743359753e-7
2230,1.4359686462320322e-7
2232,1.4342973865953827e-7
2234,1.4326327611254347e-7
2236,1.4309747357508658e-7
2238,1.4293232766277696e-7
2240,1.4276783501378192e-7
2242,1.4260399228864482e-7
2244,1.4244079617010505e-7
2246,1.4227824336291953e-7
2248,1.4211633059368574e-7
2250,1.419550546106669e-7
2252,1.4179441218361826e-7
2254,1.4163440010361532e-7
2256,1.4147501518288367e-7
2258,1.413162542546301e-7
2260,1.411581141728758e-7
2262,1.410005918122906e-7
2264,1.408436840680292e-7
2266,1.4068738785556841e-7
2268,1.405317001105465e-7
2270,1.4037661778860358e-7
2272,1.402221378652235e-7
2274,1.400682573355776e-7
2276,1.3991497321436938e-7
2278,1.397622825356809e-7
2280,1.396101823528206e-7
2282,1.3945866973817243e-7
2284,1.3930774178304636e-7
2286,1.3915739559753027e-7
2288,1.3900762831034323e-7
2290,1.3885843706869025e-7
2292,1.3870981903811795e-7
2294,1.3856177140237192e-7
2296,1.384142913632555e-7
2298,1.3826737614048917e-7
2300,1.3812102297157196e-7
2302,1.379752291116439e-7
2304,1.3782999183334927e-7
2306,1.3768530842670167e-7
2308,1.3754117619895028e-7
2310,1.373975924744467e-7
2312,1.3725455459451383e-7
2314,1.3711205991731523e-7
2316,1.369701058177261e-7
2318,1.3682868968720524e-7
2320,1.3668780893366825e-7
2322,1.3654746098136159e-7
2324,1.3640764327073821e-7
2326,1.3626835325833395e-7
2328,1.361295884166452e-7
2330,1.3599134623400744e-7
2332,1.3585362421447529e-7
2334,1.3571641987770304e-7
2336,1.3557973075882688e-7
2338,1.3544355440834762e-7
2340,1.3530788839201468e-7
2342,1.3517273029071128e-7
2344,1.3503807770034022e-7
2346,1.3490392823171124e-7
2348,1.347702795104286e-7
2350,1.3463712917678052e-7
2352,1.3450447488562893e-7
2354,1.343723143063004e-7
2356,1.3424064512247826e-7
2358,1.3410946503209518e-7
2360,1.339787717472272e-7
2362,1.338485629939882e-7
2364,1.3371883651242579e-7
2366,1.3358959005641762e-7
2368,1.3346082139356898e-7
2370,1.3333252830511112e-7
2372,1.3320470858580026e-7
2374,1.3307736004381797e-7
2376,1.3295048050067197e-7
2378,1.3282406779109789e-7
2380,1.3269811976296204e-7
2382,1.3257263427716477e-7
2384,1.3244760920754494e-7
2386,1.323230424407849e-7
2388,1.3219893187631664e-7
2390,1.3207527542622834e-7
2392,1.319520710151722e-7
2394,1.3182931658027246e-7
2396,1.3170701007103484e-7
2398,1.3158514944925636e-7
2400,1.3146373268893591e-7
2402,1.313427577761858e-7
2404,1.312222227091439e-7
2406,1.3110212549788674e-7
2408,1.309824641643429e-7
2410,1.3086323674220768e-7
2412,1.3074444127685813e-7
2414,1.3062607582526886e-7
2416,1.305081384559286e-7
2418,1.3039062724875768e-7
2420,1.3027354029502564e-7
2422,1.301568756972701e-7
2424,1.3004063156921615e-7
2426,1.2992480603569614e-7
2428,1.2980939723257056e-7
2430,1.2969440330664925e-7
2432,1.2957982241561354e-7
2434,1.2946565272793872e-7
2436,1.2935189242281752e-7
2438,1.2923853969008391e-7
2440,1.2912559273013778e-7
2442,1.2901304975387003e-7
2444,1.2890090898258843e-7
2446,1.2878916864794413e-7
2448,1.2867782699185852e-7
2450,1.2856688226645106e-7
2452,1.2845633273396735e-7
2454,1.283461766667082e-7
2456,1.2823641234695872e-7
2458,1.2812703806691865e-7
2460,1.2801805212863265e-7
2462,1.2790945284392175e-7
2464,1.2780123853431467e-7
2466,1.276934075309805e-7
2468,1.2758595817466118e-7
2470,1.2747888881560513e-7
2472,1.2737219781350094e-7
2474,1.2726588353741204e-7
2476,1.2715994436571152e-7
2478,1.2705437868601772e-7
2480,1.2694918489513027e-7
2482,1.268443613989666e-7
2484,1.2673990661249907e-7
2486,1.266358189596925e-7
2488,1.2653209687344234e-7
2490,1.2642873879551312e-7
2492,1.2632574317647766e-7
2494,1.2622310847565657e-7
2496,1.261208331610583e-7
2498,1.2601891570931978e-7
2500,1.259173546056473e-7
2502,1.2581614834375805e-7
2504,1.2571529542582212e-7
2506,1.2561479436240492e-7
2508,1.2551464367240993e-7
2510,1.2541484188302226e-7
2512,1.2531538752965222e-7
2514,1.2521627915587975e-7
2516,1.2511751531339894e-7
2518,1.2501909456196323e-7
2520,1.2492101546933096e-7
2522,1.2482327661121135e-7
2524,1.2472587657121088e-7
2526,1.2462881394078023e-7
2528,1.245320873191614e-7
2530,1.244356953133355e-7
2532,1.2433963653797076e-7
2534,1.2424390961537108e-7
2536,1.2414851317542483e-7
2538,1.2405344585555432e-7
2540,1.2395870630066535e-7
2542,1.2386429316309734e-7
2544,1.2377020510257387e-7
2546,1.2367644078615347e-7
2548,1.2358299888818096e-7
2550,1.2348987809023893e-7
2552,1.2339707708109998e-7
2554,1.233045945566789e-7
2556,1.2321242921998555e-7
2558,1.2312057978107784e-7
2560,1.2302904495701545e-7
2562,1.2293782347181342e-7
2564,1.228469140563965e-7
2566,1.2275631544855368e-7
2568,1.2266602639289304e-7
2570,1.2257604564079713e-7
2572,1.224863719503785e-7
2574,1.2239700408643547e-7
2576,1.223079408204087e-7
2578,1.222191809303377e-7
2580,1.2213072320081764e-7
2582,1.2204256642295684e-7
2584,1.2195470939433422e-7
2586,1.2186715091895727e-7
2588,1.2177988980722035e-7
2590,1.216929248758632e-7
2592,1.216062549479298e-7
2594,1.2151987885272768e-7
2596,1.214337954257873e-7
2598,1.2134800350882192e-7
2600,1.2126250194968776e-7
2602,1.2117728960234428e-7
2604,1.210923653268151e-7
2606,1.2100772798914883e-7
2608,1.2092337646138048e-7
2610,1.2083930962149306e-7
2612,1.207555263533795e-7
2614,1.206720255468047e-7
2616,1.2058880609736808e-7
2618,1.2050586690646644e-7
2620,1.2042320688125668e-7
2622,1.2034082493461944e-7
2624,1.2025871998512248e-7
2626,1.2017689095698458e-7
2628,1.2009533678003957e-7
2630,1.2001405638970093e-7
2632,1.1993304872692622e-7
2634,1.198523127381821e-7
2636,1.1977184737540945e-7
2638,1.1969165159598894e-7
2640,1.196117243627065e-7
2642,1.195320646437195e-7
2644,1.194526714125227e-7
2646,1.1937354364791501e-7
2648,1.192946803339658e-7
2650,1.1921608045998217e-7
2652,1.1913774302047597e-7
2654,1.190596670151313e-7
2656,1.1898185144877205e-7
2658,1.1890429533132996e-7
2660,1.188269976778127e-7
2662,1.1874995750827217e-7
2664,1.186731738477732e-7
2666,1.1859664572636233e-7
2668,1.1852037217903691e-7
2670,1.1844435224571432e-7
2672,1.1836858497120159e-7
2674,1.18293069405165e-7
2676,1.1821780460210013e-7
2678,1.18142789621302e-7
2680,1.1806802352683545e-7
2682,1.1799350538750578e-7
2684,1.1791923427682949e-7
2686,1.1784520927300539e-7
2688,1.1777142945888579e-7
2690,1.1769789392194795e-7
2692,1.1762460175426576e-7
2694,1.1755155205248151e-7
2696,1.1747874391777808e-7
2698,1.1740617645585106e-7
2700,1.1733384877688132e-7
2702,1.1726175999550761e-7
2704,1.171899092307994e-7
2706,1.1711829560622995e-7
2708,1.1704691824964956e-7
2710,1.1697577629325896e-7
2712,1.1690486887358298e-7
2714,1.1683419513144427e-7
2716,1.1676375421193743e-7
2718,1.1669354526440307e-7
2720,1.1662356744240223e-7
2722,1.165538199036909e-7
2724,1.1648430181019478e-7
2726,1.1641501232798414e-7
2728,1.1634595062724891e-7
2730,1.1627711588227399e-7
2732,1.1620850727141461e-7
2734,1.1614012397707202e-7
2736,1.1607196518566919e-7
2738,1.1600403008762678e-7
2740,1.1593631787733928e-7
2742,1.1586882775315127e-7
2744,1.1580155891733396e-7
2746,1.1573451057606166e-7
2748,1.1566768193938865e-7
2750,1.1560107222122619e-7
2752,1.1553468063931944e-7
2754,1.154685064152249e-7
2756,1.1540254877428774e-7
2758,1.1533680694561946e-7
2760,1.1527128016207553e-7
2762,1.1520596766023335e-7
2764,1.1514086868037028e-7
2766,1.1507598246644187e-7
2768,1.1501130826606012e-7
2770,1.1494684533047206e-7
2772,1.1488259291453839e-7
2774,1.1481855027671227e-7
2776,1.1475471667901822e-7
2778,1.1469109138703127e-7
2780,1.1462767366985617e-7
2782,1.1456446280010681e-7
2784,1.1450145805388553e-7
2786,1.1443865871076315e-7
2788,1.143760640537584e-7
2790,1.1431367336931807e-7
2792,1.1425148594729703e-7
2794,1.1418950108093844e-7
2796,1.1412771806685407e-7
2798,1.1406613620500482e-7
2800,1.1400475479868133e-7
2802,1.1394357315448464e-7
2804,1.1388259058230721e-7
2806,1.1382180639531387e-7
2808,1.1376121990992286e-7
2810,1.1370083044578725e-7
2812,1.1364063732577619e-7
2814,1.1358063987595652e-7
2816,1.1352083742557439e-7
2818,1.1346122930703703e-7
2820,1.1340181485589457e-7
2822,1.1334259341082218e-7
2824,1.1328356431360208e-7
2826,1.132247269091059e-7
2828,1.1316608054527695e-7
2830,1.1310762457311277e-7
2832,1.1304935834664778e-7
2834,1.1299128122293588e-7
2836,1.1293339256203339e-7
2838,1.1287569172698204e-7
2840,1.1281817808379186e-7
2842,1.1276085100142463e-7
2844,1.1270370985177694e-7
2846,1.126467540096637e-7
2848,1.1258998285280168e-7
2850,1.1253339576179308e-7
2852,1.1247699212010928e-7
2854,1.1242077131407472e-7
2856,1.1236473273285081e-7
2858,1.1230887576842e-7
2860,1.1225319981556999e-7
2862,1.121977042718779e-7
2864,1.1214238853769472e-7
2866,1.1208725201612979e-7
2868,1.1203229411303529e-7
2870,1.1197751423699105e-7
2872,1.1192291179928927e-7
2874,1.118684862139193e-7
2876,1.118142368975528e-7
2878,1.117601632695287e-7
2880,1.1170626475183845e-7
2882,1.1165254076911116e-7
2884,1.1159899074859915e-7
2886,1.1154561412016334e-7
2888,1.1149241031625872e-7
2890,1.1143937877192015e-7
2892,1.1138651892474801e-7
2894,1.1133383021489413e-7
2896,1.1128131208504758e-7
2898,1.1122896398042083e-7
2900,1.1117678534873592e-7
2902,1.1112477564021041e-7
2904,1.1107293430754389e-7
2906,1.1102126080590432e-7
2908,1.1096975459291454e-7
2910,1.1091841512863868e-7
2912,1.1086724187556895e-7
2914,1.108162342986124e-7
2916,1.1076539186507753e-7
2918,1.1071471404466148e-7
2920,1.1066420030943674e-7
2922,1.1061385013383843e-7
2924,1.1056366299465136e-7
2926,1.105136383709973e-7
2928,1.104637757443223e-7
2930,1.1041407459838393e-7
2932,1.1036453441923909e-7
2934,1.1031515469523124e-7
2936,1.1026593491697834e-7
2938,1.1021687457736022e-7
2940,1.1016797317150671e-7
2942,1.1011923019678534e-7
2944,1.100706451527893e-7
2946,1.1002221754132552e-7
2948,1.0997394686640276e-7
2950,1.0992583263421973e-7
2952,1.0987787435315347e-7
2954,1.0983007153374753e-7
2956,1.0978242368870052e-7
2958,1.0973493033285442e-7
2960,1.0968759098318335e-7
2962,1.0964040515878193e-7
2964,1.0959337238085425e-7
2966,1.0954649217270236e-7
2968,1.0949976405971532e-7
2970,1.0945318756935802e-7
2972,1.0940676223116015e-7
2974,1.093604875767052e-7
2976,1.0931436313961969e-7
2978,1.0926838845556232e-7
2980,1.0922256306221309e-7
2982,1.0917688649926279e-7
2984,1.0913135830840226e-7
2986,1.0908597803331189e-7
2988,1.0904074521965119e-7
2990,1.089956594150482e-7
2992,1.0895072016908935e-7
2994,1.0890592703330901e-7
2996,1.0886127956117928e-7
2998,1.0881677730810002e-7
3000,1.0877241983138833e-7
3002,1.0872820669026905e-7
3004,1.0868413744586433e-7
3006,1.0864021166118394e-7
3008,1.085964289011154e-7
3010,1.0855278873241411e-7
3012,1.0850929072369378e-7
3014,1.0846593444541647e-7
3016,1.0842271946988331e-7
3018,1.0837964537122473e-7
3020,1.08336711725391e-7
3022,1.082939181101429e-7
3024,1.0825126410504213e-7
3026,1.0820874929144231e-7
3028,1.0816637325247931e-7
3030,1.0812413557306245e-7
3032,1.0808203583986506e-7
3034,1.0804007364131552e-7
3036,1.0799824856758812e-7
3038,1.0795656021059423e-7
3040,1.0791500816397323e-7
3042,1.078735920230837e-7
3044,1.078323113849946e-7
3046,1.0779116584847642e-7
3048,1.0775015501399259e-7
3050,1.0770927848369073e-7
3052,1.0766853586139409e-7
3054,1.0762792675259297e-7
3056,1.075874507644362e-7
3058,1.0754710750572267e-7
3060,1.07506896586893e-7
3062,1.0746681762002117e-7
3064,1.074268702188061e-7
3066,1.0738705399856358e-7
3068,1.0734736857621792e-7
3070,1.0730781357029386e-7
3072,1.072683886009085e-7
3074,1.072290932897631e-7
3076,1.071899272601353e-7
3078,1.0715089013687089e-7
3080,1.071119815463762e-7
3082,1.0707320111660995e-7
3084,1.0703454847707559e-7
3086,1.069960232588135e-7
3088,1.0695762509439329e-7
3090,1.0691935361790597e-7
3092,1.0688120846495662e-7
3094,1.0684318927265646e-7
3096,1.0680529567961553e-7
3098,1.0676752732593513e-7
3100,1.0672988385320034e-7
3102,1.0669236490447259e-7
3104,1.0665497012428245e-7
3106,1.0661769915862206e-7
3108,1.0658055165493806e-7
3110,1.0654352726212428e-7
3112,1.065066256305145e-7
3114,1.0646984641187533e-7
3116,1.0643318925939912e-7
3118,1.0639665382769697e-7
3120,1.063602397727915e-7
3122,1.0632394675211002e-7
3124,1.0628777442447756e-7
3126,1.0625172245010992e-7
3128,1.0621579049060692e-7
3130,1.061799782089454e-7
3132,1.0614428526947258e-7
3134,1.0610871133789931e-7
3136,1.0607325608129321e-7
3138,1.0603791916807226e-7
3140,1.0600270026799798e-7
3142,1.0596759905216888e-7
3144,1.0593261519301393e-7
3146,1.058977483642861e-7
3148,1.058629982410558e-7
3150,1.0582836449970442e-7
3152,1.0579384681791813e-7
3154,1.0575944487468125e-7
3156,1.0572515835027009e-7
3158,1.0569098692624669e-7
3160,1.056569302854524e-7
3162,1.0562298811200184e-7
3164,1.0558916009127666e-7
3166,1.0555544590991929e-7
3168,1.0552184525582701e-7
3170,1.0548835781814577e-7
3172,1.0545498328726417e-7
3174,1.0542172135480741e-7
3176,1.0538857171363146e-7
3178,1.0535553405781694e-7
3180,1.0532260808266337e-7
3182,1.0528979348468315e-7
3184,1.0525708996159592e-7
3186,1.0522449721232262e-7
3188,1.0519201493697972e-7
3190,1.0515964283687354e-7
3192,1.0512738061449452e-7
3194,1.0509522797351165e-7
3196,1.0506318461876653e-7
3198,1.0503125025626819e-7
3200,1.0499942459318711e-7
3202,1.0496770733785006e-7
3204,1.0493609819973425e-7
3206,1.04904596889462e-7
3208,1.0487320311879536e-7
3210,1.0484191660063055e-7
3212,1.0481073704899269e-7
3214,1.0477966417903033e-7
3216,1.0474869770701023e-7
3218,1.0471783735031201e-7
3220,1.0468708282742286e-7
3222,1.0465643385793239e-7
3224,1.0462589016252728e-7
3226,1.0459545146298624e-7
3228,1.045651174821748e-7
3230,1.0453488794404018e-7
3232,1.0450476257360622e-7
3234,1.0447474109696829e-7
3236,1.0444482324128827e-7
3238,1.0441500873478957e-7
3240,1.0438529730675207e-7
3242,1.0435568868750728e-7
3244,1.043261826084333e-7
3246,1.0429677880195005e-7
3248,1.0426747700151424e-7
3250,1.042382769416147e-7
3252,1.0420917835776742e-7
3254,1.0418018098651085e-7
3256,1.0415128456540109e-7
3258,1.0412248883300717e-7
3260,1.0409379352890643e-7
3262,1.040651983936796e-7
3264,1.0403670316890639e-7
3266,1.0400830759716073e-7
3268,1.0398001142200621e-7
3270,1.0395181438799145e-7
3272,1.0392371624064562e-7
3274,1.0389571672647379e-7
3276,1.0386781559295253e-7
3278,1.0384001258852544e-7
3280,1.0381230746259859e-7
3282,1.0378469996553616e-7
3284,1.0375718984865604e-7
3286,1.0372977686422536e-7
3288,1.0370246076545627e-7
3290,1.0367524130650149e-7
3292,1.0364811824245006e-7
3294,1.0362109132932293e-7
3296,1.0359416032406892e-7
3298,1.0356732498456025e-7
3300,1.0354058506958849e-7
3302,1.0351394033886022e-7
3304,1.0348739055299294e-7
3306,1.0346093547351097e-7
3308,1.034345748628412e-7
3310,1.0340830848430906e-7
3312,1.033821361021344e-7
3314,1.0335605748142743e-7
3316,1.0333007238818477e-7
3318,1.033041805892853e-7
3320,1.032783818524862e-7
3322,1.0325267594641905e-7
3324,1.0322706264058581e-7
3326,1.032015417053549e-7
3328,1.0317611291195727e-7
3330,1.0315077603248253e-7
3332,1.0312553083987513e-7
3334,1.0310037710793043e-7
3336,1.0307531461129084e-7
3338,1.0305034312544223e-7
3340,1.0302546242670986e-7
3342,1.0300067229225483e-7
3344,1.0297597250007016e-7
3346,1.0295136282897727e-7
3348,1.0292684305862206e-7
3350,1.0290241296947134e-7
3352,1.0287807234280915e-7
3354,1.0285382096073316e-7
3356,1.0282965860615093e-7
3358,1.0280558506277634e-7
3360,1.0278160011512608e-7
3362,1.0275770354851598e-7
3364,1.0273389514905751e-7
3366,1.0271017470365422e-7
3368,1.0268654199999828e-7
3370,1.0266299682656687e-7
3372,1.026395389726189e-7
3374,1.0261616822819128e-7
3376,1.0259288438409576e-7
3378,1.0256968723191528e-7
3380,1.0254657656400075e-7
3382,1.0252355217346749e-7
3384,1.0250061385419204e-7
3386,1.0247776140080861e-7
3388,1.0245499460870594e-7
3390,1.0243231327402386e-7
3392,1.0240971719365006e-7
3394,1.0238720616521675e-7
3396,1.0236477998709741e-7
3398,1.0234243845840362e-7
3400,1.0232018137898173e-7
3402,1.0229800854940967e-7
3404,1.0227591977099377e-7
3406,1.0225391484576564e-7
3408,1.0223199357647886e-7
3410,1.0221015576660601e-7
3412,1.0218840122033539e-7
3414,1.0216672974256799e-7
3416,1.0214514113891434e-7
3418,1.0212363521569153e-7
3420,1.0210221177992e-7
3422,1.0208087063932057e-7
3424,1.0205961160231144e-7
3426,1.0203843447800511e-7
3428,1.020173390762054e-7
3430,1.0199632520740443e-7
3432,1.0197539268277976e-7
3434,1.0195454131419127e-7
3436,1.019337709141783e-7
3438,1.0191308129595683e-7
3440,1.0189247227341635e-7
3442,1.0187194366111714e-7
3444,1.018514952742873e-7
3446,1.0183112692881996e-7
3448,1.0181083844127032e-7
3450,1.0179062962885294e-7
3452,1.0177050030943878e-7
3454,1.0175045030155248e-7
3456,1.0173047942436964e-7
3458,1.017105874977138e-7
3460,1.0169077434205396e-7
3462,1.0167103977850164e-7
3464,1.0165138362880816e-7
3466,1.0163180571536205e-7
3468,1.0161230586118616e-7
3470,1.015928838899351e-7
3472,1.0157353962589245e-7
3474,1.0155427289396824e-7
3476,1.0153508351969614e-7
3478,1.015159713292309e-7
3480,1.0149693614934574e-7
3482,1.0147797780742963e-7
3484,1.0145909613148487e-7
3486,1.014402909501243e-7
3488,1.0142156209256884e-7
3490,1.0140290938864493e-7
3492,1.0138433266878195e-7
3494,1.0136583176400976e-7
3496,1.0134740650595592e-7
3498,1.0132905672684362e-7
3500,1.0131078225948868e-7
3502,1.0129258293729753e-7
3504,1.0127445859426438e-7
3506,1.0125640906496901e-7
3508,1.0123843418457411e-7
3510,1.01220533788823e-7
3512,1.0120270771403715e-7
3514,1.0118495579711375e-7
3516,1.011672778755234e-7
3518,1.011496737873076e-7
3520,1.0113214337107641e-7
3522,1.0111468646600615e-7
3524,1.0109730291183698e-7
3526,1.0107999254887063e-7
3528,1.0106275521796792e-7
3530,1.0104559076054665e-7
3532,1.0102849901857917e-7
3534,1.0101147983459004e-7
3536,1.0099453305165393e-7
3538,1.0097765851339314e-7
3540,1.0096085606397545e-7
3542,1.0094412554811192e-7
3544,1.0092746681105444e-7
3546,1.0091087969859386e-7
3548,1.0089436405705738e-7
3550,1.0087791973330661e-7
3552,1.0086154657473527e-7
3554,1.0084524442926706e-7
3556,1.0082901314535345e-7
3558,1.008128525719715e-7
3560,1.007967625586218e-7
3562,1.0078074295532615e-7
3564,1.0076479361262569e-7
3566,1.007489143815785e-7
3568,1.0073310511375776e-7
3570,1.0071736566124939e-7
3572,1.0070169587665015e-7
3574,1.0068609561306555e-7
3576,1.0067056472410764e-7
3578,1.0065510306389312e-7
3580,1.0063971048704114e-7
3582,1.0062438684867141e-7
3584,1.0060913200440207e-7
3586,1.0059394581034767e-7
3588,1.0057882812311729e-7
3590,1.0056377879981233e-7
3592,1.005487976980247e-7
3594,1.0053388467583476e-7
3596,1.005190395918094e-7
3598,1.0050426230499996e-7
3600,1.0048955267494048e-7
3602,1.0047491056164557e-7
3604,1.0046033582560856e-7
3606,1.0044582832779959e-7
3608,1.0043138792966367e-7
3610,1.0041701449311875e-7
3612,1.0040270788055392e-7
3614,1.0038846795482742e-7
3616,1.0037429457926482e-7
3618,1.0036018761765714e-7
3620,1.0034614693425898e-7
3622,1.0033217239378669e-7
3624,1.0031826386141649e-7
3626,1.0030442120278273e-7
3628,1.0029064428397592e-7
3630,1.0027693297154111e-7
3632,1.0026328713247586e-7
3634,1.0024970663422863e-7
3636,1.0023619134469688e-7
3638,1.0022274113222537e-7
3640,1.0020935586560431e-7
3642,1.0019603541406761e-7
3644,1.0018277964729126e-7
3646,1.0016958843539136e-7
3648,1.0015646164892252e-7
3650,1.0014339915887616e-7
3652,1.0013040083667866e-7
3654,1.0011746655418977e-7
3656,1.0010459618370085e-7
3658,1.0009178959793319e-7
3660,1.0007904667003624e-7
3662,1.0006636727358613e-7
3664,1.000537512825837e-7
3666,1.0004119857145317e-7
3668,1.0002870901504019e-7
3670,1.0001628248861036e-7
3672,1.0000391886784756e-7
3674,9.999161802885228e-8
3676,9.997937984813999e-8
3678,9.996720420263957e-8
3680,9.995509096969172e-8
3682,9.994304002704719e-8
3684,9.993105125286542e-8
3686,9.99191245257128e-8
3688,9.990725972456108e-8
3690,9.989545672878593e-8
3692,9.988371541816518e-8
3694,9.987203567287744e-8
3696,9.986041737350051e-8
3698,9.984886040100966e-8
3700,9.983736463677641e-8
3702,9.982592996256667e-8
3704,9.98145562605395e-8
3706,9.980324341324537e-8
3708,9.979199130362481e-8
3710,9.97807998150068e-8
3712,9.976966883110735e-8
3714,9.975859823602802e-8
3716,9.974758791425429e-8
3718,9.973663775065436e-8
3720,9.972574763047739e-8
3722,9.971491743935222e-8
3724,9.970414706328589e-8
3726,9.969343638866218e-8
3728,9.96827853022401e-8
3730,9.967219369115257e-8
3732,9.966166144290498e-8
3734,9.965118844537363e-8
3736,9.964077458680453e-8
3738,9.96304197558118e-8
3740,9.96201238413764e-8
3742,9.960988673284474e-8
3744,9.959970831992706e-8
3746,9.958958849269647e-8
3748,9.957952714158712e-8
3750,9.956952415739318e-8
3752,9.955957943126735e-8
3754,9.95496928547194e-8
3756,9.9539864319615e-8
3758,9.953009371817426e-8
3760,9.95203809429705e-8
3762,9.951072588692868e-8
3764,9.950112844332444e-8
3766,9.949158850578245e-8
3768,9.948210596827527e-8
3770,9.947268072512202e-8
3772,9.946331267098701e-8
3774,9.945400170087857e-8
3776,9.944474771014764e-8
3778,9.943555059448647e-8
3780,9.942641024992758e-8
3782,9.941732657284208e-8
3784,9.940829945993888e-8
3786,9.939932880826297e-8
3788,9.939041451519451e-8
3790,9.938155647844745e-8
3792,9.93727545960682e-8
3794,9.93640087664346e-8
3796,9.935531888825444e-8
3798,9.934668486056451e-8
3800,9.93381065827291e-8
3802,9.932958395443903e-8
3804,9.932111687571016e-8
3806,9.931270524688254e-8
3808,9.930434896861892e-8
3810,9.929604794190368e-8
3812,9.928780206804162e-8
3814,9.927961124865676e-8
3816,9.927147538569119e-8
3818,9.926339438140393e-8
3820,9.925536813836964e-8
3822,9.924739655947759e-8
3824,9.923947954793046e-8
3826,9.923161700724314e-8
3828,9.922380884124164e-8
3830,9.921605495406193e-8
3832,9.92083552501488e-8
3834,9.920070963425477e-8
3836,9.919311801143893e-8
3838,9.91855802870657e-8
3840,9.917809636680399e-8
3842,9.91706661566258e-8
3844,9.916328956280538e-8
3846,9.915596649191781e-8
3848,9.914869685083826e-8
3850,9.914148054674066e-8
3852,9.913431748709665e-8
3854,9.912720757967454e-8
3856,9.912015073253822e-8
3858,9.911314685404612e-8
3860,9.910619585285005e-8
3862,9.909929763789425e-8
3864,9.909245211841424e-8
3866,9.908565920393581e-8
3868,9.907891880427404e-8
3870,9.907223082953202e-8
3872,9.906559519010013e-8
3874,9.905901179665474e-8
3876,9.90524805601574e-8
3878,9.904600139185354e-8
3880,9.903957420327177e-8
3882,9.90331989062226e-8
3884,9.902687541279758e-8
3886,9.902060363536821e-8
3888,9.901438348658497e-8
3890,9.900821487937636e-8
3892,9.900209772694783e-8
3894,9.899603194278079e-8
3896,9.899001744063172e-8
3898,9.898405413453109e-8
3900,9.897814193878245e-8
3902,9.897228076796137e-8
3904,9.896647053691458e-8
3906,9.896071116075892e-8
3908,9.895500255488041e-8
3910,9.894934463493332e-8
3912,9.894373731683915e-8
3914,9.893818051678577e-8
3916,9.893267415122638e-8
3918,9.892721813687865e-8
3920,9.892181239072376e-8
3922,9.891645683000542e-8
3924,9.891115137222908e-8
3926,9.890589593516076e-8
3928,9.890069043682641e-8
3930,9.889553479551078e-8
3932,9.889042892975667e-8
3934,9.888537275836391e-8
3936,9.888036620038842e-8
3938,9.887540917514154e-8
3940,9.887050160218881e-8
3942,9.886564340134931e-8
3944,9.886083449269477e-8
3946,9.885607479654851e-8
3948,9.885136423348472e-8
3950,9.884670272432752e-8
3952,9.884209019015014e-8
3954,9.883752655227391e-8
3956,9.88330117322676e-8
3958,9.882854565194642e-8
3960,9.88241282333711e-8
3962,9.881975939884731e-8
3964,9.881543907092442e-8
3966,9.881116717239503e-8
3968,9.880694362629386e-8
3970,9.880276835589699e-8
3972,9.879864128472117e-8
3974,9.879456233652266e-8
3976,9.879053143529676e-8
3978,9.878654850527678e-8
3980,9.878261347093313e-8
3982,9.877872625697282e-8
3984,9.877488678833831e-8
3986,9.877109499020697e-8
3988,9.876735078798996e-8
3990,9.87636541073318e-8
3992,9.876000487410925e-8
3994,9.875640301443068e-8
3996,9.875284845463521e-8
3998,9.874934112129197e-8
4000,9.874588094119929e-8
